term,meaning,occurrence_count,chapters,source_files,is_aristotelian,genus,differentia,reason,suggested_genus,suggested_differentia,classification_error
accounting equation,Assets=Liabilities+Owner’sEquity | assets=liabilities+owner’s equity,2,Economic Basis for Accrual Accounting; The Balance Sheet,osbooks-principles-finance\modules\m00026\index.cnxml; osbooks-principles-finance\modules\m00032\index.cnxml,no,,,not a category,a fundamental equation in accounting,"that shows the relationship between assets, liabilities, and owner's equity",
accounts receivable aging schedule,"a report that shows amounts owed by customers by the age of the account, as measured by the number of days since the sale",1,Receivables Management,osbooks-principles-finance\modules\m00123\index.cnxml,yes,a report,"that shows amounts owed by customers by the age of the account, as measured by the number of days since the sale",,,,
accounts receivable turnover ratio,measures how many times in a period (usually a year) a company will collect cash from accounts receivable,1,Operating Efficiency Ratios,osbooks-principles-finance\modules\m00041\index.cnxml,no,,,no genus stated,a financial ratio,that measures how many times in a period (usually a year) a company will collect cash from accounts receivable,
accrual basis,"accounting system in which revenue is recorded or recognized when earned yet not necessarily received, and in which expenses are recorded when legally incurred and not necessarily when paid",1,The Statement of Cash Flows,osbooks-principles-finance\modules\m00035\index.cnxml,yes,accounting system,"in which revenue is recorded or recognized when earned yet not necessarily received, and in which expenses are recorded when legally incurred and not necessarily when paid",,,,
accrual-basis accounting,"an accounting system in which revenue is recorded or recognized when earned yet not necessarily received, and in which expenses are recorded when legally incurred and not necessarily when paid",1,Cash versus Accrual Accounting,osbooks-principles-finance\modules\m00025\index.cnxml,yes,an accounting system,"in which revenue is recorded or recognized when earned yet not necessarily received, and in which expenses are recorded when legally incurred and not necessarily when paid",,,,
after-tax cost of debt,the net cost of interest on a company’s debt after taxes; the firm’s effective cost of debt,1,The Costs of Debt and Equity Capital,osbooks-principles-finance\modules\m00107\index.cnxml,no,,,circular,cost of debt,that is net of taxes,
agency theory,"a principle that is used to explain and resolve issues in the relationship between business principals and their agents, most commonly between shareholders (principals) and company executives (agents)",1,Agency Issues: Shareholders and Corporate Boards,osbooks-principles-finance\modules\m00014\index.cnxml,yes,a principle,"that is used to explain and resolve issues in the relationship between business principals and their agents, most commonly between shareholders (principals) and company executives (agents)",,,,
agent,a person who acts on behalf of another person or group,1,Agency Issues: Shareholders and Corporate Boards,osbooks-principles-finance\modules\m00014\index.cnxml,yes,a person,who acts on behalf of another person or group,,,,
allowance for doubtful accounts,an account that contains the estimated amount of accounts receivable that will not be collected,1,Receivables Management,osbooks-principles-finance\modules\m00123\index.cnxml,yes,an account,that contains the estimated amount of accounts receivable that will not be collected,,,,
American option,an option that the holder can exercise at any time up to and including the exercise date,1,Exchange Rates and Risk,osbooks-principles-finance\modules\m00129\index.cnxml,yes,an option,that the holder can exercise at any time up to and including the exercise date,,,,
amortization,"the process of spreading business costs in accounting; similar to depreciation, but differs in that it generally refers to intangible assets such as patents or copyrights",1,Multiple Approaches to Stock Valuation,osbooks-principles-finance\modules\m00067\index.cnxml,yes,the process of spreading business costs in accounting,"similar to depreciation, but differs in that it generally refers to intangible assets such as patents or copyrights",,,,
annual meeting,a meeting of the general membership and shareholders of a corporation; also known as an annual general meeting (AGM),1,"Interacting with Investors, Intermediaries, and Other Market Participants",osbooks-principles-finance\modules\m00015\index.cnxml,yes,a meeting,of the general membership and shareholders of a corporation,,,,
annual report,a document describing a public corporation’s operations and financial condition that must be provided to shareholders once per year; also known as Securities and Exchange Commission (SEC) Form 10-K,1,"Interacting with Investors, Intermediaries, and Other Market Participants",osbooks-principles-finance\modules\m00015\index.cnxml,yes,a document,describing a public corporation’s operations and financial condition that must be provided to shareholders once per year,,,,
annuity,"a stream of regular, periodic payments to be received or paid",1,Annuities,osbooks-principles-finance\modules\m00053\index.cnxml,yes,"a stream of regular, periodic payments",to be received or paid,,,,
annuity due,a stream of periodic payments in which the payment or receipt occurs at the beginning of each period,1,Annuities,osbooks-principles-finance\modules\m00053\index.cnxml,yes,a stream of periodic payments,in which the payment or receipt occurs at the beginning of each period,,,,
appreciate,when one unit of a currency will purchase more of a foreign currency than it did previously,1,Exchange Rates and Risk,osbooks-principles-finance\modules\m00129\index.cnxml,no,,,no genus stated,a change in currency value,where one unit of a currency will purchase more of a foreign currency than it did previously,
arithmetic average return,the sum of an asset’s annual returns over a number of years divided by the number of years,1,Risk and Return to an Individual Asset,osbooks-principles-finance\modules\m00093\index.cnxml,yes,the sum of an asset’s annual returns over a number of years,divided by the number of years,,,,
arithmetic mean,"a measure of center of a data set, calculated by adding up the data values and dividing the sum by the number of data values",1,Measures of Center,osbooks-principles-finance\modules\m00078\index.cnxml,yes,a measure of center of a data set,calculated by adding up the data values and dividing the sum by the number of data values,,,,
articles of incorporation,a set of formal documents filed with a government body to legally document the creation of a corporation,1,Business Structures,osbooks-principles-finance\modules\m00011\index.cnxml,yes,a set of formal documents,filed with a government body to legally document the creation of a corporation,,,,
assets,"tangible or intangible resources owned or controlled by a company, individual, or other entity with the intent that they will provide economic value",1,The Balance Sheet,osbooks-principles-finance\modules\m00032\index.cnxml,yes,tangible or intangible resources,"owned or controlled by a company, individual, or other entity with the intent that they will provide economic value",,,,
bad debt expense,an expense that a business incurs as a result of uncollectible accounts receivables,1,Receivables Management,osbooks-principles-finance\modules\m00123\index.cnxml,yes,an expense,that a business incurs as a result of uncollectible accounts receivables,,,,
balance sheet,"a financial statement that reflects a firm’s asset, liability, and equity account balances at a given point in time",1,The Importance of Forecasting,osbooks-principles-finance\modules\m00113\index.cnxml,yes,a financial statement,"that reflects a firm’s asset, liability, and equity account balances at a given point in time",,,,
bankruptcies,federal court procedures that protect distressed businesses from creditor collection efforts while allowing the debtor firm to liquidate its assets or devise a reorganization plan,1,Receivables Management,osbooks-principles-finance\modules\m00123\index.cnxml,yes,federal court procedures,that protect distressed businesses from creditor collection efforts while allowing the debtor firm to liquidate its assets or devise a reorganization plan,,,,
bar graph,a chart that presents categorical data in a summarized form based on frequency or relative frequency,1,Data Visualization and Graphical Displays,osbooks-principles-finance\modules\m00083\index.cnxml,yes,a chart,that presents categorical data in a summarized form based on frequency or relative frequency,,,,
benchmarking,"the process of performance analysis that involves comparing financial condition and operating results against a standard, called a benchmark",1,What Is Working Capital?,osbooks-principles-finance\modules\m00120\index.cnxml,yes,the process of performance analysis,"that involves comparing financial condition and operating results against a standard, called a benchmark",,,,
best-fit linear regression model,"an equation of the form y^=a+bx that provides the best-fit straight line to the (x, y) data points",1,Best-Fit Linear Model,osbooks-principles-finance\modules\m00089\index.cnxml,yes,an equation of the form y^=a+bx,"that provides the best-fit straight line to the (x, y) data points",,,,
beta,the measure of the volatility of a stock as compared to a benchmark such as the S&P 500 index | a measure of how a stock moves relative to the market,2,Regression Applications in Finance; The Capital Asset Pricing Model (CAPM),osbooks-principles-finance\modules\m00090\index.cnxml; osbooks-principles-finance\modules\m00095\index.cnxml,yes,the measure of the volatility of a stock,as compared to a benchmark such as the S&P 500 index | a measure of how a stock moves relative to the market,,,,
bill of lading,a document that is a detailed list of a goods that have been shipped; a receipt given by the carrier (shipping company) to the seller as evidence that the goods have been shipped to the buyer,1,What Is Trade Credit?,osbooks-principles-finance\modules\m00121\index.cnxml,yes,a document,that is a detailed list of a goods that have been shipped; a receipt given by the carrier (shipping company) to the seller as evidence that the goods have been shipped to the buyer,,,,
bivariate data,paired data in which each value of one variable is paired with a value of a second variable,1,Data Visualization and Graphical Displays,osbooks-principles-finance\modules\m00083\index.cnxml,yes,paired data,in which each value of one variable is paired with a value of a second variable,,,,
board of directors (BOD),a group of people who jointly supervise the activities of an organization,1,Business Structures,osbooks-principles-finance\modules\m00011\index.cnxml,yes,a group of people,who jointly supervise the activities of an organization,,,,
bond call,a feature of certain bonds or other fixed-income instruments that allows the issuer to repurchase and retire these instruments before maturity,1,Risks of Interest Rates and Default,osbooks-principles-finance\modules\m00064\index.cnxml,yes,a feature of certain bonds or other fixed-income instruments,that allows the issuer to repurchase and retire these instruments before maturity,,,,
bond price,"the present, discounted value of the future cash stream generated by a bond; the sum of the present values of all likely coupon payments and the present value of the par value at maturity",1,Characteristics of Bonds,osbooks-principles-finance\modules\m00061\index.cnxml,yes,"the present, discounted value",of the future cash stream generated by a bond; the sum of the present values of all likely coupon payments and the present value of the par value at maturity,,,,
bond ratings,grades assigned to bonds by rating services that indicate their overall credit quality,1,Risks of Interest Rates and Default,osbooks-principles-finance\modules\m00064\index.cnxml,yes,grades,assigned to bonds by rating services that indicate their overall credit quality,,,,
bond returns,sums the periodic interest payments and the change in bond price in a given period and divides by the bond price at the beginning of the period,1,Historical Picture of Returns to Bonds,osbooks-principles-finance\modules\m00075\index.cnxml,no,,,no genus stated,a measure,that sums the periodic interest payments and the change in bond price in a given period and divides by the bond price at the beginning of the period,
book value per share,total book value (assets – liabilities) of a firm expressed on a per-share basis,1,Market Value Ratios,osbooks-principles-finance\modules\m00044\index.cnxml,yes,total book value (assets – liabilities) of a firm,expressed on a per-share basis,,,,
brokers,individuals or a firm that brings together potential buyers and sellers of a product and receives a commission at transaction,1,Markets and Participants,osbooks-principles-finance\modules\m00006\index.cnxml,yes,individuals or a firm,that brings together potential buyers and sellers of a product and receives a commission at transaction,,,,
Bureau of Labor Statistics,"a group within the United States Department of Labor that is the primary fact-finding agency for the US government in the fields of labor, statistics, and economics; serves as the principal agency of the US Federal Statistical System",1,Applications of TVM in Finance,osbooks-principles-finance\modules\m00050\index.cnxml,yes,a group within the United States Department of Labor,"that is the primary fact-finding agency for the US government in the fields of labor, statistics, and economics; serves as the principal agency of the US Federal Statistical System",,,,
business cycle,a period of economic expansion followed by economic contraction,1,Business Cycles and Economic Activity,osbooks-principles-finance\modules\m00020\index.cnxml,yes,a period,of economic expansion followed by economic contraction,,,,
Business Cycle Dating Committee,"a subdivision of the National Bureau of Economic Research (NBER), the US government agency that maintains a chronology of US business cycles",1,Using the Yield Curve,osbooks-principles-finance\modules\m00063\index.cnxml,yes,a subdivision of the National Bureau of Economic Research (NBER),the US government agency that maintains a chronology of US business cycles,,,,
business finance,the study and application of how managers can apply financial principles to maximize the value of a firm in a risky environment,1,What Is Finance?,osbooks-principles-finance\modules\m00002\index.cnxml,yes,the study and application,of how managers can apply financial principles to maximize the value of a firm in a risky environment,,,,
C corporation,"a legal structure for a corporation in which the owners, or shareholders, are taxed separately from the entity",1,Business Structures,osbooks-principles-finance\modules\m00011\index.cnxml,yes,a legal structure for a corporation,"in which the owners, or shareholders, are taxed separately from the entity",,,,
call option,"an option that gives the owner the right, but not the obligation, to buy the underlying asset at a specified price on some future date",1,Exchange Rates and Risk,osbooks-principles-finance\modules\m00129\index.cnxml,yes,an option,"that gives the owner the right, but not the obligation, to buy the underlying asset at a specified price on some future date",,,,
call risk,the risk that a bond issuer will redeem a callable bond prior to maturity,1,Risks of Interest Rates and Default,osbooks-principles-finance\modules\m00064\index.cnxml,yes,the risk,that a bond issuer will redeem a callable bond prior to maturity,,,,
capital,a company’s sources of financing,1,The Concept of Capital Structure,osbooks-principles-finance\modules\m00106\index.cnxml,yes,sources of financing,a company’s,,,,
capital asset pricing model (CAPM),"the expected return of a security, equal to the risk-free rate plus a premium for the amount of risk taken",1,The Capital Asset Pricing Model (CAPM),osbooks-principles-finance\modules\m00095\index.cnxml,yes,the expected return of a security,equal to the risk-free rate plus a premium for the amount of risk taken,,,,
capital budgeting,the process of determining which long-term or fixed assets to acquire in an effort to maximize shareholder value | the process a business follows to evaluate potential major projects or investments,2,What Is Finance?; Payback Period Method,osbooks-principles-finance\modules\m00002\index.cnxml; osbooks-principles-finance\modules\m00099\index.cnxml,yes,the process,of determining which long-term or fixed assets to acquire in an effort to maximize shareholder value,,,,
capital employed,also known as funds employed; the total amount of capital used for the acquisition of profits by a firm or on a project,1,Multiple Approaches to Stock Valuation,osbooks-principles-finance\modules\m00067\index.cnxml,yes,the total amount of capital,used for the acquisition of profits by a firm or on a project,,,,
capital gain yield,the difference between the price a stock is sold for and the price that was originally paid for it divided by the price originally paid,1,Risk and Return to an Individual Asset,osbooks-principles-finance\modules\m00093\index.cnxml,no,,,no genus stated,a measure of return,calculated as the difference between the price a stock is sold for and the price that was originally paid for it divided by the price originally paid,
capital gains,the increase in a capital asset’s value that is realized when the asset is sold,1,Risks of Interest Rates and Default,osbooks-principles-finance\modules\m00064\index.cnxml,yes,the increase in a capital asset’s value,that is realized when the asset is sold,,,,
capital investment,a major expenditure that requires a large up-front investment and is expected to generate substantial cash inflow in return,1,Timing of Cash Flows,osbooks-principles-finance\modules\m00058\index.cnxml,yes,a major expenditure,that requires a large up-front investment and is expected to generate substantial cash inflow in return,,,,
capital market,"market for longer-term financial instruments, such as stocks and bonds, used to finance long-term projects for organizations",1,Financial Instruments,osbooks-principles-finance\modules\m00008\index.cnxml,yes,market for longer-term financial instruments,"such as stocks and bonds, used to finance long-term projects for organizations",,,,
capital structure,"the mix of financing, usually debt and equity, used by a firm | the percentages of a company’s assets that are financed by debt capital, preferred stock capital, and common stock capital",2,What Is Finance?; The Concept of Capital Structure,osbooks-principles-finance\modules\m00002\index.cnxml; osbooks-principles-finance\modules\m00106\index.cnxml,yes,the mix of financing,"usually debt and equity, used by a firm | the percentages of a company’s assets that are financed by debt capital, preferred stock capital, and common stock capital",,,,
capitalize,the process in which a long-term asset is recorded on the balance sheet and its allocated costs are expensed on the income statement over the asset’s economic life,1,When Should a Company Capitalize or Expense an Item?,osbooks-principles-finance\modules\m00028\index.cnxml,yes,the process,in which a long-term asset is recorded on the balance sheet and its allocated costs are expensed on the income statement over the asset’s economic life,,,,
carrying costs,"all costs associated with having inventory in stock including storage costs, insurance, inventory obsolescence, and spoilage",1,Inventory Management,osbooks-principles-finance\modules\m00124\index.cnxml,yes,all costs associated with having inventory in stock,"including storage costs, insurance, inventory obsolescence, and spoilage",,,,
cash basis,method of accounting in which transactions are not recorded in the financial statements until there is an exchange of cash,1,The Statement of Cash Flows,osbooks-principles-finance\modules\m00035\index.cnxml,yes,method of accounting,in which transactions are not recorded in the financial statements until there is an exchange of cash,,,,
cash budget,"a report that shows an estimation of cash inflows, outflows, and cash balances over a specific period of time, such as monthly, quarterly, or annually",1,Cash Management,osbooks-principles-finance\modules\m00122\index.cnxml,yes,a report,"that shows an estimation of cash inflows, outflows, and cash balances over a specific period of time, such as monthly, quarterly, or annually",,,,
cash cycle or cash conversion cycle,"the time period (measured in days) between when a business begins production and acquires resources from its suppliers (for example, acquisition of materials and other forms of inventory) and when it receives cash from its customers; offset by the time it takes to pay suppliers (called the payables deferral period)",1,What Is Working Capital?,osbooks-principles-finance\modules\m00120\index.cnxml,yes,the time period,"(measured in days) between when a business begins production and acquires resources from its suppliers (for example, acquisition of materials and other forms of inventory) and when it receives cash from its customers; offset by the time it takes to pay suppliers (called the payables deferral period)",,,,
cash deficit,an excess of cash outflows over cash inflows for a given period,1,Forecasting Cash Flow and Assessing the Value of Growth,osbooks-principles-finance\modules\m00117\index.cnxml,yes,an excess,of cash outflows over cash inflows for a given period,,,,
cash discount,discount granted to a customer who has purchased goods or services on account (credit) and pays the invoice within a certain number of days as specified by credit terms,1,What Is Trade Credit?,osbooks-principles-finance\modules\m00121\index.cnxml,yes,discount,granted to a customer who has purchased goods or services on account (credit) and pays the invoice within a certain number of days as specified by credit terms,,,,
cash flow,"the amount of cash actually flowing into and out of a business, as opposed to income (which is based on accounting rules, accruals, and reports)",1,Timing of Cash Flows,osbooks-principles-finance\modules\m00058\index.cnxml,no,,,no clear genus stated,amount of cash,"actually flowing into and out of a business, as opposed to income (which is based on accounting rules, accruals, and reports)",
cash forecast,a financial statement that estimates a firm’s future cash inflows and outflows,1,Forecasting Cash Flow and Assessing the Value of Growth,osbooks-principles-finance\modules\m00117\index.cnxml,yes,a financial statement,that estimates a firm’s future cash inflows and outflows,,,,
cash rate,"the interest rate that a central bank, such as the Reserve Bank of Australia or the US Federal Reserve System, will charge commercial banks for loans; also known as the bank rate or the base interest rate",1,Using the Yield Curve,osbooks-principles-finance\modules\m00063\index.cnxml,yes,the interest rate,"that a central bank, such as the Reserve Bank of Australia or the US Federal Reserve System, will charge commercial banks for loans",,,,
cash ratio,represents the firm’s cash and cash equivalents divided by current liabilities; often used by investors and lender to assess an organization’s liquidity,1,Liquidity Ratios,osbooks-principles-finance\modules\m00042\index.cnxml,yes,a ratio,that represents the firm’s cash and cash equivalents divided by current liabilities; often used by investors and lender to assess an organization’s liquidity,,,,
cash surplus,an excess of cash inflows over cash outflows for a given period,1,Forecasting Cash Flow and Assessing the Value of Growth,osbooks-principles-finance\modules\m00117\index.cnxml,yes,an excess,of cash inflows over cash outflows for a given period,,,,
cash-basis accounting,a method of accounting in which transactions are not recorded in the financial statements until there is an exchange of cash,1,Cash versus Accrual Accounting,osbooks-principles-finance\modules\m00025\index.cnxml,yes,a method of accounting,in which transactions are not recorded in the financial statements until there is an exchange of cash,,,,
ceteris paribus,holding all other things constant,1,Microeconomics,osbooks-principles-finance\modules\m00018\index.cnxml,no,,,not a category,an assumption,that all other things are held constant,
chief financial officer (CFO),"an executive-level officer who sets policy for working capital management, determines optimal capital structure for the firm, and makes the final decision in matters of capital budgeting",1,The Role of Finance in an Organization,osbooks-principles-finance\modules\m00003\index.cnxml,yes,an executive-level officer,"who sets policy for working capital management, determines optimal capital structure for the firm, and makes the final decision in matters of capital budgeting",,,,
close (closely held) corporation,a company that has only a limited number of shareholders,1,Business Structures,osbooks-principles-finance\modules\m00011\index.cnxml,yes,a company,that has only a limited number of shareholders,,,,
commercial paper (CP),"short-term, unsecured financial obligations issued by firms as a means of short-term financing for items such as inventory or payables | a short-term, unsecured security issued by corporations and financial institutions to meet short-term financing needs such as inventory and receivables",2,Financial Instruments; Overview of US Financial Markets,osbooks-principles-finance\modules\m00008\index.cnxml; osbooks-principles-finance\modules\m00073\index.cnxml,yes,financial obligations,"short-term, unsecured, issued by firms as a means of short-term financing for items such as inventory or payables",,,,
common stock,a security that represents partial ownership of a corporation,1,Multiple Approaches to Stock Valuation,osbooks-principles-finance\modules\m00067\index.cnxml,yes,a security,that represents partial ownership of a corporation,,,,
common-size,describes a financial statement in which each element is expressed as a percentage of a base amount,1,The Importance of Forecasting,osbooks-principles-finance\modules\m00113\index.cnxml,yes,a financial statement,in which each element is expressed as a percentage of a base amount,,,,
comparable company analysis (comps),a method for valuating a company using the metrics of other businesses of similar size in the same industry,1,Multiple Approaches to Stock Valuation,osbooks-principles-finance\modules\m00067\index.cnxml,yes,a method for valuating a company,using the metrics of other businesses of similar size in the same industry,,,,
compensating balance,minimum balance of cash that a business must deposit and maintain in a bank account to obtain a loan,1,Cash Management,osbooks-principles-finance\modules\m00122\index.cnxml,yes,minimum balance of cash,that a business must deposit and maintain in a bank account to obtain a loan,,,,
compounding interest,"the continual addition of interest to the original principal sum of a loan or deposit, often referred to as interest on interest",1,Applications of TVM in Finance,osbooks-principles-finance\modules\m00050\index.cnxml,yes,the continual addition of interest,to the original principal sum of a loan or deposit,,,,
compounding period,the period between points in time when interest is paid or added to the principal,1,Applications of TVM in Finance,osbooks-principles-finance\modules\m00050\index.cnxml,yes,the period,between points in time when interest is paid or added to the principal,,,,
comptroller,"also referred to as controller, individual in charge of financial reporting and the oversight of the accounting activities necessary to develop financial reports",1,The Role of Finance in an Organization,osbooks-principles-finance\modules\m00003\index.cnxml,yes,individual,in charge of financial reporting and the oversight of the accounting activities necessary to develop financial reports,,,,
conference call,"a meeting or presentation conducted via telephone or internet to relay company information to all interested parties, including institutional and individual investors, as well as buy-and-sell side analysts; also known as an earnings conference call",1,"Interacting with Investors, Intermediaries, and Other Market Participants",osbooks-principles-finance\modules\m00015\index.cnxml,yes,a meeting or presentation,"conducted via telephone or internet to relay company information to all interested parties, including institutional and individual investors, as well as buy-and-sell side analysts",,,,
constant perpetuity,a stream of periodic payments that is expected to continue indefinitely with no change in the amount paid or received,1,Perpetuities,osbooks-principles-finance\modules\m00052\index.cnxml,yes,a stream of periodic payments,that is expected to continue indefinitely with no change in the amount paid or received,,,,
consumer price index (CPI),"a measure of inflation based on the cost of a market basket of goods that a typical urban family of four might purchase | a measure that examines the weighted average of prices of a basket of consumer goods and services such as transportation, food, and medical care",2,Macroeconomics; Applications of TVM in Finance,osbooks-principles-finance\modules\m00019\index.cnxml; osbooks-principles-finance\modules\m00050\index.cnxml,yes,a measure of inflation,based on the cost of a market basket of goods that a typical urban family of four might purchase,,,,
contra-asset,"an account with a balance that is used to offset (reduce) its related asset on the balance sheet (for example, allowance for doubtful accounts reduces the value of accounts receivable reported on the balance sheet)",1,Receivables Management,osbooks-principles-finance\modules\m00123\index.cnxml,yes,an account,with a balance that is used to offset (reduce) its related asset on the balance sheet,,,,
conversion price,the face value of a convertible bond divided by its conversion ratio,1,Alternative Sources of Funds,osbooks-principles-finance\modules\m00111\index.cnxml,yes,the face value of a convertible bond,divided by its conversion ratio,,,,
conversion ratio,the number of shares of common stock receivable for each convertible bond that is converted,1,Alternative Sources of Funds,osbooks-principles-finance\modules\m00111\index.cnxml,yes,the number of shares of common stock,receivable for each convertible bond that is converted,,,,
convertible bonds,fixed-income corporate debt securities that yield interest payments but can be converted into a predetermined number of common stock or equity shares | bonds that can be converted into a fixed number of shares of common stock upon maturity,2,Characteristics of Bonds; Alternative Sources of Funds,osbooks-principles-finance\modules\m00061\index.cnxml; osbooks-principles-finance\modules\m00111\index.cnxml,yes,fixed-income corporate debt securities,that yield interest payments but can be converted into a predetermined number of common stock or equity shares,,,,
core inflation index,a measure of inflation that removes food and energy prices from the CPI,1,Macroeconomics,osbooks-principles-finance\modules\m00019\index.cnxml,yes,a measure of inflation,that removes food and energy prices from the CPI,,,,
corporate governance,"the system of rules, practices, and processes by which a firm is directed and controlled",1,Role of the Board of Directors,osbooks-principles-finance\modules\m00013\index.cnxml,yes,system,"of rules, practices, and processes by which a firm is directed and controlled",,,,
corporation,a legal entity that is separate and distinct from its owners,1,Business Structures,osbooks-principles-finance\modules\m00011\index.cnxml,yes,a legal entity,that is separate and distinct from its owners,,,,
correlation,the measure of association between two numeric variables,1,Correlation Analysis,osbooks-principles-finance\modules\m00086\index.cnxml,yes,the measure,of association between two numeric variables,,,,
correlation coefficient,a measure of the strength and direction of the linear relationship between two variables,1,Correlation Analysis,osbooks-principles-finance\modules\m00086\index.cnxml,yes,a measure,of the strength and direction of the linear relationship between two variables,,,,
coupon payment,the periodic dollar value of interest that is paid to a bondholder by the bond issuer,1,Characteristics of Bonds,osbooks-principles-finance\modules\m00061\index.cnxml,yes,the periodic dollar value of interest,that is paid to a bondholder by the bond issuer,,,,
coupon rate,the amount of annual interest paid by the bond issuer; is multiplied by the face value of a bond to determine annual interest or coupon payment amounts,1,Characteristics of Bonds,osbooks-principles-finance\modules\m00061\index.cnxml,no,,,no genus stated,a rate,"that determines the amount of annual interest paid by the bond issuer, multiplied by the face value of a bond to determine annual interest or coupon payment amounts",
credit,a record of financial information on the right side of an account,1,Economic Basis for Accrual Accounting,osbooks-principles-finance\modules\m00026\index.cnxml,yes,a record of financial information,on the right side of an account,,,,
credit period,the number of days that a business purchaser has before they must pay their invoice,1,What Is Trade Credit?,osbooks-principles-finance\modules\m00121\index.cnxml,yes,the number of days,that a business purchaser has before they must pay their invoice,,,,
credit rating,a type of score that indicates a business’s creditworthiness,1,What Is Working Capital?,osbooks-principles-finance\modules\m00120\index.cnxml,yes,a type of score,that indicates a business’s creditworthiness,,,,
credit risk,the risk taken by a bond investor that the bond issuer will default by failing to pay interest and repay the principal on schedule,1,Risks of Interest Rates and Default,osbooks-principles-finance\modules\m00064\index.cnxml,yes,the risk taken by a bond investor,that the bond issuer will default by failing to pay interest and repay the principal on schedule,,,,
credit terms,"the terms that are part of a sales credit agreement that indicate when payment is due, possible discounts, and any fees that will be charged for a late payment",1,Receivables Management,osbooks-principles-finance\modules\m00123\index.cnxml,yes,the terms that are part of a sales credit agreement,"that indicate when payment is due, possible discounts, and any fees that will be charged for a late payment",,,,
current assets,"asset typically used up, sold, or converted to cash in one year or less | assets that are cash or cash equivalents or are expected to be converted to cash in a short period of time and will be consumed, used, or expire through business operations within one year or the business’s operating cycle, whichever is shorter",2,The Balance Sheet; What Is Working Capital?,osbooks-principles-finance\modules\m00032\index.cnxml; osbooks-principles-finance\modules\m00120\index.cnxml,yes,asset,"typically used up, sold, or converted to cash in one year or less | assets that are cash or cash equivalents or are expected to be converted to cash in a short period of time and will be consumed, used, or expire through business operations within one year or the business’s operating cycle, whichever is shorter",,,,
current liabilities,"debt or obligation due within one year or, in rare cases, a company’s standard operating cycle, whichever is greater",1,The Balance Sheet,osbooks-principles-finance\modules\m00032\index.cnxml,yes,debt or obligation,"due within one year or, in rare cases, a company’s standard operating cycle, whichever is greater",,,,
current ratio,current assets divided by current liabilities; used to determine a company’s liquidity (ability to meet short-term obligations),1,Liquidity Ratios,osbooks-principles-finance\modules\m00042\index.cnxml,no,,,not a category,financial ratio,that is calculated by dividing current assets by current liabilities and used to determine a company’s liquidity,
data visualization,"the use of graphical displays, such as bar charts, histograms, and scatter plots, to help interpret patterns and trends in a data set",1,Data Visualization and Graphical Displays,osbooks-principles-finance\modules\m00083\index.cnxml,no,,,gives an example instead of a genus,a technique,that uses graphical displays to help interpret patterns and trends in a data set,
days’ sales in inventory,the number of days it takes a company to turn inventory into sales,1,Operating Efficiency Ratios,osbooks-principles-finance\modules\m00041\index.cnxml,no,,,no genus stated,a metric,that measures the number of days it takes a company to turn inventory into sales,
dealers,facilitate a market and the trading of securities by holding a portfolio of the underlying asset for easy purchase and sale; earn money on the spread between ask and bid prices for the asset,1,Markets and Participants,osbooks-principles-finance\modules\m00006\index.cnxml,yes,facilitate a market and the trading of securities,by holding a portfolio of the underlying asset for easy purchase and sale; earn money on the spread between ask and bid prices for the asset,,,,
debenture,a common type of unsecured bond issued by a corporation,1,Overview of US Financial Markets,osbooks-principles-finance\modules\m00073\index.cnxml,yes,a common type of unsecured bond,issued by a corporation,,,,
debit,a record of financial information on the left side of each account,1,Economic Basis for Accrual Accounting,osbooks-principles-finance\modules\m00026\index.cnxml,yes,a record of financial information,on the left side of each account,,,,
debt-to-assets ratio,measures the portion of debt used by a company relative to the amount of assets,1,Solvency Ratios,osbooks-principles-finance\modules\m00043\index.cnxml,yes,a ratio,that measures the portion of debt used by a company relative to the amount of assets,,,,
debt-to-equity ratio,measures the portion of debt used by a company relative to the amount of stockholders’ equity,1,Solvency Ratios,osbooks-principles-finance\modules\m00043\index.cnxml,yes,a measure,of the portion of debt used by a company relative to the amount of stockholders’ equity,,,,
deep discount bonds,bonds that sell at significantly lower values than their par values,1,Characteristics of Bonds,osbooks-principles-finance\modules\m00061\index.cnxml,yes,bonds,that sell at significantly lower values than their par values,,,,
default,when an issuer fails to make scheduled interest or principal payments on its bonds,1,Characteristics of Bonds,osbooks-principles-finance\modules\m00061\index.cnxml,yes,when an issuer fails to make scheduled interest or principal payments,on its bonds,,,,
default risk,the risk that the issuer of a financial security will be unable to make payments as specified in the terms of a financial contract | the risk taken by investors that payments will be delayed or will not occur,2,What Is Finance?; Risks of Interest Rates and Default,osbooks-principles-finance\modules\m00002\index.cnxml; osbooks-principles-finance\modules\m00064\index.cnxml,yes,the risk,that the issuer of a financial security will be unable to make payments as specified in the terms of a financial contract,,,,
demand,"the quantity of a good or service that consumers are willing and able to purchase during a given time period, ceteris paribus",1,Microeconomics,osbooks-principles-finance\modules\m00018\index.cnxml,yes,the quantity of a good or service,"that consumers are willing and able to purchase during a given time period, ceteris paribus",,,,
depreciate,when one unit of a currency will purchase less of a foreign currency than it did previously,1,Exchange Rates and Risk,osbooks-principles-finance\modules\m00129\index.cnxml,no,,,not a category,a change in value,where one unit of a currency will purchase less of a foreign currency than it did previously,
depreciation,"the process of allocating the costs of a tangible asset over the asset’s economic life | process of allocating the costs of a tangible asset over the asset’s economic life | the process of spreading business costs in accounting; similar to amortization, but differs in that it generally refers to fixed, tangible assets such as buildings, machinery, furniture, fixtures, and equipment",3,When Should a Company Capitalize or Expense an Item?; The Income Statement; Multiple Approaches to Stock Valuation,osbooks-principles-finance\modules\m00028\index.cnxml; osbooks-principles-finance\modules\m00031\index.cnxml; osbooks-principles-finance\modules\m00067\index.cnxml,yes,the process,of allocating the costs of a tangible asset over the asset’s economic life,,,,
derivative,a security that derives its value from another asset,1,Exchange Rates and Risk,osbooks-principles-finance\modules\m00129\index.cnxml,yes,a security,that derives its value from another asset,,,,
direct method,"approach used to determine net cash flows from operating activities, whereby accrual basis revenue and expenses are converted to cash basis collections and payments",1,The Statement of Cash Flows,osbooks-principles-finance\modules\m00035\index.cnxml,yes,approach,"used to determine net cash flows from operating activities, whereby accrual basis revenue and expenses are converted to cash basis collections and payments",,,,
discount bond,a bond currently trading for less than its par value in the secondary market; offers a coupon rate that is lower than prevailing interest rates,1,Bond Valuation,osbooks-principles-finance\modules\m00062\index.cnxml,yes,a bond,currently trading for less than its par value in the secondary market; offers a coupon rate that is lower than prevailing interest rates,,,,
discount period,the number of days the buyer has to take advantage of the cash discount for an early payment,1,What Is Trade Credit?,osbooks-principles-finance\modules\m00121\index.cnxml,yes,the number of days,the buyer has to take advantage of the cash discount for an early payment,,,,
discount rate,"the interest rate used to determine the present value of future cash inflows | an interest rate used in time value of money calculations to determine present value; may derive from several sources, such as stated contract rates, costs to borrow, or expected rates of return on investments",2,Applications of TVM in Finance; Annuities,osbooks-principles-finance\modules\m00050\index.cnxml; osbooks-principles-finance\modules\m00053\index.cnxml,yes,the interest rate,"used to determine the present value of future cash inflows | used in time value of money calculations to determine present value; may derive from several sources, such as stated contract rates, costs to borrow, or expected rates of return on investments",,,,
discounted cash flow (DCF),a method for estimating the value of an investment based on the present value of its expected future cash flows,1,Discounted Cash Flow (DCF) Model,osbooks-principles-finance\modules\m00069\index.cnxml,yes,a method for estimating the value of an investment,based on the present value of its expected future cash flows,,,,
discounted payback period,the length of time it will take for the present value of the future cash inflows of a project to equal the initial cost of the investment,1,Alternative Methods,osbooks-principles-finance\modules\m00102\index.cnxml,yes,the length of time,it will take for the present value of the future cash inflows of a project to equal the initial cost of the investment,,,,
diversifiable risk,"also called unsystematic risk, a risk that can be eliminated without the loss of expected return by holding a portfolio of securities",1,What Is Finance?,osbooks-principles-finance\modules\m00002\index.cnxml,yes,a risk,that can be eliminated without the loss of expected return by holding a portfolio of securities,,,,
diversification,holding a variety of assets in a portfolio,1,Risk and Return to Multiple Assets,osbooks-principles-finance\modules\m00094\index.cnxml,yes,holding,a variety of assets in a portfolio,,,,
dividend,a sum of money paid regularly (typically quarterly) by a company to its shareholders out of its profits or reserves,1,Multiple Approaches to Stock Valuation,osbooks-principles-finance\modules\m00067\index.cnxml,yes,a sum of money,paid regularly (typically quarterly) by a company to its shareholders out of its profits or reserves,,,,
dividend discount model (DDM),a quantitative method for predicting the price of a company’s stock based on the theory that its present-day price is worth the sum of all of its future dividend payments when discounted back to their present value,1,Dividend Discount Models (DDMs),osbooks-principles-finance\modules\m00068\index.cnxml,yes,a quantitative method,for predicting the price of a company’s stock based on the theory that its present-day price is worth the sum of all of its future dividend payments when discounted back to their present value,,,,
dividend yield,"a financial ratio (dividend/price) that shows how much a company pays out in dividends each year relative to its stock price, expressed as a percentage | the total dividends received by the owner of a share of stock divided by the price originally paid for the stock",2,Multiple Approaches to Stock Valuation; Risk and Return to an Individual Asset,osbooks-principles-finance\modules\m00067\index.cnxml; osbooks-principles-finance\modules\m00093\index.cnxml,yes,a financial ratio,"that shows how much a company pays out in dividends each year relative to its stock price, expressed as a percentage",,,,
dividends,portion of the net worth (equity) that is returned to owners of a corporation as a reward for their investment,1,The Relationship between the Balance Sheet and the Income Statement,osbooks-principles-finance\modules\m00033\index.cnxml,yes,portion of the net worth (equity),that is returned to owners of a corporation as a reward for their investment,,,,
domestic corporation (in state),a corporation incorporated under the laws of the country or state in which it does business,1,Business Structures,osbooks-principles-finance\modules\m00011\index.cnxml,yes,a corporation,incorporated under the laws of the country or state in which it does business,,,,
double-entry accounting,an accounting method that requires the sum of the debits to equal the sum of the credits for each transaction,1,Economic Basis for Accrual Accounting,osbooks-principles-finance\modules\m00026\index.cnxml,yes,an accounting method,that requires the sum of the debits to equal the sum of the credits for each transaction,,,,
DuPont method,framework for financial analysis that breaks return on equity down into smaller elements,1,Profitability Ratios and the DuPont Method,osbooks-principles-finance\modules\m00045\index.cnxml,yes,framework for financial analysis,that breaks return on equity down into smaller elements,,,,
duration,a measure of how much bond prices are likely to change if and when interest rates move | a measure of interest rate risk,2,Risks of Interest Rates and Default; Interest Rate Risk,osbooks-principles-finance\modules\m00064\index.cnxml; osbooks-principles-finance\modules\m00130\index.cnxml,no,,,circular,a measure,of how much bond prices are likely to change if and when interest rates move,
duration risk,the risk associated with the sensitivity of a bond’s price to a 1% change in interest rates,1,Risks of Interest Rates and Default,osbooks-principles-finance\modules\m00064\index.cnxml,yes,the risk,associated with the sensitivity of a bond’s price to a 1% change in interest rates,,,,
earnings per share (EPS),measures the portion of a corporation’s profit allocated to each outstanding share of common stock | the ratio of a company’s profits to the outstanding shares of its common stock; serves as an indicator of a company’s profitability,2,Market Value Ratios; Multiple Approaches to Stock Valuation,osbooks-principles-finance\modules\m00044\index.cnxml; osbooks-principles-finance\modules\m00067\index.cnxml,yes,a measure,of the portion of a corporation’s profit allocated to each outstanding share of common stock,,,,
EBIT,"short for earnings before interest and taxes; an indicator of a firm’s profitability before the effects of interest or taxes; also referred to as operating earnings, operating profit, and profit before interest and tax",1,Multiple Approaches to Stock Valuation,osbooks-principles-finance\modules\m00067\index.cnxml,no,,,"circular, not a category",an indicator of a firm's profitability,before the effects of interest or taxes,
economic exposure,the risk that a change in exchange rates will impact a business’s sales and number of customers,1,Foreign Exchange Rates,osbooks-principles-finance\modules\m00022\index.cnxml,yes,the risk,that a change in exchange rates will impact a business’s sales and number of customers,,,,
economic risk,the risk that a change in exchange rates will impact the number of customers a business has or its sales,1,Exchange Rates and Risk,osbooks-principles-finance\modules\m00129\index.cnxml,no,,,no genus stated,a type of risk,that a change in exchange rates will impact the number of customers a business has or its sales,
economic value,"the amount a consumer is willing to pay for a particular asset or service, usually greater than or equal to the current market price or present value of the asset",1,Financial Instruments,osbooks-principles-finance\modules\m00008\index.cnxml,yes,the amount,"a consumer is willing to pay for a particular asset or service, usually greater than or equal to the current market price or present value of the asset",,,,
effective annual rate (EAR),returns expressed on an annualized or yearly basis; allows for the comparison of various investments,1,Risk and Return to an Individual Asset,osbooks-principles-finance\modules\m00093\index.cnxml,no,,,no clear genus stated,a rate,that expresses returns on an annualized or yearly basis and allows for the comparison of various investments,
effective interest rate,the interest rate that results when compounding occurs multiple times within a year; the true cost of borrowing,1,Stated versus Effective Rates,osbooks-principles-finance\modules\m00055\index.cnxml,yes,the interest rate,that results when compounding occurs multiple times within a year; the true cost of borrowing,,,,
efficiency ratios,ratios that show how well a company uses and manages its assets,1,Operating Efficiency Ratios,osbooks-principles-finance\modules\m00041\index.cnxml,yes,ratios,that show how well a company uses and manages its assets,,,,
efficient markets,"markets in which costs are minimal and prices are current, fair, and reflective of all available relevant information",1,Efficient Markets,osbooks-principles-finance\modules\m00071\index.cnxml,yes,markets,"in which costs are minimal and prices are current, fair, and reflective of all available relevant information",,,,
"Electronic Data Gathering, Analysis, and Retrieval system (EDGAR)","the primary system for collecting and indexing documents submitted by companies and others under the Securities Act of 1933, the Securities Exchange Act of 1934, the Trust Indenture Act of 1939, and the Investment Company Act of 1940",1,Companies in Domestic and Global Markets,osbooks-principles-finance\modules\m00016\index.cnxml,yes,the primary system,"for collecting and indexing documents submitted by companies and others under the Securities Act of 1933, the Securities Exchange Act of 1934, the Trust Indenture Act of 1939, and the Investment Company Act of 1940",,,,
empirical rule,"a rule that provides the percentages of data values falling within one, two, and three standard deviations from the mean for a bell-shaped (normal) distribution",1,Probability Distributions,osbooks-principles-finance\modules\m00082\index.cnxml,yes,a rule,"that provides the percentages of data values falling within one, two, and three standard deviations from the mean for a bell-shaped (normal) distribution",,,,
enterprise value (EV),a company’s total value; often used as a more comprehensive alternative to equity market capitalization,1,Multiple Approaches to Stock Valuation,osbooks-principles-finance\modules\m00067\index.cnxml,no,,,no genus stated,a measure of value,that represents a company's total value and is often used as a more comprehensive alternative to equity market capitalization,
enterprise value (EV) multiples,"also known as company value multiples; ratios used to determine the overall value of a company and, by extension, the value of its common stock",1,Multiple Approaches to Stock Valuation,osbooks-principles-finance\modules\m00067\index.cnxml,yes,ratios,"used to determine the overall value of a company and, by extension, the value of its common stock",,,,
equal annuity approach,a method of comparing projects of different lives by assuming that the projects can be repeated forever,1,Choosing between Projects,osbooks-principles-finance\modules\m00103\index.cnxml,yes,a method of comparing projects of different lives,by assuming that the projects can be repeated forever,,,,
equilibrium,the point at which the demand and supply curves for a good or service intersect,1,Microeconomics,osbooks-principles-finance\modules\m00018\index.cnxml,yes,the point,at which the demand and supply curves for a good or service intersect,,,,
equilibrium price,the price at which quantity demanded equals quantity supplied,1,Microeconomics,osbooks-principles-finance\modules\m00018\index.cnxml,yes,the price,at which quantity demanded equals quantity supplied,,,,
equity multiples,metrics that calculate the expected or achieved total return on an initial investment,1,Multiple Approaches to Stock Valuation,osbooks-principles-finance\modules\m00067\index.cnxml,yes,metrics,that calculate the expected or achieved total return on an initial investment,,,,
ESG,"environmental, social, and governance (ESG) standards for a company’s operations that socially conscious investors use to screen potential investments",1,Agency Issues: Shareholders and Corporate Boards,osbooks-principles-finance\modules\m00014\index.cnxml,yes,standards,for a company’s operations that socially conscious investors use to screen potential investments,,,,
European option,an option that the holder can exercise only on the expiration date,1,Exchange Rates and Risk,osbooks-principles-finance\modules\m00129\index.cnxml,yes,an option,that the holder can exercise only on the expiration date,,,,
exchange rate,the price of one currency in terms of another currency,1,Exchange Rates and Risk,osbooks-principles-finance\modules\m00129\index.cnxml,yes,the price of one currency,in terms of another currency,,,,
exercise price (strike price),the price the option holder pays for the underlying asset when exercising an option,1,Exchange Rates and Risk,osbooks-principles-finance\modules\m00129\index.cnxml,yes,the price,the option holder pays for the underlying asset when exercising an option,,,,
exercising,choosing to purchase or sell the asset underlying a held option according to the terms of the option contract,1,Exchange Rates and Risk,osbooks-principles-finance\modules\m00129\index.cnxml,yes,choosing to purchase or sell the asset underlying a held option,according to the terms of the option contract,,,,
expansion,the part of the business cycle in which GDP is growing,1,Business Cycles and Economic Activity,osbooks-principles-finance\modules\m00020\index.cnxml,yes,the part of the business cycle,in which GDP is growing,,,,
expected value,a weighted average of the values of a variable where the weights are the associated probabilities,1,Probability Distributions,osbooks-principles-finance\modules\m00082\index.cnxml,yes,a weighted average,of the values of a variable where the weights are the associated probabilities,,,,
expense,a cost associated with providing goods or services,1,Cash versus Accrual Accounting,osbooks-principles-finance\modules\m00025\index.cnxml,yes,a cost,associated with providing goods or services,,,,
expense recognition,"(also, matching principle) matches expenses with associated revenues in the period in which the revenues were generated",1,When Should a Company Capitalize or Expense an Item?,osbooks-principles-finance\modules\m00028\index.cnxml,no,,,no genus stated,an accounting principle,that matches expenses with associated revenues in the period in which the revenues were generated,
expenses,costs associated with providing goods or services,1,The Income Statement,osbooks-principles-finance\modules\m00031\index.cnxml,yes,costs,associated with providing goods or services,,,,
expiration date,the date an option contract expires,1,Exchange Rates and Risk,osbooks-principles-finance\modules\m00129\index.cnxml,no,,,circular,a specific date,when an option contract ceases to be valid,
exponential distribution,a continuous probability distribution that is useful for calculating probabilities within the time between events,1,Statistical Distributions,osbooks-principles-finance\modules\m00081\index.cnxml,yes,a continuous probability distribution,that is useful for calculating probabilities within the time between events,,,,
factoring,"the process of selling accounts receivables to a financial institution or, in some cases, using the accounts receivables as security for a loan from a financial institution",1,What Is Working Capital?,osbooks-principles-finance\modules\m00120\index.cnxml,yes,the process,"of selling accounts receivables to a financial institution or, in some cases, using the accounts receivables as security for a loan from a financial institution",,,,
federal funds rate,the rate targeted by the Federal Reserve in the implementation of monetary policy,1,Financial Instruments,osbooks-principles-finance\modules\m00008\index.cnxml,no,,,no genus stated,interest rate,targeted by the Federal Reserve in the implementation of monetary policy,
Federal Reserve,the central bank system of the United States,1,Applications of TVM in Finance,osbooks-principles-finance\modules\m00050\index.cnxml,yes,the central bank system,of the United States,,,,
Federal Reserve funds rate (federal funds rate),"the target interest rate, set by the Federal Reserve, at which commercial banks borrow and lend their excess reserves to each other",1,Characteristics of Bonds,osbooks-principles-finance\modules\m00061\index.cnxml,yes,the target interest rate,"set by the Federal Reserve, at which commercial banks borrow and lend their excess reserves to each other",,,,
Federal Reserve System (the Fed),"the central banking system of the United States, responsible for administering fiscal policy for the country",1,Bond Valuation,osbooks-principles-finance\modules\m00062\index.cnxml,yes,the central banking system of the United States,responsible for administering fiscal policy for the country,,,,
financial distress,when a firm has trouble meeting debt obligations,1,Optimal Capital Structure,osbooks-principles-finance\modules\m00110\index.cnxml,yes,when a firm has trouble,meeting debt obligations,,,,
financial industry regulatory authority (FINRA),"an independent, nongovernmental organization that writes and enforces the rules governing registered brokers and broker-dealer firms in the United States",1,What Is Finance?,osbooks-principles-finance\modules\m00002\index.cnxml,yes,"an independent, nongovernmental organization",that writes and enforces the rules governing registered brokers and broker-dealer firms in the United States,,,,
financial instrument,"an asset or bundle of assets, including monetary contracts between parties, that can be bought, sold, or traded for financial gain",1,Time Value of Money (TVM) Basics,osbooks-principles-finance\modules\m00048\index.cnxml,yes,an asset or bundle of assets,"including monetary contracts between parties, that can be bought, sold, or traded for financial gain",,,,
financial intermediary,"a commercial bank or a mutual fund investment company that serves as an intermediary to enable easier and more efficient exchanges among transacting parties, often accepting one form of financial asset from which they create another, such as taking demand deposits to create mortgage loans",1,Markets and Participants,osbooks-principles-finance\modules\m00006\index.cnxml,no,,,gives an example instead of a genus,an institution or company,"that serves as an intermediary to enable easier and more efficient exchanges among transacting parties, often accepting one form of financial asset from which they create another, such as taking demand deposits to create mortgage loans",
financial leverage,the debt used in a company’s capital structure,1,The Concept of Capital Structure,osbooks-principles-finance\modules\m00106\index.cnxml,yes,the debt,used in a company’s capital structure,,,,
financial markets and institutions,one of the three main areas of the field of finance; firms and regulatory agencies that oversee our financial system,1,What Is Finance?,osbooks-principles-finance\modules\m00002\index.cnxml,no,,,"multiple definitions, no clear genus for the second part",area of the field of finance,that studies firms and regulatory agencies that oversee our financial system,
financial risk,"the possibility of losing money or purchasing power on an investment, business transaction, or venture or simply due to inflation",1,Time Value of Money (TVM) Basics,osbooks-principles-finance\modules\m00048\index.cnxml,yes,the possibility,"of losing money or purchasing power on an investment, business transaction, or venture or simply due to inflation",,,,
financing activities,cash business transactions reported on the statement of cash flows that reflect the use of financed funds,1,The Importance of Forecasting,osbooks-principles-finance\modules\m00113\index.cnxml,yes,cash business transactions,reported on the statement of cash flows that reflect the use of financed funds,,,,
firm-specific risk,"the risk that an event may impact the expected revenue or costs of a firm, thereby impacting the returns to investors; also known as diversifiable risk",1,Risk and Return to Multiple Assets,osbooks-principles-finance\modules\m00094\index.cnxml,yes,the risk,"that an event may impact the expected revenue or costs of a firm, thereby impacting the returns to investors",,,,
Fisher effect,an economic theory created by economist Irving Fisher that describes the relationship between inflation and both real and nominal interest rates,1,Applications of TVM in Finance,osbooks-principles-finance\modules\m00050\index.cnxml,yes,an economic theory,created by economist Irving Fisher that describes the relationship between inflation and both real and nominal interest rates,,,,
fixed-income securities,"investments that provide a return in the form of fixed, periodic interest payments and the eventual return of principal at maturity; the most common forms are bonds",1,Risks of Interest Rates and Default,osbooks-principles-finance\modules\m00064\index.cnxml,yes,investments,"that provide a return in the form of fixed, periodic interest payments and the eventual return of principal at maturity",,,,
floating-rate bonds,bonds with variable interest rates that allow investors to benefit from rising interest rates,1,Characteristics of Bonds,osbooks-principles-finance\modules\m00061\index.cnxml,yes,bonds,with variable interest rates that allow investors to benefit from rising interest rates,,,,
floor planning,a type of inventory financing whereby a financial institution provides a loan so that the company can acquire inventory with proceeds from the sale of inventory used to pay down the loan; a common method of financing inventory for automobile dealers and sellers of other big-ticket (high-priced) items,1,What Is Working Capital?,osbooks-principles-finance\modules\m00120\index.cnxml,yes,a type of inventory financing,whereby a financial institution provides a loan so that the company can acquire inventory with proceeds from the sale of inventory used to pay down the loan,,,,
flotation costs,costs involved in the issuing and placing of new securities,1,Alternative Sources of Funds,osbooks-principles-finance\modules\m00111\index.cnxml,yes,costs,involved in the issuing and placing of new securities,,,,
forecast,an estimate of future performance based on historical performance and other contextual information,1,The Importance of Forecasting,osbooks-principles-finance\modules\m00113\index.cnxml,yes,an estimate,of future performance based on historical performance and other contextual information,,,,
foreign corporation (out of state or out of country),an existing corporation that conducts business in a state or jurisdiction other than where it was originally incorporated,1,Business Structures,osbooks-principles-finance\modules\m00011\index.cnxml,yes,an existing corporation,that conducts business in a state or jurisdiction other than where it was originally incorporated,,,,
forward contract,a contractual agreement between two parties to exchange a specified amount of assets on a specified future date,1,Exchange Rates and Risk,osbooks-principles-finance\modules\m00129\index.cnxml,yes,a contractual agreement between two parties,to exchange a specified amount of assets on a specified future date,,,,
free cash flow,"operating cash, reduced by expected capital expenditures",1,The Statement of Cash Flows,osbooks-principles-finance\modules\m00035\index.cnxml,yes,operating cash,reduced by expected capital expenditures,,,,
frequency distribution,a method of organizing and summarizing a data set that provides the frequency with which each value in the data set occurs,1,Statistical Distributions,osbooks-principles-finance\modules\m00081\index.cnxml,yes,a method of organizing and summarizing a data set,that provides the frequency with which each value in the data set occurs,,,,
future value,the value of an asset or holding at a point in the future based on expectations of that asset’s growth at a certain rate of return,1,Timing of Cash Flows,osbooks-principles-finance\modules\m00058\index.cnxml,yes,the value of an asset or holding,at a point in the future based on expectations of that asset’s growth at a certain rate of return,,,,
future value (FV),the value that a current amount will grow to at a given interest rate over a given period of time,1,Time Value of Money (TVM) Basics,osbooks-principles-finance\modules\m00048\index.cnxml,yes,the value,that a current amount will grow to at a given interest rate over a given period of time,,,,
futures contract,a standardized contract to trade an asset on some future date at a price locked in today,1,Commodity Price Risk,osbooks-principles-finance\modules\m00128\index.cnxml,yes,a standardized contract,to trade an asset on some future date at a price locked in today,,,,
gains,increases in organizational value from activities that are “incidental or peripheral” to the primary purpose of the business,2,Economic Basis for Accrual Accounting; The Income Statement,osbooks-principles-finance\modules\m00026\index.cnxml; osbooks-principles-finance\modules\m00031\index.cnxml,yes,increases in organizational value,from activities that are “incidental or peripheral” to the primary purpose of the business,,,,
GDP deflator,"a measure of inflation tracked by the Bureau of Economic Analysis, intended to measure what GDP would be if prices did not change from one year to the next",1,Macroeconomics,osbooks-principles-finance\modules\m00019\index.cnxml,yes,a measure of inflation,"tracked by the Bureau of Economic Analysis, intended to measure what GDP would be if prices did not change from one year to the next",,,,
Generally Accepted Accounting Principles (GAAP),"a common set of accounting principles, standards, and procedures issued by the Financial Accounting Standards Board (FASB)",1,Companies in Domestic and Global Markets,osbooks-principles-finance\modules\m00016\index.cnxml,yes,"a common set of accounting principles, standards, and procedures",issued by the Financial Accounting Standards Board (FASB),,,,
geometric average return,the compound annual return derived from the effective annual rate and time value of money formulas,1,Risk and Return to an Individual Asset,osbooks-principles-finance\modules\m00093\index.cnxml,yes,the compound annual return,derived from the effective annual rate and time value of money formulas,,,,
geometric mean,"a measure of center of a data set, calculated by multiplying the data values and then raising the product to the exponent 1n, where n is the number of data values",1,Measures of Center,osbooks-principles-finance\modules\m00078\index.cnxml,yes,a measure of center of a data set,"calculated by multiplying the data values and then raising the product to the exponent 1n, where n is the number of data values",,,,
global markets,"economies or markets that are multinational in nature, spanning several different countries or jurisdictions",1,Companies in Domestic and Global Markets,osbooks-principles-finance\modules\m00016\index.cnxml,yes,economies or markets,"that are multinational in nature, spanning several different countries or jurisdictions",,,,
Gordon growth model,a methodology used to determine the intrinsic value of a stock based on a future series of dividends that grow at a constant rate,1,Dividend Discount Models (DDMs),osbooks-principles-finance\modules\m00068\index.cnxml,yes,a methodology,used to determine the intrinsic value of a stock based on a future series of dividends that grow at a constant rate,,,,
gross domestic product (GDP),the market value of all goods and services produced within an economy during a year | the total value of goods produced and services provided in a country during one year,2,Macroeconomics; Applications of TVM in Finance,osbooks-principles-finance\modules\m00019\index.cnxml; osbooks-principles-finance\modules\m00050\index.cnxml,yes,the market value,of all goods and services produced within an economy during a year,,,,
gross working capital,"synonymous with the current assets of a company, those assets that include cash and other assets that can be converted into cash within a period of 12 months",1,What Is Working Capital?,osbooks-principles-finance\modules\m00120\index.cnxml,no,,,synonymous definition,current assets of a company,those assets that include cash and other assets that can be converted into cash within a period of 12 months,
growing perpetuity,"a stream of periodic payments that is expected to continue indefinitely with growth of the amount paid or received in the future, usually by a fixed percentage",1,Perpetuities,osbooks-principles-finance\modules\m00052\index.cnxml,yes,a stream of periodic payments,"that is expected to continue indefinitely with growth of the amount paid or received in the future, usually by a fixed percentage",,,,
growth rate,the percentage increase of a specific variable within a specific time period; synonymous with interest rate in the context of the time value of money | the rate at which the dollar amount of dividends paid on a specific stock holding increases,2,Time Value of Money (TVM) Basics; Dividend Discount Models (DDMs),osbooks-principles-finance\modules\m00048\index.cnxml; osbooks-principles-finance\modules\m00068\index.cnxml,yes,the percentage increase,of a specific variable within a specific time period; synonymous with interest rate in the context of the time value of money | the rate at which the dollar amount of dividends paid on a specific stock holding increases,,,,
hedging,taking an action to reduce exposure to a risk,1,The Importance of Risk Management,osbooks-principles-finance\modules\m00127\index.cnxml,yes,taking an action,to reduce exposure to a risk,,,,
histogram,a graphical display of continuous data showing class intervals on the horizontal axis and frequency or relative frequency on the vertical axis,1,Data Visualization and Graphical Displays,osbooks-principles-finance\modules\m00083\index.cnxml,yes,a graphical display,of continuous data showing class intervals on the horizontal axis and frequency or relative frequency on the vertical axis,,,,
holding period percentage return,"the gain received from holding a stock, calculated by adding the amount received when the stock is sold to any dividends earned while holding the stock, subtracting the price originally paid for the stock, then dividing the difference by the price originally paid",1,Risk and Return to an Individual Asset,osbooks-principles-finance\modules\m00093\index.cnxml,no,,,no genus stated,a financial metric,"that measures the gain received from holding a stock, calculated by adding the amount received when the stock is sold to any dividends earned while holding the stock, subtracting the price originally paid for the stock, then dividing the difference by the price originally paid",
hybrid form of business,a limited liability company (LLC) or limited liability partnership (LLP) that combines the characteristics of a corporation with those of a sole proprietorship or partnership,1,Business Structures,osbooks-principles-finance\modules\m00011\index.cnxml,yes,a limited liability company (LLC) or limited liability partnership (LLP),that combines the characteristics of a corporation with those of a sole proprietorship or partnership,,,,
income statement,a financial statement that measures the organization’s financial performance for a given period of time | financial statement that measures the organization’s financial performance for a given period of time | a financial statement that measures a firm’s financial performance over a given period of time,3,Economic Basis for Accrual Accounting; The Income Statement; The Importance of Forecasting,osbooks-principles-finance\modules\m00026\index.cnxml; osbooks-principles-finance\modules\m00031\index.cnxml; osbooks-principles-finance\modules\m00113\index.cnxml,yes,a financial statement,that measures the organization’s financial performance for a given period of time,,,,
indenture,legal term for a bond contract,1,Overview of US Financial Markets,osbooks-principles-finance\modules\m00073\index.cnxml,yes,legal term,for a bond contract,,,,
indirect method,"approach used to determine net cash flows from operating activities, starting with net income and adjusting for items that impact new income but do not require outlay of cash",1,The Statement of Cash Flows,osbooks-principles-finance\modules\m00035\index.cnxml,yes,approach,"used to determine net cash flows from operating activities, starting with net income and adjusting for items that impact new income but do not require outlay of cash",,,,
inflation,a general increase in prices | a general increase in prices and a reduction in purchasing power; expected rate is a key component of interest rates,2,Macroeconomics; Overview of US Financial Markets,osbooks-principles-finance\modules\m00019\index.cnxml; osbooks-principles-finance\modules\m00073\index.cnxml,yes,a general increase,in prices and a reduction in purchasing power,,,,
inflation risk,the risk of reduced purchasing power of goods and services due to rising prices,1,What Is Finance?,osbooks-principles-finance\modules\m00002\index.cnxml,yes,the risk,of reduced purchasing power of goods and services due to rising prices,,,,
initial public offering (IPO),the first time a firm offers stock to the public,1,Overview of US Financial Markets,osbooks-principles-finance\modules\m00073\index.cnxml,yes,the first time,a firm offers stock to the public,,,,
intangible assets,"assets that are not physical in nature, such as goodwill, brand recognition, and intellectual property (i.e., patents, trademarks, and copyrights)",1,Multiple Approaches to Stock Valuation,osbooks-principles-finance\modules\m00067\index.cnxml,yes,assets,"that are not physical in nature, such as goodwill, brand recognition, and intellectual property (i.e., patents, trademarks, and copyrights)",,,,
interest,"the amount of money that is paid by a borrower to a lender for the use of their money, typically calculated from an annualized rate",1,Now versus Later Concepts,osbooks-principles-finance\modules\m00047\index.cnxml,yes,the amount of money,"that is paid by a borrower to a lender for the use of their money, typically calculated from an annualized rate",,,,
interest income,"annual interest amounts paid, or coupon payments made, on a bond between its issue date and the date of maturity",1,Characteristics of Bonds,osbooks-principles-finance\modules\m00061\index.cnxml,yes,"annual interest amounts paid, or coupon payments made",on a bond between its issue date and the date of maturity,,,,
interest rate risk,the risk of investment losses that result from changes in interest rates,1,Risks of Interest Rates and Default,osbooks-principles-finance\modules\m00064\index.cnxml,yes,the risk of investment losses,that result from changes in interest rates,,,,
interest tax shield,the reduction in taxes paid because interest payments on debt are a tax-deductible expense; calculated as the corporate tax rate multiplied by interest payments,1,Capital Structure Choices,osbooks-principles-finance\modules\m00109\index.cnxml,yes,the reduction in taxes paid,because interest payments on debt are a tax-deductible expense; calculated as the corporate tax rate multiplied by interest payments,,,,
internal rate of return (IRR),the discount rate that sets the NPV of a project equal to zero,1,Internal Rate of Return (IRR) Method,osbooks-principles-finance\modules\m00101\index.cnxml,yes,the discount rate,that sets the NPV of a project equal to zero,,,,
International Financial Reporting Standards (IFRS),"accounting standards used by international corporations, issued by the IFRS Foundation and the International Accounting Standards Board",1,"Interacting with Investors, Intermediaries, and Other Market Participants",osbooks-principles-finance\modules\m00015\index.cnxml,yes,accounting standards,"used by international corporations, issued by the IFRS Foundation and the International Accounting Standards Board",,,,
interquartile range (IQR),"a number that indicates the spread of the middle half, or middle 50%, of the data; the difference between the third quartile (Q3) and the first quartile (Q1)",1,Measures of Position,osbooks-principles-finance\modules\m00080\index.cnxml,yes,a number,"that indicates the spread of the middle half, or middle 50%, of the data; the difference between the third quartile (Q3) and the first quartile (Q1)",,,,
intrinsic value,"the value of a firm’s stock based entirely on internal factors, such as products, management, and the strength of company brands in the marketplace",1,Dividend Discount Models (DDMs),osbooks-principles-finance\modules\m00068\index.cnxml,yes,the value of a firm’s stock,"based entirely on internal factors, such as products, management, and the strength of company brands in the marketplace",,,,
inventory turnover,measures the number of times an average quantity of inventory was bought and sold during the period,1,Operating Efficiency Ratios,osbooks-principles-finance\modules\m00041\index.cnxml,yes,a measure,of the number of times an average quantity of inventory was bought and sold during the period,,,,
investing activities,cash business transactions reported on the statement of cash flows that reflect the acquisition or disposal of long-term assets,1,The Importance of Forecasting,osbooks-principles-finance\modules\m00113\index.cnxml,yes,cash business transactions reported on the statement of cash flows,that reflect the acquisition or disposal of long-term assets,,,,
investment,an asset or item acquired with the goal of generating financial gain through increased income or appreciation in value,1,Now versus Later Concepts,osbooks-principles-finance\modules\m00047\index.cnxml,yes,an asset or item,acquired with the goal of generating financial gain through increased income or appreciation in value,,,,
investment grade,describes a municipal or corporate bond with a rating that indicates it presents a low risk of default,1,Risks of Interest Rates and Default,osbooks-principles-finance\modules\m00064\index.cnxml,yes,a municipal or corporate bond,with a rating that indicates it presents a low risk of default,,,,
investments,one of the three main areas of finance; products and processes used to create individual and institutional portfolios with the intent of growing wealth,1,What Is Finance?,osbooks-principles-finance\modules\m00002\index.cnxml,yes,one of the three main areas of finance,products and processes used to create individual and institutional portfolios with the intent of growing wealth,,,,
investor,"a person or an entity, such as a firm or mutual fund, that invests capital with the expectation of receiving financial returns",1,Business Structures,osbooks-principles-finance\modules\m00011\index.cnxml,yes,a person or an entity,"such as a firm or mutual fund, that invests capital with the expectation of receiving financial returns",,,,
investor relations (IR),"a strategic management responsibility that is capable of integrating finance, communication, marketing, and securities law compliance to enable the most effective two-way communication between a company and the financial community or other constituencies, which ultimately contributes to a company’s securities achieving fair valuation",1,"Interacting with Investors, Intermediaries, and Other Market Participants",osbooks-principles-finance\modules\m00015\index.cnxml,yes,a strategic management responsibility,"that is capable of integrating finance, communication, marketing, and securities law compliance to enable the most effective two-way communication between a company and the financial community or other constituencies, which ultimately contributes to a company’s securities achieving fair valuation",,,,
Jensen’s alpha,"a measure of portfolio performance, calculated as the raw portfolio return minus the expected portfolio return predicted by the CAPM",1,Applications in Performance Measurement,osbooks-principles-finance\modules\m00096\index.cnxml,yes,a measure of portfolio performance,calculated as the raw portfolio return minus the expected portfolio return predicted by the CAPM,,,,
junk bonds,"bonds that have been given a low credit rating, below investment grade; riskier than other bonds due to a greater chance that the issuer will default or experience a credit event",1,Characteristics of Bonds,osbooks-principles-finance\modules\m00061\index.cnxml,yes,bonds,"that have been given a low credit rating, below investment grade; riskier than other bonds due to a greater chance that the issuer will default or experience a credit event",,,,
just-in-time inventory,inventory management method in which a company maintains as little inventory on hand as possible while still being able to satisfy the demands of its customers,1,What Is Working Capital?,osbooks-principles-finance\modules\m00120\index.cnxml,yes,inventory management method,in which a company maintains as little inventory on hand as possible while still being able to satisfy the demands of its customers,,,,
law of demand,"the principle that the quantity of purchases varies inversely with price; the higher the price, the lower the quantity",1,Microeconomics,osbooks-principles-finance\modules\m00018\index.cnxml,yes,the principle,"that the quantity of purchases varies inversely with price; the higher the price, the lower the quantity",,,,
letter of credit,a letter issued by a bank that is evidence of a guarantee for payments made to a specified entity (such as a supplier) under specified conditions; common in international trade transactions,1,What Is Trade Credit?,osbooks-principles-finance\modules\m00121\index.cnxml,yes,a letter issued by a bank,that is evidence of a guarantee for payments made to a specified entity (such as a supplier) under specified conditions; common in international trade transactions,,,,
levered equity,equity in a firm that has debt outstanding,1,Capital Structure Choices,osbooks-principles-finance\modules\m00109\index.cnxml,yes,equity,in a firm that has debt outstanding,,,,
liabilities,probable future sacrifice of economic benefits arising from present obligations of a particular entity to transfer assets or provide services to other entities in the future as a result of past transactions or events,1,The Balance Sheet,osbooks-principles-finance\modules\m00032\index.cnxml,yes,probable future sacrifice of economic benefits,arising from present obligations of a particular entity to transfer assets or provide services to other entities in the future as a result of past transactions or events,,,,
limited liability corporation (LLC),a US-specific form of a private limited company; a business structure that can combine the pass-through taxation of a partnership or sole proprietorship with the limited liability of a corporation,1,Business Structures,osbooks-principles-finance\modules\m00011\index.cnxml,yes,a US-specific form of a private limited company; a business structure,that can combine the pass-through taxation of a partnership or sole proprietorship with the limited liability of a corporation,,,,
limited liability partnership (LLP),a partnership in which some or all partners have limited liabilities; can exhibit elements of both partnerships and corporations,1,Business Structures,osbooks-principles-finance\modules\m00011\index.cnxml,yes,a partnership,in which some or all partners have limited liabilities; can exhibit elements of both partnerships and corporations,,,,
linear correlation,a measure of the association between two variables that exhibit an approximate straight-line fit when plotted on a scatter plot,1,Correlation Analysis,osbooks-principles-finance\modules\m00086\index.cnxml,yes,a measure of the association between two variables,that exhibit an approximate straight-line fit when plotted on a scatter plot,,,,
liquid asset,an asset that can be readily converted into cash within a short period of time,1,Applications of TVM in Finance,osbooks-principles-finance\modules\m00050\index.cnxml,yes,an asset,that can be readily converted into cash within a short period of time,,,,
liquidity,ability to convert assets into cash in order to meet primarily short-term cash needs or emergencies,2,Liquidity Ratios; What Is Working Capital?,osbooks-principles-finance\modules\m00042\index.cnxml; osbooks-principles-finance\modules\m00120\index.cnxml,yes,ability,to convert assets into cash in order to meet primarily short-term cash needs or emergencies,,,,
liquidity risk,"risk that stems from the lack of marketability of an investment, meaning that it cannot be bought or sold quickly enough to prevent or minimize a loss",1,Risks of Interest Rates and Default,osbooks-principles-finance\modules\m00064\index.cnxml,yes,risk,"that stems from the lack of marketability of an investment, meaning that it cannot be bought or sold quickly enough to prevent or minimize a loss",,,,
loan amortization,"the scheduling of periodic repayment of a debt, typically involving regular payments or receipts of amounts that include both interest payment and repayment of the principal of the amount owed",1,Loan Amortization,osbooks-principles-finance\modules\m00054\index.cnxml,yes,the scheduling of periodic repayment of a debt,typically involving regular payments or receipts of amounts that include both interest payment and repayment of the principal of the amount owed,,,,
London Interbank Offered Rate (LIBOR),a benchmark interest rate at which major global banks lend to one another in the international interbank market for short-term loans,1,Characteristics of Bonds,osbooks-principles-finance\modules\m00061\index.cnxml,yes,a benchmark interest rate,at which major global banks lend to one another in the international interbank market for short-term loans,,,,
long-term asset,"asset used in the normal, ongoing course of business for more than one year that is not intended to be resold",1,When Should a Company Capitalize or Expense an Item?,osbooks-principles-finance\modules\m00028\index.cnxml,yes,asset,"used in the normal, ongoing course of business for more than one year that is not intended to be resold",,,,
loss,decrease in organizational value from activities that are “incidental or peripheral” to the primary purpose of the business,1,The Income Statement,osbooks-principles-finance\modules\m00031\index.cnxml,yes,decrease in organizational value,from activities that are “incidental or peripheral” to the primary purpose of the business,,,,
losses,decreases in organizational value from activities that are “incidental or peripheral” to the primary purpose of the business,1,Economic Basis for Accrual Accounting,osbooks-principles-finance\modules\m00026\index.cnxml,yes,decreases in organizational value,from activities that are “incidental or peripheral” to the primary purpose of the business,,,,
lump sum,"a single cash payment made in lieu of a series of future payments, such as a lottery payout or a legal settlement",1,Annuities,osbooks-principles-finance\modules\m00053\index.cnxml,yes,a single cash payment,made in lieu of a series of future payments,,,,
macroeconomics,"the study of the economy as a whole, focusing on unemployment, inflation, and total output",1,Macroeconomics,osbooks-principles-finance\modules\m00019\index.cnxml,yes,the study of the economy as a whole,"focusing on unemployment, inflation, and total output",,,,
margin,the collateral that must be posted to guarantee that a trader will honor a futures contract,1,Commodity Price Risk,osbooks-principles-finance\modules\m00128\index.cnxml,yes,the collateral,that must be posted to guarantee that a trader will honor a futures contract,,,,
market capitalization,"the value of a company traded on the stock market, calculated by multiplying the total number of shares by the current share price",1,Multiple Approaches to Stock Valuation,osbooks-principles-finance\modules\m00067\index.cnxml,yes,the value of a company traded on the stock market,calculated by multiplying the total number of shares by the current share price,,,,
market risk premium,the reward for taking on the average amount of market risk,1,The Capital Asset Pricing Model (CAPM),osbooks-principles-finance\modules\m00095\index.cnxml,no,,,no clear genus stated,a reward,for taking on the average amount of market risk,
market value ratios,measures used to assess a firm’s overall market price,1,Market Value Ratios,osbooks-principles-finance\modules\m00044\index.cnxml,yes,measures,used to assess a firm’s overall market price,,,,
marketable securities,investments that can be converted to cash quickly; short-term liquid securities that can be bought or sold on a public exchange (market) and tend to mature in a year or less,1,What Is Working Capital?,osbooks-principles-finance\modules\m00120\index.cnxml,yes,investments,that can be converted to cash quickly; short-term liquid securities that can be bought or sold on a public exchange (market) and tend to mature in a year or less,,,,
marking to market,"a procedure by which cash flows are exchanged daily for a futures contract, rather than at the end of the contract",1,Commodity Price Risk,osbooks-principles-finance\modules\m00128\index.cnxml,yes,a procedure,"by which cash flows are exchanged daily for a futures contract, rather than at the end of the contract",,,,
maturity date,"the date on which a bondholder ceases to receive interest payments on a bond investment and instead is repaid its par, or face, value",1,Characteristics of Bonds,osbooks-principles-finance\modules\m00061\index.cnxml,yes,the date,"on which a bondholder ceases to receive interest payments on a bond investment and instead is repaid its par, or face, value",,,,
median,the middle value in an ordered data set,1,Measures of Center,osbooks-principles-finance\modules\m00078\index.cnxml,yes,the middle value,in an ordered data set,,,,
method of least squares,a mathematical method to generate a linear equation that is the “best fit” to the points on the scatter plot in the sense that the line minimizes the differences between the predicted values and observed values for y,1,Linear Regression Analysis,osbooks-principles-finance\modules\m00087\index.cnxml,yes,a mathematical method,to generate a linear equation that is the “best fit” to the points on the scatter plot in the sense that the line minimizes the differences between the predicted values and observed values for y,,,,
microeconomics,"the study of the economy at the individual level, focusing on how individuals and businesses choose to allocate scarce resources",1,Microeconomics,osbooks-principles-finance\modules\m00018\index.cnxml,yes,the study of the economy,"at the individual level, focusing on how individuals and businesses choose to allocate scarce resources",,,,
mixed stream,a set of cash flows over a period of time that can vary in amount from one period to the next,1,Timing of Cash Flows,osbooks-principles-finance\modules\m00058\index.cnxml,yes,a set of cash flows over a period of time,that can vary in amount from one period to the next,,,,
mode,the most frequently occurring data value in a data set,1,Measures of Center,osbooks-principles-finance\modules\m00078\index.cnxml,yes,data value,most frequently occurring ... in a data set,,,,
modified internal rate of return (MIRR),the yield that sets the future value of the cash inflows of a project equal to the present value of the cash outflows of the project,1,Alternative Methods,osbooks-principles-finance\modules\m00102\index.cnxml,yes,the yield,that sets the future value of the cash inflows of a project equal to the present value of the cash outflows of the project,,,,
money market,"the market for short-term, low-risk, highly liquid, homogeneous financial securities; common money market securities include T-bills, NCDs, and commercial paper",1,Financial Instruments,osbooks-principles-finance\modules\m00008\index.cnxml,yes,the market,"for short-term, low-risk, highly liquid, homogeneous financial securities",,,,
money market investments,"low-risk financial instruments such as T-bills, federal notes, commercial paper, certificates of deposit (CDs), repurchase agreements (repos), and bankers’ acceptances, among others",1,Applications of TVM in Finance,osbooks-principles-finance\modules\m00050\index.cnxml,no,,,gives an example instead of a genus,financial instruments,"that are low-risk and include T-bills, federal notes, commercial paper, certificates of deposit (CDs), repurchase agreements (repos), and bankers’ acceptances",
money market mutual funds,"created by investment companies to pool the money of many investors to purchase and then manage short-term, low-risk, liquid financial portfolios of securities",1,Financial Instruments,osbooks-principles-finance\modules\m00008\index.cnxml,yes,investment companies,"created by investment companies to pool the money of many investors to purchase and then manage short-term, low-risk, liquid financial portfolios of securities",,,,
money supply,the total dollar value of legal tender that is available to consumers within an economy at any single point in time,1,Applications of TVM in Finance,osbooks-principles-finance\modules\m00050\index.cnxml,yes,the total dollar value of legal tender,that is available to consumers within an economy at any single point in time,,,,
mortgage bond,"bond issued by a corporation using a real asset, such as property or buildings, to guarantee it",1,Overview of US Financial Markets,osbooks-principles-finance\modules\m00073\index.cnxml,yes,bond issued by a corporation,"using a real asset, such as property or buildings, to guarantee it",,,,
municipal bonds (munis),"long-term debt obligations issued by state or local governments that often have important tax advantages relative to corporate bonds | debt securities issued by state and local governments; can be thought of as loans that investors make to local governments to fund infrastructure | bonds issued by a local government, territory, or agency; generally used to finance infrastructure projects",3,Financial Instruments; Characteristics of Bonds; Overview of US Financial Markets,osbooks-principles-finance\modules\m00008\index.cnxml; osbooks-principles-finance\modules\m00061\index.cnxml; osbooks-principles-finance\modules\m00073\index.cnxml,yes,long-term debt obligations,issued by state or local governments that often have important tax advantages relative to corporate bonds,,,,
mutually exclusive projects,"projects that compete against each other so that when one project is chosen, the other project cannot be done",1,Choosing between Projects,osbooks-principles-finance\modules\m00103\index.cnxml,yes,projects,"that compete against each other so that when one project is chosen, the other project cannot be done",,,,
NASDAQ (National Association of Securities Dealers Automated Quotations),"short for National Association of Securities Dealers Automated Quotations; an American stock exchange based in New York City, ranked second behind the New York Stock Exchange in terms of total market capitalization of shares traded",1,Efficient Markets,osbooks-principles-finance\modules\m00071\index.cnxml,yes,an American stock exchange,"based in New York City, ranked second behind the New York Stock Exchange in terms of total market capitalization of shares traded",,,,
natural hedge,when a company offsets the risk that something will decrease in value by having a company activity that would increase in value at the same time,1,Exchange Rates and Risk,osbooks-principles-finance\modules\m00129\index.cnxml,no,,,no clear genus stated,a company activity,that offsets the risk that something will decrease in value by having another company activity that would increase in value at the same time,
negotiable certificate of deposit,"very large CDs issued by financial institutions, redeemable only at maturity but can and often do trade prior to maturity in a broad secondary market; also called jumbo CDs because they sell in increments of $100,000 or more",1,Financial Instruments,osbooks-principles-finance\modules\m00008\index.cnxml,yes,very large CDs,"issued by financial institutions, redeemable only at maturity but can and often do trade prior to maturity in a broad secondary market",,,,
negotiable certificates of deposit (NCDs),large CDs issued by financial institutions; redeemable at maturity but can trade prior to maturity in a broad secondary market,1,Overview of US Financial Markets,osbooks-principles-finance\modules\m00073\index.cnxml,yes,large CDs issued by financial institutions,redeemable at maturity but can trade prior to maturity in a broad secondary market,,,,
net book value,also called net asset value (NAV); the total assets of a company minus its total liabilities,1,Multiple Approaches to Stock Valuation,osbooks-principles-finance\modules\m00067\index.cnxml,yes,the total assets of a company,minus its total liabilities,,,,
net debt,a company’s total debt minus any cash or risk-free assets the company holds,1,Calculating the Weighted Average Cost of Capital,osbooks-principles-finance\modules\m00108\index.cnxml,yes,a company’s total debt,minus any cash or risk-free assets the company holds,,,,
net income,income earned when revenues and gains are greater than expenses and losses | revenues and gains that are greater than expenses and losses,2,Cash versus Accrual Accounting; The Income Statement,osbooks-principles-finance\modules\m00025\index.cnxml; osbooks-principles-finance\modules\m00031\index.cnxml,yes,income,earned when revenues and gains are greater than expenses and losses,,,,
net present value (NPV),the present value of the cash inflows of a project minus the present value of the cash outflows of the project,1,Net Present Value (NPV) Method,osbooks-principles-finance\modules\m00100\index.cnxml,yes,the present value of the cash inflows of a project,minus the present value of the cash outflows of the project,,,,
net terms,also referred to as the full credit period; the number of days that a business purchaser has before they must pay their invoice,1,What Is Trade Credit?,osbooks-principles-finance\modules\m00121\index.cnxml,yes,the number of days,that a business purchaser has before they must pay their invoice,,,,
net working capital,the difference between current assets and current liabilities (Current Assets – Current Liabilities = Net Working Capital),1,What Is Working Capital?,osbooks-principles-finance\modules\m00120\index.cnxml,yes,the difference,between current assets and current liabilities,,,,
nominal interest rate,the quoted or stated interest rate,1,Interest Rates,osbooks-principles-finance\modules\m00021\index.cnxml,no,,,no genus stated,interest rate,that is quoted or stated,
non-diversifiable risk,risk that cannot be eliminated by simply holding a portfolio of securities; also known as systematic risk,1,What Is Finance?,osbooks-principles-finance\modules\m00002\index.cnxml,yes,risk,that cannot be eliminated by simply holding a portfolio of securities,,,,
non-stock corporation,"a corporation that does not have owners represented by shares of stock but typically has members who are the functional equivalent of stockholders in a stock corporation (having the right to vote, etc.); describes the vast majority of not-for-profit corporations",1,Business Structures,osbooks-principles-finance\modules\m00011\index.cnxml,yes,a corporation,"that does not have owners represented by shares of stock but typically has members who are the functional equivalent of stockholders in a stock corporation (having the right to vote, etc.)",,,,
noncash expenses,expenses that reduce net income but are not associated with a cash flow; most common example is depreciation expense,1,The Statement of Cash Flows,osbooks-principles-finance\modules\m00035\index.cnxml,yes,expenses,that reduce net income but are not associated with a cash flow,,,,
noncurrent assets,assets used in the normal course of business for more than one year that are not intended to be resold,1,The Balance Sheet,osbooks-principles-finance\modules\m00032\index.cnxml,yes,assets,used in the normal course of business for more than one year that are not intended to be resold,,,,
noncurrent liabilities,liabilities that are expected to be settled in more than one year,1,The Balance Sheet,osbooks-principles-finance\modules\m00032\index.cnxml,yes,liabilities,that are expected to be settled in more than one year,,,,
nonprofit (not-for-profit) corporation,a legal entity that has been incorporated under the law of its jurisdiction for purposes other than making profits for its owners or shareholders,1,Business Structures,osbooks-principles-finance\modules\m00011\index.cnxml,yes,a legal entity,that has been incorporated under the law of its jurisdiction for purposes other than making profits for its owners or shareholders,,,,
normal distribution,"a bell-shaped distribution curve that is used to model many measurements, including IQ scores, salaries, heights, weights, blood pressures, etc.",1,Statistical Distributions,osbooks-principles-finance\modules\m00081\index.cnxml,yes,a bell-shaped distribution curve,"that is used to model many measurements, including IQ scores, salaries, heights, weights, blood pressures, etc.",,,,
NYSE (New York Stock Exchange),"the world’s largest stock exchange by market capitalization of its listed companies, based in New York City; often referred to as the “Big Board”",1,Efficient Markets,osbooks-principles-finance\modules\m00071\index.cnxml,yes,the world’s largest stock exchange by market capitalization of its listed companies,based in New York City; often referred to as the “Big Board”,,,,
operating activities,cash business transactions reported on the statement of cash flows that relate to ongoing day-to-day operations,1,The Importance of Forecasting,osbooks-principles-finance\modules\m00113\index.cnxml,yes,cash business transactions reported on the statement of cash flows,that relate to ongoing day-to-day operations,,,,
operating cycle,"amount of time it takes a company to use its cash to provide a product or service and collect payment from the customer | the time it takes a company to acquire inventory, sell inventory, and collect the cash from the sale of said goods; synonymous with cash cycle",2,Operating Efficiency Ratios; What Is Working Capital?,osbooks-principles-finance\modules\m00041\index.cnxml; osbooks-principles-finance\modules\m00120\index.cnxml,yes,amount of time,it takes a company to use its cash to provide a product or service and collect payment from the customer,,,,
opportunity cost,the loss of potential gain from other alternatives when a single alternative is chosen | the cost of a forgone opportunity,2,Applications of TVM in Finance; What Is Trade Credit?,osbooks-principles-finance\modules\m00050\index.cnxml; osbooks-principles-finance\modules\m00121\index.cnxml,no,,,circular,a cost,of a forgone opportunity,
option,"an agreement that gives the owner the right, but not the obligation, to purchase or sell an asset at a specified price on some future date",1,Exchange Rates and Risk,osbooks-principles-finance\modules\m00129\index.cnxml,yes,an agreement,"that gives the owner the right, but not the obligation, to purchase or sell an asset at a specified price on some future date",,,,
option writer,seller of a call or put option,1,Exchange Rates and Risk,osbooks-principles-finance\modules\m00129\index.cnxml,yes,seller,of a call or put option,,,,
ordering costs,costs associated with placing an order with a vendor or supplier,1,Inventory Management,osbooks-principles-finance\modules\m00124\index.cnxml,yes,costs,associated with placing an order with a vendor or supplier,,,,
ordinary annuity,a stream of periodic payments in which the payment or receipt occurs at the end of each period,1,Annuities,osbooks-principles-finance\modules\m00053\index.cnxml,yes,a stream of periodic payments,in which the payment or receipt occurs at the end of each period,,,,
outliers,data values that are significantly different from the other data values in a data set,1,Measures of Center,osbooks-principles-finance\modules\m00078\index.cnxml,yes,data values,that are significantly different from the other data values in a data set,,,,
owner’s equity,residual interest in the assets of an entity that remains after deducting its liabilities,1,The Statement of Owner’s Equity,osbooks-principles-finance\modules\m00034\index.cnxml,yes,residual interest,in the assets of an entity that remains after deducting its liabilities,,,,
par value,"also called the face amount or face value; the value written on the front of the bond, which is the amount of money that bond issuers promise to be paid at maturity",1,Characteristics of Bonds,osbooks-principles-finance\modules\m00061\index.cnxml,no,,,no genus stated,the amount of money,that bond issuers promise to be paid at maturity,
partnership,a formal arrangement by two or more parties to manage and operate a business and share its profits and liabilities equally,1,Business Structures,osbooks-principles-finance\modules\m00011\index.cnxml,yes,a formal arrangement,by two or more parties to manage and operate a business and share its profits and liabilities equally,,,,
payback period,the length of time it will take for a company to make enough money from an investment to recover the initial cost of the investment,1,Payback Period Method,osbooks-principles-finance\modules\m00099\index.cnxml,yes,the length of time,it will take for a company to make enough money from an investment to recover the initial cost of the investment,,,,
percentiles,numbers that divide an ordered data set into hundredths; often used to indicate position of a data value in a data set,1,Measures of Position,osbooks-principles-finance\modules\m00080\index.cnxml,yes,numbers,that divide an ordered data set into hundredths; often used to indicate position of a data value in a data set,,,,
perpetuity,"a stream of periodic payments that is expected to continue indefinitely | in terms of investments, an annuity with no end date",2,Perpetuities; Dividend Discount Models (DDMs),osbooks-principles-finance\modules\m00052\index.cnxml; osbooks-principles-finance\modules\m00068\index.cnxml,yes,a stream of periodic payments,that is expected to continue indefinitely,,,,
political risk,"the risk of local, state, or national governments “changing the rules” and disrupting firm cash flows",1,What Is Finance?,osbooks-principles-finance\modules\m00002\index.cnxml,yes,the risk,"of local, state, or national governments “changing the rules” and disrupting firm cash flows",,,,
population data,data representing all the outcomes or measurements that are of interest,1,Measures of Center,osbooks-principles-finance\modules\m00078\index.cnxml,yes,data,representing all the outcomes or measurements that are of interest,,,,
portfolio,"a collection of financial investments, such as stocks, bonds, mutual funds, certificates of deposit, etc. | a collection of owned stocks",2,Probability Distributions; Risk and Return to Multiple Assets,osbooks-principles-finance\modules\m00082\index.cnxml; osbooks-principles-finance\modules\m00094\index.cnxml,yes,a collection of financial investments,"such as stocks, bonds, mutual funds, certificates of deposit, etc.",,,,
precautionary motive,"a reason to hold cash balances for unexpected expenditures such as repairs, costs associated with unexpected breakdown of equipment, and hiring temporary workers to meet unexpected production demands",1,Cash Management,osbooks-principles-finance\modules\m00122\index.cnxml,no,,,gives an example instead of a genus,a motive for holding cash,to cover unexpected expenditures,
precedent transaction analysis (precedents),a method for valuating a company in which the price paid for similar companies in the past is considered an indicator of the company’s current value,1,Multiple Approaches to Stock Valuation,osbooks-principles-finance\modules\m00067\index.cnxml,yes,a method for valuating a company,in which the price paid for similar companies in the past is considered an indicator of the company’s current value,,,,
prediction,a forecast for the dependent variable based on a specific value of the independent variable generated using the linear model,1,Linear Regression Analysis,osbooks-principles-finance\modules\m00087\index.cnxml,yes,a forecast for the dependent variable,based on a specific value of the independent variable generated using the linear model,,,,
preferred stock,"shares of ownership in a corporation that typically entitle the holder to a fixed dividend per share, if declared by the corporation, with priority over holders of that corporation’s common stock | stock that entitles the holder to a fixed dividend, the payment of which takes priority over payment of common stock dividends | equity capital that has a fixed dividend; preferred shareholders fall in between debt holders and common stockholders in the order of claimants",3,Perpetuities; Preferred Stock; Alternative Sources of Funds,osbooks-principles-finance\modules\m00052\index.cnxml; osbooks-principles-finance\modules\m00070\index.cnxml; osbooks-principles-finance\modules\m00111\index.cnxml,yes,shares of ownership in a corporation,"that typically entitle the holder to a fixed dividend per share, if declared by the corporation, with priority over holders of that corporation’s common stock",,,,
premium,the price a buyer of an option pays for the option contract,1,Exchange Rates and Risk,osbooks-principles-finance\modules\m00129\index.cnxml,yes,the price,a buyer of an option pays for the option contract,,,,
premium bond,a bond that is trading above its par value in the secondary market; offers a coupon rate that is higher than the current prevailing interest rates being offered,1,Bond Valuation,osbooks-principles-finance\modules\m00062\index.cnxml,yes,a bond,that is trading above its par value in the secondary market; offers a coupon rate that is higher than the current prevailing interest rates being offered,,,,
present value,the value of an asset in today’s dollars based on future growth expectations at an assumed interest rate,1,Timing of Cash Flows,osbooks-principles-finance\modules\m00058\index.cnxml,yes,the value of an asset,in today’s dollars based on future growth expectations at an assumed interest rate,,,,
present value (PV),"the current value of a future amount, calculated by discounting the future value back at a known discount or interest rate for a specified period of time",1,Time Value of Money (TVM) Basics,osbooks-principles-finance\modules\m00048\index.cnxml,yes,the current value of a future amount,calculated by discounting the future value back at a known discount or interest rate for a specified period of time,,,,
press release,an official statement delivered to members of the news media for the purpose of making an announcement or otherwise providing information,1,"Interacting with Investors, Intermediaries, and Other Market Participants",osbooks-principles-finance\modules\m00015\index.cnxml,yes,an official statement,delivered to members of the news media for the purpose of making an announcement or otherwise providing information,,,,
price-to-book (P/B) ratio,"also called the market-to-book (M/B) ratio; a metric used to compare a company’s market capitalization, or market value, to its book value",1,Multiple Approaches to Stock Valuation,osbooks-principles-finance\modules\m00067\index.cnxml,yes,a metric,"used to compare a company’s market capitalization, or market value, to its book value",,,,
price-to-cash-flow (P/CF) ratio,a stock valuation indicator or multiple that measures the value of a stock’s price relative to its operating cash flow per share,1,Multiple Approaches to Stock Valuation,osbooks-principles-finance\modules\m00067\index.cnxml,yes,a stock valuation indicator or multiple,that measures the value of a stock’s price relative to its operating cash flow per share,,,,
price-to-earnings (P/E) ratio,a ratio that indicates the dollar amount an investor can expect to invest in a company in order to receive one dollar of that company’s earnings,1,Multiple Approaches to Stock Valuation,osbooks-principles-finance\modules\m00067\index.cnxml,yes,a ratio,that indicates the dollar amount an investor can expect to invest in a company in order to receive one dollar of that company’s earnings,,,,
price-to-sales (P/S) ratio,a ratio that indicates how much investors are willing to pay for a company’s stock per dollar of that company’s sales,1,Multiple Approaches to Stock Valuation,osbooks-principles-finance\modules\m00067\index.cnxml,yes,a ratio,that indicates how much investors are willing to pay for a company’s stock per dollar of that company’s sales,,,,
price/earnings (P/E) ratio,company’s stock price divided by the company’s earnings per share; indicates the amount investors are willing to pay for one dollar of earnings,1,Market Value Ratios,osbooks-principles-finance\modules\m00044\index.cnxml,no,,,no genus stated,a financial ratio,that is a company’s stock price divided by the company’s earnings per share and indicates the amount investors are willing to pay for one dollar of earnings,
primary market,a term used in financial markets to identify the market for the purchase and sale of new securities | market for new securities,2,Markets and Participants; Overview of US Financial Markets,osbooks-principles-finance\modules\m00006\index.cnxml; osbooks-principles-finance\modules\m00073\index.cnxml,yes,market,for the purchase and sale of new securities,,,,
prime rate,"the interest rate that banks charge creditworthy corporate customers; among the most widely used benchmarks for setting home equity lines of credit and credit card rates, based on the federal funds rate set by the Federal Reserve",1,Characteristics of Bonds,osbooks-principles-finance\modules\m00061\index.cnxml,yes,the interest rate,"that banks charge creditworthy corporate customers; among the most widely used benchmarks for setting home equity lines of credit and credit card rates, based on the federal funds rate set by the Federal Reserve",,,,
principal,"the person with the highest authority or most important position in a company, organization, institution, or group",1,Agency Issues: Shareholders and Corporate Boards,osbooks-principles-finance\modules\m00014\index.cnxml,yes,the person,"with the highest authority or most important position in a company, organization, institution, or group",,,,
pro forma,"in the context of financial statements, forward-looking",1,Pro Forma Financials,osbooks-principles-finance\modules\m00115\index.cnxml,no,,,no genus stated,financial statement,that is forward-looking,
probability distribution,a mathematical function that assigns probabilities to various outcomes,1,Probability Distributions,osbooks-principles-finance\modules\m00082\index.cnxml,yes,a mathematical function,that assigns probabilities to various outcomes,,,,
producer price index (PPI),a measure of the prices that producers of goods and services pay for their supplies and raw materials,1,Macroeconomics,osbooks-principles-finance\modules\m00019\index.cnxml,yes,a measure of the prices,that producers of goods and services pay for their supplies and raw materials,,,,
professional corporation,"a form of corporate entity used by licensed professionals such as attorneys, architects, engineers, public accountants, and physicians, which is regulated by special provisions in many corporation statutes",1,Business Structures,osbooks-principles-finance\modules\m00011\index.cnxml,yes,a form of corporate entity,"used by licensed professionals such as attorneys, architects, engineers, public accountants, and physicians, which is regulated by special provisions in many corporation statutes",,,,
profit margin,represents how much of sales revenue has translated into income,1,Profitability Ratios and the DuPont Method,osbooks-principles-finance\modules\m00045\index.cnxml,no,,,no clear genus stated,a financial ratio,that represents how much of sales revenue has translated into income,
profitability index (PI),the present value of cash inflows divided by the present value of cash outflows,1,Alternative Methods,osbooks-principles-finance\modules\m00102\index.cnxml,yes,the present value of cash inflows divided by the present value of cash outflows,,,,,
public benefit corporation,a specific type of Delaware general corporation that is owned by shareholders who expect the company to make a profit and return some of that money to them in the form of dividends,1,Business Structures,osbooks-principles-finance\modules\m00011\index.cnxml,yes,a specific type of Delaware general corporation,that is owned by shareholders who expect the company to make a profit and return some of that money to them in the form of dividends,,,,
put option,"an option that gives the owner the right, but not the obligation, to sell the underlying asset at a specified price on some future date",1,Exchange Rates and Risk,osbooks-principles-finance\modules\m00129\index.cnxml,yes,an option,"that gives the owner the right, but not the obligation, to sell the underlying asset at a specified price on some future date",,,,
quarterly report,a document describing a public corporation’s operations and financial condition that must be provided to shareholders four times per year; also known as Securities and Exchange Commission (SEC) Form 10-Q,1,"Interacting with Investors, Intermediaries, and Other Market Participants",osbooks-principles-finance\modules\m00015\index.cnxml,yes,a document,describing a public corporation’s operations and financial condition that must be provided to shareholders four times per year,,,,
quartiles,numbers that divide an ordered data set into quarters; the second quartile is the same as the median,1,Measures of Position,osbooks-principles-finance\modules\m00080\index.cnxml,yes,numbers,that divide an ordered data set into quarters,,,,
quick payment,a payment made on an account payable during a period of time that falls within the discount period,1,What Is Trade Credit?,osbooks-principles-finance\modules\m00121\index.cnxml,yes,a payment,made on an account payable during a period of time that falls within the discount period,,,,
quick ratio,also known as the acid test ratio; ratio used to determine a firm’s ability to pay short-term debts using its most liquid assets,1,Liquidity Ratios,osbooks-principles-finance\modules\m00042\index.cnxml,yes,ratio,used to determine a firm’s ability to pay short-term debts using its most liquid assets,,,,
rating agencies (bond rating services),"independent service agencies, such as Fitch, Moody’s, or Standard & Poor’s, that perform the isolated function of credit risk evaluation",1,Risks of Interest Rates and Default,osbooks-principles-finance\modules\m00064\index.cnxml,yes,independent service agencies,that perform the isolated function of credit risk evaluation,,,,
ratios,"numerical values taken from financial statements that are used in formulas to examine financial relationships and create metrics of performance, strengths, weaknesses; help analysts gain insight and meaning",1,What Is Working Capital?,osbooks-principles-finance\modules\m00120\index.cnxml,yes,numerical values taken from financial statements,"that are used in formulas to examine financial relationships and create metrics of performance, strengths, weaknesses; help analysts gain insight and meaning",,,,
real interest rate,the nominal interest rate minus the rate of inflation | a rate of interest that has been adjusted to account for the effects of inflation,2,Interest Rates; Applications of TVM in Finance,osbooks-principles-finance\modules\m00021\index.cnxml; osbooks-principles-finance\modules\m00050\index.cnxml,no,,,no clear genus stated,interest rate,that has been adjusted to account for the effects of inflation,
realized return,the actual return that an investor earns over a given time period through the buying and selling of a security | the total return of an investment that occurs over a particular time period,2,Risks of Interest Rates and Default; Risk and Return to an Individual Asset,osbooks-principles-finance\modules\m00064\index.cnxml; osbooks-principles-finance\modules\m00093\index.cnxml,yes,the actual return,that an investor earns over a given time period through the buying and selling of a security,,,,
recession,the part of the business cycle characterized by contraction,1,Business Cycles and Economic Activity,osbooks-principles-finance\modules\m00020\index.cnxml,yes,the part of the business cycle,characterized by contraction,,,,
reinvestment risk,"the risk that an investor will be unable to reinvest cash flows received from an investment (e.g., coupon payments or interest) at a rate comparable to their current rate of return",1,Risks of Interest Rates and Default,osbooks-principles-finance\modules\m00064\index.cnxml,yes,the risk,"that an investor will be unable to reinvest cash flows received from an investment (e.g., coupon payments or interest) at a rate comparable to their current rate of return",,,,
replacement chain approach,a method of comparing projects of differing lives by repeating shorter projects multiple times until they reach the lifetime of the longest project,1,Choosing between Projects,osbooks-principles-finance\modules\m00103\index.cnxml,yes,a method of comparing projects of differing lives,by repeating shorter projects multiple times until they reach the lifetime of the longest project,,,,
required rate of return,the minimum amount of return that an investor will accept on an investment given the level of risk involved,1,Perpetuities,osbooks-principles-finance\modules\m00052\index.cnxml,yes,the minimum amount of return,that an investor will accept on an investment given the level of risk involved,,,,
required return,the minimum return an investor expects to achieve by investing in a project,1,Dividend Discount Models (DDMs),osbooks-principles-finance\modules\m00068\index.cnxml,yes,the minimum return,an investor expects to achieve by investing in a project,,,,
residual,the difference between an observed y-value and the predicted y-value obtained from the linear regression equation,1,Linear Regression Analysis,osbooks-principles-finance\modules\m00087\index.cnxml,yes,the difference,between an observed y-value and the predicted y-value obtained from the linear regression equation,,,,
retained earnings,"cumulative, undistributed net income or net loss for the business since its inception",1,The Balance Sheet,osbooks-principles-finance\modules\m00032\index.cnxml,yes,"cumulative, undistributed net income or net loss",for the business since its inception,,,,
retirement planning,"the process of determining one’s objectives for retirement, including one’s finances, and developing strategies and tactics to achieve them",1,Annuities,osbooks-principles-finance\modules\m00053\index.cnxml,yes,the process,"of determining one’s objectives for retirement, including one’s finances, and developing strategies and tactics to achieve them",,,,
return on equity,measures the company’s ability to use its invested capital to generate income,1,Profitability Ratios and the DuPont Method,osbooks-principles-finance\modules\m00045\index.cnxml,no,,,no genus stated,a financial ratio,that measures the company’s ability to use its invested capital to generate income,
return on total assets,measures the company’s ability to use its assets successfully to generate a profit,1,Profitability Ratios and the DuPont Method,osbooks-principles-finance\modules\m00045\index.cnxml,no,,,not a category,a financial ratio,that measures the company’s ability to use its assets successfully to generate a profit,
revenue,"inflows or other enhancements of assets of an entity or settlements of its liabilities (or a combination of both) from delivering or producing goods, rendering services, or other activities that constitute the entity’s ongoing major or central operations | inflows or other enhancements of assets of an entity or settlements of liabilities from delivering or producing goods, rendering services, or other activities that constitute the entity’s ongoing major or central operations",2,Cash versus Accrual Accounting; The Income Statement,osbooks-principles-finance\modules\m00025\index.cnxml; osbooks-principles-finance\modules\m00031\index.cnxml,yes,inflows or other enhancements of assets of an entity or settlements of its liabilities (or a combination of both),"from delivering or producing goods, rendering services, or other activities that constitute the entity’s ongoing major or central operations",,,,
revenue recognition,principle stating that a company must recognize revenue in the period in which it is earned; it is not considered earned until a product or service has been provided,1,How Does a Company Recognize a Sale and an Expense?,osbooks-principles-finance\modules\m00027\index.cnxml,yes,principle,stating that a company must recognize revenue in the period in which it is earned; it is not considered earned until a product or service has been provided,,,,
risk premium,the extra return earned by taking on risk,1,The Capital Asset Pricing Model (CAPM),osbooks-principles-finance\modules\m00095\index.cnxml,yes,extra return,earned by taking on risk,,,,
risk-free rate,the reward for lending money when there is no risk of not receiving the principal and interest as promised,1,The Capital Asset Pricing Model (CAPM),osbooks-principles-finance\modules\m00095\index.cnxml,no,,,no clear genus stated,a rate of return,that is the reward for lending money when there is no risk of not receiving the principal and interest as promised,
S corporation,"a closely held corporation that makes a valid election to be taxed under Subchapter S of Chapter 1 of the Internal Revenue Code, which does not require such corporations to pay income taxes and instead taxes owners as individuals",1,Business Structures,osbooks-principles-finance\modules\m00011\index.cnxml,yes,a closely held corporation,"that makes a valid election to be taxed under Subchapter S of Chapter 1 of the Internal Revenue Code, which does not require such corporations to pay income taxes and instead taxes owners as individuals",,,,
sample data,data representing outcomes or measurements collected from a subset or part of a population,1,Measures of Center,osbooks-principles-finance\modules\m00078\index.cnxml,yes,data,representing outcomes or measurements collected from a subset or part of a population,,,,
savings bonds,"debt securities purchased by investors, as a personal investments or as gifts, that the US government issues to pay for certain public or government programs",1,Characteristics of Bonds,osbooks-principles-finance\modules\m00061\index.cnxml,yes,debt securities,"purchased by investors, as a personal investments or as gifts, that the US government issues to pay for certain public or government programs",,,,
scatter plot (or scatter diagram),a graphical display that shows the relationship between a dependent variable and an independent variable,1,Data Visualization and Graphical Displays,osbooks-principles-finance\modules\m00083\index.cnxml,yes,a graphical display,that shows the relationship between a dependent variable and an independent variable,,,,
scatter plot (scatter diagram),graphical display that shows values of the independent variable plotted on the x-axis and values of the dependent variable plotted on the y-axis,1,Linear Regression Analysis,osbooks-principles-finance\modules\m00087\index.cnxml,yes,graphical display,that shows values of the independent variable plotted on the x-axis and values of the dependent variable plotted on the y-axis,,,,
scenario analysis,analysis of how various situations and circumstances would impact the financial forecast,1,Forecasting Cash Flow and Assessing the Value of Growth,osbooks-principles-finance\modules\m00117\index.cnxml,yes,analysis,of how various situations and circumstances would impact the financial forecast,,,,
seasoned equity offering (SEO),a method used by new IPOs to raise capital by offering additional shares of stock to the public,1,Overview of US Financial Markets,osbooks-principles-finance\modules\m00073\index.cnxml,yes,a method,used by new IPOs to raise capital by offering additional shares of stock to the public,,,,
secondary market,a term used in financial markets to represent the purchase or sale of used securities that trade after the initial sale by the offering firm | market for used securities,2,Markets and Participants; Overview of US Financial Markets,osbooks-principles-finance\modules\m00006\index.cnxml; osbooks-principles-finance\modules\m00073\index.cnxml,yes,financial markets,represent the purchase or sale of used securities that trade after the initial sale by the offering firm,,,,
secondary markets,markets where investors buy and sell securities they already own,1,Multiple Approaches to Stock Valuation,osbooks-principles-finance\modules\m00067\index.cnxml,yes,markets,where investors buy and sell securities they already own,,,,
secretaries of state,"the state officials who head the agencies responsible for, among other functions, the chartering of businesses (usually including partnerships and corporations) that wish to operate within their state and, in most states, for maintaining all records on business activities within the state; also known as secretaries of the commonwealth in Massachusetts, Pennsylvania, and Virginia",1,Business Structures,osbooks-principles-finance\modules\m00011\index.cnxml,yes,state officials,"who head the agencies responsible for, among other functions, the chartering of businesses (usually including partnerships and corporations) that wish to operate within their state and, in most states, for maintaining all records on business activities within the state; also known as secretaries of the commonwealth in Massachusetts, Pennsylvania, and Virginia",,,,
Securities and Exchange Commission (SEC),"a large, independent agency of the United States federal government whose primary purpose is to enforce laws against market manipulation; created following the stock market crash of 1929 to protect investors and the national banking system",1,Role of the Board of Directors,osbooks-principles-finance\modules\m00013\index.cnxml,yes,"a large, independent agency of the United States federal government",whose primary purpose is to enforce laws against market manipulation; created following the stock market crash of 1929 to protect investors and the national banking system,,,,
Securities Investor Protection Corporation (SIPC),"a nonprofit corporation that provides brokerage customers up to $500,000 coverage for cash and securities held by the firm",1,What Is Finance?,osbooks-principles-finance\modules\m00002\index.cnxml,yes,a nonprofit corporation,"that provides brokerage customers up to $500,000 coverage for cash and securities held by the firm",,,,
sensitivity analysis,analysis of the sensitivity of an output variable to a change in an input variable,1,Forecasting Cash Flow and Assessing the Value of Growth,osbooks-principles-finance\modules\m00117\index.cnxml,no,,,circular,a type of analysis,that examines how an output variable changes in response to a change in an input variable,
shareholder (stockholder),an individual or institution that legally owns one or more shares of the share capital of a public or private corporation; may be referred to as members of a corporation,1,Relationship between Shareholders and Company Management,osbooks-principles-finance\modules\m00012\index.cnxml,yes,an individual or institution,that legally owns one or more shares of the share capital of a public or private corporation; may be referred to as members of a corporation,,,,
Sharpe ratio,"a reward-to-risk measure of portfolio performance, calculated by subtracting the risk-free rate from the average portfolio return and then dividing by the standard deviation of the portfolio",1,Applications in Performance Measurement,osbooks-principles-finance\modules\m00096\index.cnxml,yes,a reward-to-risk measure of portfolio performance,calculated by subtracting the risk-free rate from the average portfolio return and then dividing by the standard deviation of the portfolio,,,,
shelf registration,part of Securities and Exchange Commission (SEC) Rule 415; allows a company to register with the SEC to issue new shares but allows up to two years before issuing the shares,1,Overview of US Financial Markets,osbooks-principles-finance\modules\m00073\index.cnxml,yes,part of Securities and Exchange Commission (SEC) Rule 415,allows a company to register with the SEC to issue new shares but allows up to two years before issuing the shares,,,,
single payment or lump sum,"a single payment or deposit made at one time, as opposed to a number of smaller payments or deposits made in installments",1,Methods for Solving Time Value of Money Problems,osbooks-principles-finance\modules\m00049\index.cnxml,no,,,circular,a payment or deposit,"made at one time, as opposed to a number of smaller payments or deposits made in installments",
sole proprietor (and sole proprietorship),"a form of business that is operated and run by a single individual, known as the sole trader, with no legal distinction between the owner and the business entity",1,Business Structures,osbooks-principles-finance\modules\m00011\index.cnxml,yes,a form of business,"that is operated and run by a single individual, known as the sole trader, with no legal distinction between the owner and the business entity",,,,
solvency,implies that a company can meet its long-term obligations and will likely stay in business in the future,1,Solvency Ratios,osbooks-principles-finance\modules\m00043\index.cnxml,no,,,no clear genus stated,a financial state,in which a company can meet its long-term obligations and will likely stay in business in the future,
special purpose acquisition companies (SPACs),a special form of IPO,1,Overview of US Financial Markets,osbooks-principles-finance\modules\m00073\index.cnxml,no,,,no genus stated,a company,formed for the purpose of raising capital through an IPO to acquire an existing private company,
speculating,"attempting to profit by betting on the uncertain future, knowing that a risk of loss is involved",1,The Importance of Risk Management,osbooks-principles-finance\modules\m00127\index.cnxml,yes,attempting to profit,"by betting on the uncertain future, knowing that a risk of loss is involved",,,,
speculative motive,a reason for holding an amount of cash—to be able to take advantage of investment opportunities,1,Cash Management,osbooks-principles-finance\modules\m00122\index.cnxml,yes,a reason for holding an amount of cash,to be able to take advantage of investment opportunities,,,,
spot exchange rate,the price to immediately buy one currency in terms of another currency,1,Foreign Exchange Rates,osbooks-principles-finance\modules\m00022\index.cnxml,yes,the price,to immediately buy one currency in terms of another currency,,,,
spot rate,the current market exchange rate,1,Exchange Rates and Risk,osbooks-principles-finance\modules\m00129\index.cnxml,no,,,circular,an exchange rate,that is current and market-determined,
stakeholder,a person with an interest or concern in a business,1,Relationship between Shareholders and Company Management,osbooks-principles-finance\modules\m00012\index.cnxml,yes,a person,with an interest or concern in a business,,,,
standard deviation,a measure of the spread of a data set that indicates how far a typical data value is from the mean,1,Measures of Spread,osbooks-principles-finance\modules\m00079\index.cnxml,yes,a measure of the spread of a data set,that indicates how far a typical data value is from the mean,,,,
statement of cash flows,financial statement listing the cash inflows and cash outflows for the business for a period of time | a financial statement that lists a firm’s cash inflows and outflows over a given period of time,2,The Income Statement; The Importance of Forecasting,osbooks-principles-finance\modules\m00031\index.cnxml; osbooks-principles-finance\modules\m00113\index.cnxml,yes,financial statement,listing the cash inflows and cash outflows for the business for a period of time,,,,
statement of stockholders’ equity,a financial statement that reports the difference between the beginning and ending balances of each of the stockholders’ equity accounts during a given period,1,The Importance of Forecasting,osbooks-principles-finance\modules\m00113\index.cnxml,yes,a financial statement,that reports the difference between the beginning and ending balances of each of the stockholders’ equity accounts during a given period,,,,
stock corporation,"a for-profit organization that issues shares of stock to shareholders (also known as stockholders) to raise capital, with each share representing partial ownership of the corporation and granting shareholders certain ownership rights to shape company policies",1,Business Structures,osbooks-principles-finance\modules\m00011\index.cnxml,yes,a for-profit organization,"that issues shares of stock to shareholders (also known as stockholders) to raise capital, with each share representing partial ownership of the corporation and granting shareholders certain ownership rights to shape company policies",,,,
stock returns,sums the periodic dividend payments plus the change in stock price in a given period divided by the stock price at the beginning of the period,1,Historical Picture of Returns to Stocks,osbooks-principles-finance\modules\m00076\index.cnxml,no,,,no genus stated,a measure,that sums the periodic dividend payments plus the change in stock price in a given period divided by the stock price at the beginning of the period,
stock value,"also called intrinsic value; the fundamental, objective value of a share of stock",1,Multiple Approaches to Stock Valuation,osbooks-principles-finance\modules\m00067\index.cnxml,no,,,circular,value,of a share of stock that is fundamental and objective,
stockout costs,an opportunity cost (lost revenue) incurred when a customer order cannot be filled because the item is out of stock and the customer goes elsewhere for the product,1,Inventory Management,osbooks-principles-finance\modules\m00124\index.cnxml,yes,an opportunity cost,(lost revenue) incurred when a customer order cannot be filled because the item is out of stock and the customer goes elsewhere for the product,,,,
strike price (exercise price),the price an option holder pays for the underlying asset when exercising the option,1,Exchange Rates and Risk,osbooks-principles-finance\modules\m00129\index.cnxml,yes,the price,an option holder pays for the underlying asset when exercising the option,,,,
structured settlements,"monetary legal settlements that are paid out in installments, such as an annuity, rather than a lump sum cash amount",1,Annuities,osbooks-principles-finance\modules\m00053\index.cnxml,yes,monetary legal settlements,"that are paid out in installments, such as an annuity, rather than a lump sum cash amount",,,,
subscriber,"an initial shareholder of a company at the time of its incorporation whose name appears on the memorandum of association, a legal document prepared in the formation and registration process of a company to define its relationship with shareholders",1,Relationship between Shareholders and Company Management,osbooks-principles-finance\modules\m00012\index.cnxml,yes,an initial shareholder of a company at the time of its incorporation,"whose name appears on the memorandum of association, a legal document prepared in the formation and registration process of a company to define its relationship with shareholders",,,,
supply,"the quantity of a good or service that firms are willing to sell in the market during a given time period, ceteris paribus",1,Microeconomics,osbooks-principles-finance\modules\m00018\index.cnxml,yes,the quantity of a good or service,"that firms are willing to sell in the market during a given time period, ceteris paribus",,,,
supply chain,the network of participants and activities between a company and its suppliers and the company and its customers; exists to distribute a product or to provide a service to the final buyer,1,Inventory Management,osbooks-principles-finance\modules\m00124\index.cnxml,yes,the network of participants and activities,between a company and its suppliers and the company and its customers; exists to distribute a product or to provide a service to the final buyer,,,,
swap,"an agreement between two parties to exchange something, such as their obligations to make specified payment streams",1,Interest Rate Risk,osbooks-principles-finance\modules\m00130\index.cnxml,yes,an agreement between two parties,"to exchange something, such as their obligations to make specified payment streams",,,,
systematic risk,risk that impacts the entire market and cannot be diversified away; also known as market risk,1,Risk and Return to Multiple Assets,osbooks-principles-finance\modules\m00094\index.cnxml,yes,risk,that impacts the entire market and cannot be diversified away,,,,
T-account,a graphic representation of a general ledger account in which each account is visually split into left and right sides,1,Economic Basis for Accrual Accounting,osbooks-principles-finance\modules\m00026\index.cnxml,yes,a graphic representation of a general ledger account,in which each account is visually split into left and right sides,,,,
tangible asset,an asset that has physical substance,1,When Should a Company Capitalize or Expense an Item?,osbooks-principles-finance\modules\m00028\index.cnxml,yes,an asset,that has physical substance,,,,
term risk,the risk of potentially earning lower returns on longer-term bond holdings compared to those potentially available when making several shorter-term investments over the same period of time,1,Risks of Interest Rates and Default,osbooks-principles-finance\modules\m00064\index.cnxml,yes,the risk,of potentially earning lower returns on longer-term bond holdings compared to those potentially available when making several shorter-term investments over the same period of time,,,,
time series graph,"a graphical display used to show measurement data plotted versus time, where time is displayed on the horizontal axis",1,Data Visualization and Graphical Displays,osbooks-principles-finance\modules\m00083\index.cnxml,yes,a graphical display,"used to show measurement data plotted versus time, where time is displayed on the horizontal axis",,,,
time value of money (TMV),the concept that an amount of money is worth more today than the exact same amount of money at some point in the future,1,Now versus Later Concepts,osbooks-principles-finance\modules\m00047\index.cnxml,yes,the concept,that an amount of money is worth more today than the exact same amount of money at some point in the future,,,,
times interest earned (TIE) ratio,measures the company’s ability to pay interest expense on long-term debt incurred,1,Solvency Ratios,osbooks-principles-finance\modules\m00043\index.cnxml,no,,,no genus stated,a financial ratio,that measures the company’s ability to pay interest expense on long-term debt incurred,
total asset turnover,measures the ability of a company to use its assets to generate revenues,1,Operating Efficiency Ratios,osbooks-principles-finance\modules\m00041\index.cnxml,no,,,no genus stated,a financial ratio,that measures the ability of a company to use its assets to generate revenues,
total returns,the sum of all cash flows received from an investment; includes periodic cash flows plus price appreciation or price depreciation,1,Historical Picture of Returns to Bonds,osbooks-principles-finance\modules\m00075\index.cnxml,yes,the sum of all cash flows received from an investment,includes periodic cash flows plus price appreciation or price depreciation,,,,
trade credit,"credit granted to a business, also called accounts payable; allows a business to buy goods and services on account and pay the cash at some point in the future",1,What Is Working Capital?,osbooks-principles-finance\modules\m00120\index.cnxml,yes,credit,"granted to a business, also called accounts payable; allows a business to buy goods and services on account and pay the cash at some point in the future",,,,
trade-off theory,a theory stating that the total value of a levered company is the value of the firm without leverage plus the value of the interest tax shield less financial distress costs,1,Optimal Capital Structure,osbooks-principles-finance\modules\m00110\index.cnxml,yes,a theory,stating that the total value of a levered company is the value of the firm without leverage plus the value of the interest tax shield less financial distress costs,,,,
transaction exposure,the risk that the value of a business’s expected receipts or expenses will change as a result of a change in currency exchange rates,1,Foreign Exchange Rates,osbooks-principles-finance\modules\m00022\index.cnxml,yes,the risk,that the value of a business’s expected receipts or expenses will change as a result of a change in currency exchange rates,,,,
transaction risk,the risk that a change in exchange rates will impact the value of a business’s expected receipts or expenses,1,Exchange Rates and Risk,osbooks-principles-finance\modules\m00129\index.cnxml,yes,the risk,that a change in exchange rates will impact the value of a business’s expected receipts or expenses,,,,
transactional motive,"holding an amount of cash to meet operational expenditures such as payroll, payments to vendors, and loan payments",1,Cash Management,osbooks-principles-finance\modules\m00122\index.cnxml,no,,,no genus stated,a motive for holding cash,"to meet operational expenditures such as payroll, payments to vendors, and loan payments",
translation exposure,the risk that a change in exchange rates will impact the financial statements of a company,1,Foreign Exchange Rates,osbooks-principles-finance\modules\m00022\index.cnxml,yes,the risk,that a change in exchange rates will impact the financial statements of a company,,,,
translation risk,the risk that a change in exchange rates will impact the value of items on a company’s financial statements,1,Exchange Rates and Risk,osbooks-principles-finance\modules\m00129\index.cnxml,yes,the risk,that a change in exchange rates will impact the value of items on a company’s financial statements,,,,
treasurer,"position responsible for monitoring cash flow at a firm and frequently is the contact person for bankers, underwriters, and other outside sources of financing",1,The Role of Finance in an Organization,osbooks-principles-finance\modules\m00003\index.cnxml,yes,position,"responsible for monitoring cash flow at a firm and frequently is the contact person for bankers, underwriters, and other outside sources of financing",,,,
Treasury bills (T-bills),short-term debt obligations of one year or less issued by the US government | short-term debt instruments issued by the federal government and maturing in a year or less,2,Financial Instruments; Overview of US Financial Markets,osbooks-principles-finance\modules\m00008\index.cnxml; osbooks-principles-finance\modules\m00073\index.cnxml,yes,short-term debt obligations,of one year or less issued by the US government,,,,
Treasury bonds,long-term debt obligations issued by the US government characterized by having maturities of greater than 10 years and making periodic interest payments as well as principal payment at maturity | government debt instruments with maturities of 20 or 30 years,2,Financial Instruments; Overview of US Financial Markets,osbooks-principles-finance\modules\m00008\index.cnxml; osbooks-principles-finance\modules\m00073\index.cnxml,yes,long-term debt obligations issued by the US government,characterized by having maturities of greater than 10 years and making periodic interest payments as well as principal payment at maturity,,,,
Treasury investments,"debt obligations such as T-bills (Treasury bills), bonds, and notes issued by the US Department of the Treasury",1,Time Value of Money (TVM) Basics,osbooks-principles-finance\modules\m00048\index.cnxml,no,,,gives examples instead of a genus,debt obligations,issued by the US Department of the Treasury,
Treasury notes,long-term debt obligations issued by the US government characterized by having maturities of 2 to 10 years and making periodic interest payment as well as principal payment at maturity,1,Financial Instruments,osbooks-principles-finance\modules\m00008\index.cnxml,yes,long-term debt obligations issued by the US government,characterized by having maturities of 2 to 10 years and making periodic interest payment as well as principal payment at maturity,,,,
Treasury notes (T-notes),"government debt instruments with maturities of 2, 3, 5, 7, or 10 years",1,Overview of US Financial Markets,osbooks-principles-finance\modules\m00073\index.cnxml,yes,government debt instruments,"with maturities of 2, 3, 5, 7, or 10 years",,,,
Treynor ratio,"a reward-to-risk measure of portfolio performance, calculated by subtracting the risk-free rate from the average portfolio return and then dividing by the beta of the portfolio",1,Applications in Performance Measurement,osbooks-principles-finance\modules\m00096\index.cnxml,yes,a reward-to-risk measure of portfolio performance,calculated by subtracting the risk-free rate from the average portfolio return and then dividing by the beta of the portfolio,,,,
underinvested,describes an insufficient amount of investment or an investment that is earning an insufficient rate of interest,1,Applications of TVM in Finance,osbooks-principles-finance\modules\m00050\index.cnxml,no,,,"descriptive, not a category",a state,where there is an insufficient amount of investment or an investment that is earning an insufficient rate of interest,
unemployed,members of the labor force who are not currently working but are actively seeking a job,1,Macroeconomics,osbooks-principles-finance\modules\m00019\index.cnxml,yes,members of the labor force,who are not currently working but are actively seeking a job,,,,
uninvested,"describes cash that is being held in reserve, is not invested in an account or financial instrument, and is not earning interest or any return",1,Applications of TVM in Finance,osbooks-principles-finance\modules\m00050\index.cnxml,no,,,"descriptive, not a category",cash,"that is being held in reserve, is not invested in an account or financial instrument, and is not earning interest or any return",
unlevered equity,equity in a firm that has no debt outstanding,1,Capital Structure Choices,osbooks-principles-finance\modules\m00109\index.cnxml,yes,equity in a firm,that has no debt outstanding,,,,
US Treasury bills (T-bills),short-term US government debt obligations backed by the Treasury Department with a maturity of one year or less,1,Characteristics of Bonds,osbooks-principles-finance\modules\m00061\index.cnxml,yes,US government debt obligations,backed by the Treasury Department with a maturity of one year or less,,,,
US Treasury note rate,"the interest rate that the US government pays to borrow money for different lengths of time; notes are issued in terms of two, three, five, seven, and 10 years",1,Characteristics of Bonds,osbooks-principles-finance\modules\m00061\index.cnxml,yes,the interest rate,"that the US government pays to borrow money for different lengths of time; notes are issued in terms of two, three, five, seven, and 10 years",,,,
variance,the measure of the spread of data values calculated as the square of the standard deviation,1,Measures of Spread,osbooks-principles-finance\modules\m00079\index.cnxml,yes,the measure of the spread of data values,calculated as the square of the standard deviation,,,,
vertical integration,the merger of a company with its supplier,1,Commodity Price Risk,osbooks-principles-finance\modules\m00128\index.cnxml,yes,the merger of a company,with its supplier,,,,
weighted average cost of capital (WACC),"the average of a firm’s debt and equity costs of capital, weighted by the fractions of the firm’s value that correspond to debt and equity",1,The Concept of Capital Structure,osbooks-principles-finance\modules\m00106\index.cnxml,yes,the average of a firm’s debt and equity costs of capital,weighted by the fractions of the firm’s value that correspond to debt and equity,,,,
weighted mean,a measure of center of a data set in which each data value has a corresponding weighting,1,Measures of Center,osbooks-principles-finance\modules\m00078\index.cnxml,yes,a measure of center of a data set,in which each data value has a corresponding weighting,,,,
working capital,"the resources that are needed to meet the daily, weekly, and monthly operating cash flow needs",1,What Is Working Capital?,osbooks-principles-finance\modules\m00120\index.cnxml,yes,the resources,"that are needed to meet the daily, weekly, and monthly operating cash flow needs",,,,
working capital management,"the development, oversight, and management of a firm’s short-term assets and liabilities",1,What Is Finance?,osbooks-principles-finance\modules\m00002\index.cnxml,yes,"the development, oversight, and management",of a firm’s short-term assets and liabilities,,,,
x-axis,the horizontal axis in a rectangular coordinate system,1,Data Visualization and Graphical Displays,osbooks-principles-finance\modules\m00083\index.cnxml,yes,the horizontal axis,in a rectangular coordinate system,,,,
y-axis,the vertical axis in a rectangular coordinate system,1,Data Visualization and Graphical Displays,osbooks-principles-finance\modules\m00083\index.cnxml,yes,the vertical axis,in a rectangular coordinate system,,,,
yield curve,a line that plots yields (interest rates) of bonds having equal credit quality but differing maturity dates; gives an idea of future interest rate changes and economic activity,1,Using the Yield Curve,osbooks-principles-finance\modules\m00063\index.cnxml,yes,a line,that plots yields (interest rates) of bonds having equal credit quality but differing maturity dates; gives an idea of future interest rate changes and economic activity,,,,
yield to maturity (YTM),the total return anticipated on a bond if the investment is held until maturity,1,Characteristics of Bonds,osbooks-principles-finance\modules\m00061\index.cnxml,yes,the total return,anticipated on a bond if the investment is held until maturity,,,,
z-score (or z-value),"a measure of the position of a data value in the data set, calculated by subtracting the mean from the data value and then dividing the difference by the standard deviation",1,Measures of Position,osbooks-principles-finance\modules\m00080\index.cnxml,yes,a measure,"of the position of a data value in the data set, calculated by subtracting the mean from the data value and then dividing the difference by the standard deviation",,,,
zero-coupon bonds,bonds that are issued at a deep discount from face value and offer no interest or coupon payments,1,Characteristics of Bonds,osbooks-principles-finance\modules\m00061\index.cnxml,yes,bonds,that are issued at a deep discount from face value and offer no interest or coupon payments,,,,
