company,companyLabel,property,propertyLabel,statement,mainValue,mainValueLabel,qualifierProperty,qualifierPropertyLabel,qualifierValue
Q380,Meta,P1056,product or material produced,Q380-07085557-4bd9-a128-c76f-6668149e740f,Q1049511,Q1049511,,,
Q380,Meta,P1056,product or material produced,Q380-40cfcd07-415b-d488-3319-e407e026d41a,Q61058409,Facebook Custom Audience,,,
Q380,Meta,P1056,product or material produced,Q380-5a2c71c5-4d29-5ca1-7cb7-7c0f4b492af4,Q209330,Q209330,,,
Q380,Meta,P1056,product or material produced,Q380-5b861ed6-48c9-2804-3ef2-41f7d5f7dbf0,Q116947,Messenger,,,
Q380,Meta,P1056,product or material produced,Q380-a71f1731-4139-a977-1ed7-afb470617ea4,Q355,Facebook,,,
Q380,Meta,P1056,product or material produced,Q380-b774e2ec-4646-5c24-2299-47dcaa66b9ea,Q61058404,Meta pixel,,,
Q380,Meta,P1056,product or material produced,Q380-FDBDF816-2F9E-4E08-87AC-EB728E8F8267,Q7397,software,,,
Q380,Meta,P127,owned by,Q380-2f52909b-48a8-be77-4820-3641e47e44a8,Q36215,Mark Zuckerberg,P585,point in time,2015-03-31T00:00:00Z
Q380,Meta,P127,owned by,Q380-2f52909b-48a8-be77-4820-3641e47e44a8,Q36215,Mark Zuckerberg,P1107,proportion,0.539
Q380,Meta,P127,owned by,Q380-40cb6662-45ac-a617-a4ca-c8af57d53e09,Q219635,BlackRock,P585,point in time,2021-03-31T00:00:00Z
Q380,Meta,P127,owned by,Q380-40cb6662-45ac-a617-a4ca-c8af57d53e09,Q219635,BlackRock,P1013,criterion used,Q2350092
Q380,Meta,P127,owned by,Q380-40cb6662-45ac-a617-a4ca-c8af57d53e09,Q219635,BlackRock,P1107,proportion,0.023
Q380,Meta,P127,owned by,Q380-422803fc-4749-16ec-3e43-cef9ef21bd55,Q312663,Eduardo Saverin,P585,point in time,2021-03-31T00:00:00Z
Q380,Meta,P127,owned by,Q380-422803fc-4749-16ec-3e43-cef9ef21bd55,Q312663,Eduardo Saverin,P1013,criterion used,Q2350092
Q380,Meta,P127,owned by,Q380-422803fc-4749-16ec-3e43-cef9ef21bd55,Q312663,Eduardo Saverin,P1107,proportion,0.069
Q380,Meta,P127,owned by,Q380-67777fed-4a5d-605d-ab8c-9d27b9eefb49,Q312663,Eduardo Saverin,P585,point in time,2015-03-31T00:00:00Z
Q380,Meta,P127,owned by,Q380-67777fed-4a5d-605d-ab8c-9d27b9eefb49,Q312663,Eduardo Saverin,P1107,proportion,0.061
Q380,Meta,P127,owned by,Q380-d7bb16cc-4ef7-799f-2fae-d97aad096ee2,Q370217,Dustin Moskovitz,P585,point in time,2021-03-31T00:00:00Z
Q380,Meta,P127,owned by,Q380-d7bb16cc-4ef7-799f-2fae-d97aad096ee2,Q370217,Dustin Moskovitz,P1013,criterion used,Q2350092
Q380,Meta,P127,owned by,Q380-d7bb16cc-4ef7-799f-2fae-d97aad096ee2,Q370217,Dustin Moskovitz,P1107,proportion,0.038
Q380,Meta,P127,owned by,Q380-eca19b97-45e3-0313-1447-4ca370f3c4ed,Q36215,Mark Zuckerberg,P585,point in time,2021-03-31T00:00:00Z
Q380,Meta,P127,owned by,Q380-eca19b97-45e3-0313-1447-4ca370f3c4ed,Q36215,Mark Zuckerberg,P1013,criterion used,Q2350092
Q380,Meta,P127,owned by,Q380-eca19b97-45e3-0313-1447-4ca370f3c4ed,Q36215,Mark Zuckerberg,P1107,proportion,0.529
Q380,Meta,P127,owned by,Q380-f9fed407-49fb-ac30-b734-a05c96605265,Q370217,Dustin Moskovitz,P585,point in time,2015-03-31T00:00:00Z
Q380,Meta,P127,owned by,Q380-f9fed407-49fb-ac30-b734-a05c96605265,Q370217,Dustin Moskovitz,P1107,proportion,0.062
Q380,Meta,P169,chief executive officer,Q380-d7e460ce-427e-f6c0-917a-224e398a7ebc,Q36215,Mark Zuckerberg,P580,start time,2004-02-04T00:00:00Z
Q380,Meta,P355,child organization or unit,Q380-04d9e816-4a5a-89de-91ff-4f5e27eb5103,Q61058375,Facebook Ireland Limited,P580,start time,2004-01-01T00:00:00Z
Q380,Meta,P355,child organization or unit,Q380-04d9e816-4a5a-89de-91ff-4f5e27eb5103,Q61058375,Facebook Ireland Limited,P1001,applies to jurisdiction,Q8932
Q380,Meta,P355,child organization or unit,Q380-04d9e816-4a5a-89de-91ff-4f5e27eb5103,Q61058375,Facebook Ireland Limited,P1001,applies to jurisdiction,Q22890
Q380,Meta,P355,child organization or unit,Q380-3522d1c4-4ec1-b555-92bc-4b79158cdc58,Q17985544,Mapillary,P580,start time,2020-06-18T00:00:00Z
Q380,Meta,P355,child organization or unit,Q380-38367bda-49bc-103d-b4be-4c1403ec6bd7,Q52410688,WhatsApp LLC,P580,start time,2014-01-01T00:00:00Z
Q380,Meta,P355,child organization or unit,Q380-4d813eb7-422b-44b7-b09b-165d359606ed,Q107361304,Meta Spark Studio,P580,start time,2017-01-01T00:00:00Z
Q380,Meta,P355,child organization or unit,Q380-4d813eb7-422b-44b7-b09b-165d359606ed,Q107361304,Meta Spark Studio,P582,end time,2024-12-31T00:00:00Z
Q380,Meta,P355,child organization or unit,Q380-7498e4fc-46c5-b019-9e8d-df08310e2560,Q16321326,Reality Labs,P580,start time,2004-01-01T00:00:00Z
Q380,Meta,P355,child organization or unit,Q380-7f5db5ea-4e71-dcbb-527c-8e91def9f0a0,Q92586587,PlayGiga,P580,start time,2019-12-01T00:00:00Z
Q380,Meta,P355,child organization or unit,Q380-F75C62AE-268C-4D02-A818-338FFDF3B15D,Q29123981,Facebook (Israel),P580,start time,2004-01-01T00:00:00Z
Q380,Meta,P355,child organization or unit,Q380-0f19dc5b-4d22-258c-4b93-5ec083f3442b,Q209330,Q209330,,,
Q380,Meta,P355,child organization or unit,Q380-1f743774-4808-f0b0-4820-f371d77893df,Q85760291,Oversight Board,,,
Q380,Meta,P355,child organization or unit,Q380-425cef10-41b1-88f5-7050-2eb67e85ba8f,Q19865830,Facebook Israel,,,
Q380,Meta,P355,child organization or unit,Q380-c95263a0-4813-33f7-d9a8-c6884bff96ad,Q64732680,Novi Financial,,,
Q380,Meta,P355,child organization or unit,Q380-dec704b8-4fb6-32ad-bb6f-26eb1be5e5be,Q106859693,Cassin Networks ApS,,,
Q380,Meta,P355,child organization or unit,Q380-e6bf0041-4ca9-e883-7016-965756959678,Q110541711,"Facebook Overseas, Inc",,,
Q380,Meta,P355,child organization or unit,Q380-e9f0b4c2-49f0-4174-cd18-14113ec3e4f5,Q81063275,Beat Games,,,
Q380,Meta,P355,child organization or unit,Q380-ec862d77-4ea9-d428-9423-ddd5c9677236,Q28943651,Facebook AI Research,,,
Q380,Meta,P355,child organization or unit,Q380-f101f4cf-48f2-03da-6214-b6124f8e0413,Q106859740,Facebook International Operations Limited,,,
Q380,Meta,P361,part of,Q380-8a0e81bd-4b65-af25-baf9-8264eef5dbe6,Q56276799,"Facebook, Apple, Amazon, Netflix and Google",,,
Q380,Meta,P361,part of,Q380-8ca63fd4-4af7-239e-c810-d1082cc47667,Q1546793,S&P 100,,,
Q380,Meta,P361,part of,Q380-9c60ca6f-40b5-8332-8a93-a7603263b954,Q3122864,Big Tech,,,
Q380,Meta,P361,part of,Q380-b4d35d0b-47c2-a69a-1698-c3fdb8b94172,Q133989581,Silicon Six,,,
Q380,Meta,P361,part of,Q380-cc60cc17-4be2-78cc-f3e7-7c114a73b54c,Q242345,S&P 500,,,
Q380,Meta,P361,part of,Q380-EB91C009-FFCD-4EB0-9E9F-89ADD616C78C,Q773026,Dow Jones Global Titans 50,,,
Q380,Meta,P361,part of,Q380-b39728c7-40b1-442b-edc4-fb6e3ce42371,Q134661623,list of companies involved in the Gaza war,,,
Q380,Meta,P452,industry,Q380-9d009aa9-4158-e0ad-59a5-c29b2a6fa808,Q11661,information technology,,,
Q3511885,T-Mobile US,P127,owned by,Q3511885-77857d7b-4cce-dd84-8828-6e594cd41953,Q201653,SoftBank Group,P1107,proportion,0.033
Q3511885,T-Mobile US,P127,owned by,Q3511885-B3D89189-83B3-4D31-9A07-023A3534F5B9,Q9396,Deutsche Telekom,,,
Q3511885,T-Mobile US,P169,chief executive officer,Q3511885-2b56fe20-4945-6d5f-3db6-a66487220ce5,Q15109662,John Legere,P580,start time,2012-01-01T00:00:00Z
Q3511885,T-Mobile US,P169,chief executive officer,Q3511885-2b56fe20-4945-6d5f-3db6-a66487220ce5,Q15109662,John Legere,P582,end time,2020-01-01T00:00:00Z
Q3511885,T-Mobile US,P169,chief executive officer,Q3511885-4fc029f8-47ac-b924-3a39-bd83a376675f,Q79960347,Mike Sievert,P580,start time,2020-01-01T00:00:00Z
Q3511885,T-Mobile US,P355,child organization or unit,Q3511885-9582b9c3-4ec4-3ff8-e571-f5289da50f98,Q5980246,iWireless,,,
Q3511885,T-Mobile US,P355,child organization or unit,Q3511885-e45cb65a-4a7e-9ad3-7415-da318e039937,Q1925685,Metro by T-Mobile,,,
Q3511885,T-Mobile US,P361,part of,Q3511885-375f3b9c-4080-e3b1-1bf1-b536a7a2d045,Q242345,S&P 500,,,
Q3511885,T-Mobile US,P361,part of,Q3511885-42946413-4b06-3f4c-e59d-12c21de77cc0,Q507306,Nasdaq-100,,,
Q3511885,T-Mobile US,P361,part of,Q3511885-DAE45A82-B996-4E01-92F0-E72EA1E17CEF,Q1546793,S&P 100,,,
Q3511885,T-Mobile US,P452,industry,Q3511885-4043779a-40cc-0438-c3cb-405274623f95,Q56598901,mobile phone industry,,,
Q3511885,T-Mobile US,P452,industry,Q3511885-43515b2e-415e-28ec-db70-1fe1bd0558a4,Q2401742,telecommunications,,,
Q248,Intel,P1056,product or material produced,Q248-DA4CF73A-66B9-4E30-A7F7-8CFE297221F8,Q137718033,Q137718033,,,
Q248,Intel,P127,owned by,Q248-bcf85c3e-48ab-8cd3-70ef-2e5139624e70,Q849363,The Vanguard Group,P585,point in time,2025-03-19T00:00:00Z
Q248,Intel,P127,owned by,Q248-bcf85c3e-48ab-8cd3-70ef-2e5139624e70,Q849363,The Vanguard Group,P1107,proportion,0.0885
Q248,Intel,P127,owned by,Q248-d934bcc1-43bb-1a31-fb63-cbc96cda0759,Q219635,BlackRock,P585,point in time,2025-03-19T00:00:00Z
Q248,Intel,P127,owned by,Q248-d934bcc1-43bb-1a31-fb63-cbc96cda0759,Q219635,BlackRock,P1107,proportion,0.0782
Q248,Intel,P169,chief executive officer,Q248-078050ed-491c-1983-0f30-ec73fd0b1891,Q432929,Andrew Grove,P580,start time,1987-01-01T00:00:00Z
Q248,Intel,P169,chief executive officer,Q248-078050ed-491c-1983-0f30-ec73fd0b1891,Q432929,Andrew Grove,P582,end time,1998-01-01T00:00:00Z
Q248,Intel,P169,chief executive officer,Q248-0e739d95-47e3-bedc-228c-5336249a882a,Q7143480,Pat Gelsinger,P580,start time,2021-02-15T00:00:00Z
Q248,Intel,P169,chief executive officer,Q248-0e739d95-47e3-bedc-228c-5336249a882a,Q7143480,Pat Gelsinger,P582,end time,2024-12-01T00:00:00Z
Q248,Intel,P169,chief executive officer,q248-2734ecd8-4b99-0280-b495-50a18e9b1a73,Q12572999,Brian Krzanich,P580,start time,2013-05-16T00:00:00Z
Q248,Intel,P169,chief executive officer,q248-2734ecd8-4b99-0280-b495-50a18e9b1a73,Q12572999,Brian Krzanich,P582,end time,2018-06-21T00:00:00Z
Q248,Intel,P169,chief executive officer,q248-27fbd247-4fb3-3167-9c11-1edc958709c0,Q1148995,Paul Otellini,P580,start time,2005-05-18T00:00:00Z
Q248,Intel,P169,chief executive officer,q248-27fbd247-4fb3-3167-9c11-1edc958709c0,Q1148995,Paul Otellini,P582,end time,2013-05-02T00:00:00Z
Q248,Intel,P169,chief executive officer,Q248-431dfd12-4728-9903-d6ee-4303b0b19101,Q55819738,Bob Swan,P580,start time,2018-06-21T00:00:00Z
Q248,Intel,P169,chief executive officer,Q248-431dfd12-4728-9903-d6ee-4303b0b19101,Q55819738,Bob Swan,P582,end time,2021-02-15T00:00:00Z
Q248,Intel,P169,chief executive officer,Q248-7b9ea32b-4ccd-e6ad-bd43-0b6a93c2107f,Q241735,Robert Noyce,P580,start time,1968-01-01T00:00:00Z
Q248,Intel,P169,chief executive officer,Q248-7b9ea32b-4ccd-e6ad-bd43-0b6a93c2107f,Q241735,Robert Noyce,P582,end time,1975-01-01T00:00:00Z
Q248,Intel,P169,chief executive officer,Q248-c20f8a79-47ac-1525-2433-1b9e8f8d7769,Q243969,Gordon Moore,P580,start time,1975-01-01T00:00:00Z
Q248,Intel,P169,chief executive officer,Q248-c20f8a79-47ac-1525-2433-1b9e8f8d7769,Q243969,Gordon Moore,P582,end time,1987-01-01T00:00:00Z
Q248,Intel,P169,chief executive officer,Q248-cfd38481-46cd-55f2-ec53-432a17568f60,Q2564082,Craig R. Barrett,P580,start time,1998-01-01T00:00:00Z
Q248,Intel,P169,chief executive officer,Q248-cfd38481-46cd-55f2-ec53-432a17568f60,Q2564082,Craig R. Barrett,P582,end time,2005-01-01T00:00:00Z
Q248,Intel,P169,chief executive officer,Q248-047ed784-4512-c3a5-2133-29bded802bc5,Q131981722,Michelle Johnston Holthaus,,,
Q248,Intel,P1830,owner of,Q248-3b7c06f1-455d-0c57-b6c2-db04b844f740,Q214314,Pentium,,,
Q248,Intel,P1830,owner of,Q248-537D6EF5-F4FF-4533-AB09-73060D52D999,Q7943726,Vuzix,,,
Q248,Intel,P1830,owner of,Q248-7B7052D4-98C9-462F-B0AC-A37AC69D574D,Q25210951,Movidius,,,
Q248,Intel,P1830,owner of,Q248-883568F4-CE61-4643-B3DD-DDB61C2979AA,Q267313,"McAfee, LLC",,,
Q248,Intel,P1830,owner of,Q248-A9250A3F-812A-4620-87E0-1333BCE142F9,Q1746945,Wind River Systems,,,
Q248,Intel,P1830,owner of,Q248-D9AF2CED-FF19-4FA9-8B43-EB935FAF02D3,Q83382,Pentium III,,,
Q248,Intel,P355,child organization or unit,Q248-141dd14e-4df5-cbb5-3acd-976ef30ef2c7,Q4041454,Intel Architecture Labs,,,
Q248,Intel,P355,child organization or unit,Q248-151E254A-788A-4A4E-A535-848EF387CF67,Q29000319,Intel (Germany),,,
Q248,Intel,P355,child organization or unit,Q248-1F1A67AC-A6F4-4B05-BC2B-9C7DAEFE95AE,Q1746945,Wind River Systems,,,
Q248,Intel,P355,child organization or unit,Q248-2FF09141-FEF6-440C-94D0-A0773B26C866,Q7935252,Virtutech,,,
Q248,Intel,P355,child organization or unit,Q248-3832A11D-E7DE-4986-AF5D-BCEAA2D7574F,Q29000320,Intel (India),,,
Q248,Intel,P355,child organization or unit,Q248-48428DF0-5DE8-43F5-B9B2-78FFB7FA7DFA,Q115663597,Intel Israel,,,
Q248,Intel,P355,child organization or unit,Q248-704b9b3a-4cd2-8083-62b9-786f8e43e7ae,Q2901365,Mobileye,,,
Q248,Intel,P355,child organization or unit,Q248-75B18011-46BC-41C2-ACA2-F3BC41CF3FB2,Q18351734,Intel Capital,,,
Q248,Intel,P355,child organization or unit,Q248-A1009757-4A3E-48DA-82C9-9BBA1DB1A4D8,Q267313,"McAfee, LLC",,,
Q248,Intel,P355,child organization or unit,Q248-AE62810F-C557-41A3-BB5E-91590A03EC15,Q16997084,Intel Ireland,,,
Q248,Intel,P361,part of,Q248-10BC2374-A748-4FEB-938C-DCF7A8F296BD,Q242345,S&P 500,,,
Q248,Intel,P361,part of,Q248-92435EAE-C535-43B3-914B-A07817D1B110,Q180816,Dow Jones Industrial Average,,,
Q248,Intel,P361,part of,Q248-BDFCC641-C327-4EA3-94CD-48AAA7FD6D8E,Q507306,Nasdaq-100,,,
Q248,Intel,P361,part of,Q248-C323B9F0-DB0B-4D50-92AA-527B011114C3,Q773026,Dow Jones Global Titans 50,,,
Q248,Intel,P361,part of,Q248-0002922D-A2D9-4A01-8A39-58028828B30A,Q1546793,S&P 100,,,
Q248,Intel,P452,industry,Q248-7FA2E013-7BC2-4648-8B56-0D51789706C9,Q2986369,semiconductor industry,,,
Q248,Intel,P452,industry,Q248-BCBE81B6-BBB5-4087-97C0-494D9895878E,Q1326885,electrical industry,,,
Q19900,Oracle Corporation,P1056,product or material produced,Q19900-2BFB9581-DB3C-4E4A-B5BA-95ADC65C61EA,Q7397,software,,,
Q19900,Oracle Corporation,P1056,product or material produced,Q19900-5c3fbd44-400f-88b2-7f4e-3407084853d8,Q176165,database management system,,,
Q19900,Oracle Corporation,P1056,product or material produced,Q19900-794e18ca-4711-3d25-ad8a-4c7fde6b0016,Q3932296,relational database management system,,,
Q19900,Oracle Corporation,P1056,product or material produced,Q19900-97fda271-4c54-63ea-df89-4e21f3da5e84,Q28231474,API management,,,
Q19900,Oracle Corporation,P127,owned by,Q19900-2a49b80d-4dce-970f-cc19-61d63765f9cd,Q92759,Larry Ellison,P1107,proportion,0.341
Q19900,Oracle Corporation,P127,owned by,Q19900-667134c6-4569-c3a6-74f3-c87b042094a7,Q505275,Capital Group Companies,P1107,proportion,0.147
Q19900,Oracle Corporation,P127,owned by,Q19900-d04ae433-453e-9389-9d99-6eb0d7b93ec2,Q849363,The Vanguard Group,P1107,proportion,0.053
Q19900,Oracle Corporation,P1830,owner of,Q19900-06CBB399-D5D7-45F7-BC47-A433F913DF11,Q2005,JavaScript,,,
Q19900,Oracle Corporation,P1830,owner of,Q19900-1C4E2465-6D8F-4818-9701-24EED266DCB0,Q1431991,Hyperion Solutions Corporation,,,
Q19900,Oracle Corporation,P1830,owner of,Q19900-2BD78224-3BF8-4D3D-B36D-265246377988,Q1928814,PeopleSoft,,,
Q19900,Oracle Corporation,P1830,owner of,Q19900-38E852DB-BDC3-4AC0-A415-72DA0571E8DF,Q1000428,MySQL AB,,,
Q19900,Oracle Corporation,P1830,owner of,Q19900-40154A04-0FBC-43DF-B1D3-035B3AA26923,Q288567,iPlanet,,,
Q19900,Oracle Corporation,P1830,owner of,Q19900-4779EE02-BFD2-4600-9CE2-93FD3DC74D7C,Q352773,AddThis,,,
Q19900,Oracle Corporation,P1830,owner of,Q19900-72188DE3-2220-471F-B12B-A473E6D47DE2,Q4385596,java.net,,,
Q19900,Oracle Corporation,P1830,owner of,Q19900-7434DC45-6DD4-44EA-9782-0A3259B7EB06,Q7679213,Taleo,,,
Q19900,Oracle Corporation,P1830,owner of,Q19900-806d9da7-478f-b7f6-2861-07a349ed8294,Q4045248,NetSuite,,,
Q19900,Oracle Corporation,P1830,owner of,Q19900-88E802AF-2515-4F01-9C48-5541044C261F,Q14647,Sun Microsystems,,,
Q19900,Oracle Corporation,P1830,owner of,Q19900-9DEE5AE8-CF19-4E08-8AF4-D35E2A361057,Q41574,PL/SQL,,,
Q19900,Oracle Corporation,P1830,owner of,Q19900-BD2CF784-D87C-4ED3-A973-23DC05E031C4,Q2456368,JD Edwards,,,
Q19900,Oracle Corporation,P1830,owner of,Q19900-F13350BA-F5F9-4F30-9979-BE09B9ECF1D8,Q7249173,Project Kenai,,,
Q19900,Oracle Corporation,P355,child organization or unit,Q19900-30CAEDD9-70D9-4B4F-9C76-BCA1E19143E8,Q28974600,Oracle (Israel),,,
Q19900,Oracle Corporation,P355,child organization or unit,Q19900-59251046-8D63-4FB9-8CD2-863464E87E90,Q2456368,JD Edwards,,,
Q19900,Oracle Corporation,P355,child organization or unit,Q19900-8cc7ba3b-4737-cf43-704e-79abed93d092,Q62098594,Oracle France,,,
Q19900,Oracle Corporation,P355,child organization or unit,Q19900-8FC19EF7-8CF1-47D8-B261-B5382D44A7B0,Q30338802,Oracle (India),,,
Q19900,Oracle Corporation,P355,child organization or unit,Q19900-964e4d44-43d7-c1b4-2385-be184441cdc6,Q14647,Sun Microsystems,,,
Q19900,Oracle Corporation,P355,child organization or unit,Q19900-B207FCA6-1535-4BED-BEA1-67C82C7D7BB9,Q28974598,Oracle Corporation UK,,,
Q19900,Oracle Corporation,P355,child organization or unit,Q19900-CA019359-CB40-4532-AE40-5AC4C9ED6F98,Q30338801,Oracle (Canada),,,
Q19900,Oracle Corporation,P361,part of,Q19900-d4cf663a-4760-ac41-54bb-d2db8c7dd4b3,Q242345,S&P 500,,,
Q19900,Oracle Corporation,P361,part of,Q19900-DF38D414-EC92-44E7-BAFC-D53745E0F9F2,Q773026,Dow Jones Global Titans 50,,,
Q19900,Oracle Corporation,P361,part of,Q19900-DFD4B19F-47D6-474F-BE72-62EB39F60B1E,Q1546793,S&P 100,,,
Q19900,Oracle Corporation,P452,industry,Q19900-303596e1-41a4-a52e-22f8-17a03296fbba,Q638608,software development,,,
Q19900,Oracle Corporation,P452,industry,Q19900-9533347c-4c6a-e432-440a-c7fd2be29b7a,Q1540863,information technology consulting,,,
Q328840,Visa Inc.,P1056,product or material produced,Q328840-F04163D0-E20D-483A-9328-A3FD244A1CCC,Q161380,credit card,,,
Q328840,Visa Inc.,P127,owned by,Q328840-6c0b6cca-4215-a319-22ec-e548444a6145,Q849363,The Vanguard Group,P585,point in time,2024-12-02T00:00:00Z
Q328840,Visa Inc.,P127,owned by,Q328840-6c0b6cca-4215-a319-22ec-e548444a6145,Q849363,The Vanguard Group,P1107,proportion,8.18
Q328840,Visa Inc.,P127,owned by,Q328840-0e0cf956-407e-a80d-0bf0-4228eab2a111,Q219635,BlackRock,P585,point in time,2024-12-02T00:00:00Z
Q328840,Visa Inc.,P127,owned by,Q328840-0e0cf956-407e-a80d-0bf0-4228eab2a111,Q219635,BlackRock,P1107,proportion,7.32
Q328840,Visa Inc.,P169,chief executive officer,Q328840-37f3d9a5-4f89-fc0e-efdf-58d941565f50,Q114837486,Ryan McInerney,P580,start time,2023-02-01T00:00:00Z
Q328840,Visa Inc.,P169,chief executive officer,Q328840-c5ba3d1c-4da1-55aa-b55d-c7767da680f0,Q104784751,Alfred F. Kelly Jr.,P580,start time,2019-01-01T00:00:00Z
Q328840,Visa Inc.,P169,chief executive officer,Q328840-c5ba3d1c-4da1-55aa-b55d-c7767da680f0,Q104784751,Alfred F. Kelly Jr.,P582,end time,2023-01-31T00:00:00Z
Q328840,Visa Inc.,P1830,owner of,Q328840-8945B719-2DA1-40B6-A387-F76A8576CBDB,Q3521248,Visa Debit,,,
Q328840,Visa Inc.,P1830,owner of,Q328840-8F9563B6-1443-4DB8-A688-DC613784BACA,Q2993698,Visa Electron,,,
Q328840,Visa Inc.,P355,child organization or unit,Q328840-96E8B0E5-BB31-446A-A2CF-05A8FECDACA9,Q16960507,Visa Europe,,,
Q328840,Visa Inc.,P355,child organization or unit,Q328840-97420bef-491c-cd33-6b65-71f727d9663d,Q67008891,Visa International Service Association,,,
Q328840,Visa Inc.,P361,part of,Q328840-76F42893-A9F1-431D-91B8-F0BBE689E7C8,Q180816,Dow Jones Industrial Average,,,
Q328840,Visa Inc.,P361,part of,Q328840-9191877F-308D-49CB-9213-E4C67A5C00F3,Q773026,Dow Jones Global Titans 50,,,
Q328840,Visa Inc.,P361,part of,Q328840-baa01335-4249-fbd6-3883-fa13981f1db0,Q1546793,S&P 100,,,
Q328840,Visa Inc.,P361,part of,Q328840-ebfbb2e8-416e-7f67-a7c6-7a5c89b0ea24,Q242345,S&P 500,,,
Q328840,Visa Inc.,P452,industry,q328840-f08afd4a-44fa-97c0-c735-1b7d64ef9cc7,Q837171,financial services,,,
Q182477,Nvidia,P1056,product or material produced,Q182477-54185E54-2583-4495-8A36-E2A3CDA6EC01,Q7397,software,,,
Q182477,Nvidia,P1056,product or material produced,Q182477-be670dc6-4b48-5c9f-c133-694e7115a35c,Q182656,chipset,,,
Q182477,Nvidia,P1056,product or material produced,Q182477-d0e85638-4b1c-0f93-8d62-ba0ed1268fc1,Q183484,graphics processing unit,,,
Q182477,Nvidia,P127,owned by,Q182477-8226e05d-4513-5e5d-4810-c360ccfa9376,Q219635,BlackRock,P585,point in time,2024-09-24T00:00:00Z
Q182477,Nvidia,P127,owned by,Q182477-8226e05d-4513-5e5d-4810-c360ccfa9376,Q219635,BlackRock,P1107,proportion,0.07253
Q182477,Nvidia,P127,owned by,Q182477-948112c3-415f-9c52-c39f-dbe8c9c0089d,Q2037125,State Street Corporation,P585,point in time,2024-09-24T00:00:00Z
Q182477,Nvidia,P127,owned by,Q182477-948112c3-415f-9c52-c39f-dbe8c9c0089d,Q2037125,State Street Corporation,P1107,proportion,0.04001
Q182477,Nvidia,P127,owned by,Q182477-96d4d642-417b-a489-9fdc-4106438a6415,Q1411292,Fidelity Investments,P585,point in time,2024-09-24T00:00:00Z
Q182477,Nvidia,P127,owned by,Q182477-96d4d642-417b-a489-9fdc-4106438a6415,Q1411292,Fidelity Investments,P1107,proportion,0.04256
Q182477,Nvidia,P127,owned by,Q182477-a4703b9e-4e87-0788-0eb3-69464f711ebc,Q849363,The Vanguard Group,P585,point in time,2024-09-24T00:00:00Z
Q182477,Nvidia,P127,owned by,Q182477-a4703b9e-4e87-0788-0eb3-69464f711ebc,Q849363,The Vanguard Group,P1107,proportion,0.08744
Q182477,Nvidia,P127,owned by,Q182477-ad24f888-4d09-6bff-2f4b-3dd44b2d4f14,Q305177,Jensen Huang,P585,point in time,2024-09-24T00:00:00Z
Q182477,Nvidia,P127,owned by,Q182477-ad24f888-4d09-6bff-2f4b-3dd44b2d4f14,Q305177,Jensen Huang,P1107,proportion,0.0351
Q182477,Nvidia,P127,owned by,Q182477-3bf4d7bd-4a8e-a76d-1f4c-3fc6ea04e8d5,Q219635,BlackRock,P585,point in time,2026-03-23T00:00:00Z
Q182477,Nvidia,P127,owned by,Q182477-3bf4d7bd-4a8e-a76d-1f4c-3fc6ea04e8d5,Q219635,BlackRock,P1107,proportion,7.43
Q182477,Nvidia,P127,owned by,Q182477-4d3b5271-4259-4b33-0efb-2ef9e9476fd6,Q849363,The Vanguard Group,P585,point in time,2026-03-23T00:00:00Z
Q182477,Nvidia,P127,owned by,Q182477-4d3b5271-4259-4b33-0efb-2ef9e9476fd6,Q849363,The Vanguard Group,P1107,proportion,7.31
Q182477,Nvidia,P127,owned by,Q182477-0e6ad98a-466c-07c0-e9d2-e7ddeef17a4c,Q305177,Jensen Huang,P585,point in time,2026-03-23T00:00:00Z
Q182477,Nvidia,P127,owned by,Q182477-0e6ad98a-466c-07c0-e9d2-e7ddeef17a4c,Q305177,Jensen Huang,P1107,proportion,3.58
Q182477,Nvidia,P169,chief executive officer,Q182477-1CA38B7D-31DF-49F6-8F1A-B433596D9506,Q305177,Jensen Huang,P580,start time,1993-01-01T00:00:00Z
Q182477,Nvidia,P1830,owner of,Q182477-02DE3931-5377-4CFD-BE43-64C86D3C059B,Q2005839,Nvidia Riva,,,
Q182477,Nvidia,P1830,owner of,Q182477-298B1DD8-E1EE-4376-A06A-F2BFF45DC717,Q392357,Ageia,,,
Q182477,Nvidia,P1830,owner of,Q182477-BA8DD8EC-0604-4B85-8D7D-B0CE4EC68E10,Q28133964,Q28133964,,,
Q182477,Nvidia,P355,child organization or unit,Q182477-232F0458-EEE9-4851-8192-8F39727B1EE6,Q29000344,Nvidia Ltd.,P1107,proportion,1
Q182477,Nvidia,P355,child organization or unit,Q182477-B1BAC333-33E3-46D6-868B-7390F647C744,Q5985959,Icera,P1107,proportion,1
Q182477,Nvidia,P355,child organization or unit,Q182477-55E9F3A1-E0B9-46CF-B706-C6B42D39C7EE,Q6817432,Mental Images,,,
Q182477,Nvidia,P355,child organization or unit,Q182477-e661f753-4ff0-041c-06d0-15e480eaa936,Q6813052,Mellanox Technologies,,,
Q182477,Nvidia,P361,part of,Q182477-387A4441-8012-4BFC-8B95-0E96A07D86BC,Q242345,S&P 500,P580,start time,2001-11-30T00:00:00Z
Q182477,Nvidia,P361,part of,Q182477-60ef27ab-42dd-06b2-e0dc-5976c885856a,Q1969854,Natur-Aktien-Index,P580,start time,2021-12-06T00:00:00Z
Q182477,Nvidia,P361,part of,Q182477-60ef27ab-42dd-06b2-e0dc-5976c885856a,Q1969854,Natur-Aktien-Index,P1365,replaces,Q7638153
Q182477,Nvidia,P361,part of,Q182477-D8D924DE-0115-47BB-B144-6EB3F2FA0AC8,Q773026,Dow Jones Global Titans 50,,,
Q182477,Nvidia,P361,part of,Q182477-689E678E-18B9-4F04-9DE1-E1A2ADBEB6CD,Q1546793,S&P 100,,,
Q182477,Nvidia,P361,part of,Q182477-52689b8e-429a-325b-e63e-88cda5085258,Q180816,Dow Jones Industrial Average,,,
Q182477,Nvidia,P452,industry,Q182477-DA70F068-FF64-40A6-858A-F6C4C292C540,Q2986369,semiconductor industry,,,
Q459477,FedEx,P1056,product or material produced,Q459477-761102EB-BD22-4B23-9EDF-A5C520AC86D6,Q1304163,express mail,,,
Q459477,FedEx,P127,owned by,Q459477-3a83a3a3-46e3-b715-003c-967f19888cde,Q849363,The Vanguard Group,P585,point in time,2025-08-04T00:00:00Z
Q459477,FedEx,P127,owned by,Q459477-3a83a3a3-46e3-b715-003c-967f19888cde,Q849363,The Vanguard Group,P1107,proportion,8.68
Q459477,FedEx,P127,owned by,Q459477-05a8fe2d-475b-a2c7-6cf4-879a4376fc45,Q324086,Frederick W. Smith,P585,point in time,2025-08-04T00:00:00Z
Q459477,FedEx,P127,owned by,Q459477-05a8fe2d-475b-a2c7-6cf4-879a4376fc45,Q324086,Frederick W. Smith,P1107,proportion,7.47
Q459477,FedEx,P127,owned by,Q459477-bccf8bb6-4d7d-4372-cd5f-83610470c189,Q219635,BlackRock,P585,point in time,2025-08-04T00:00:00Z
Q459477,FedEx,P127,owned by,Q459477-bccf8bb6-4d7d-4372-cd5f-83610470c189,Q219635,BlackRock,P1107,proportion,6.57
Q459477,FedEx,P127,owned by,Q459477-1b10f702-4324-805b-ee50-1bc5d855758e,Q1234076,Dodge & Cox,P585,point in time,2025-08-04T00:00:00Z
Q459477,FedEx,P127,owned by,Q459477-1b10f702-4324-805b-ee50-1bc5d855758e,Q1234076,Dodge & Cox,P1107,proportion,5.75
Q459477,FedEx,P127,owned by,Q459477-0ccf6a39-4d6c-7c5e-717a-ac28f43ef293,Q55662775,PRIMECAP,P585,point in time,2025-08-04T00:00:00Z
Q459477,FedEx,P127,owned by,Q459477-0ccf6a39-4d6c-7c5e-717a-ac28f43ef293,Q55662775,PRIMECAP,P1107,proportion,5.06
Q459477,FedEx,P169,chief executive officer,Q459477-BA674880-8950-483E-90BA-209B098C6D20,Q109570254,Raj Subramaniam,,,
Q459477,FedEx,P1830,owner of,Q459477-05FF5F8B-8BD4-4602-8711-AE8FFD5DD0D4,Q1105744,TNT Express,,,
Q459477,FedEx,P355,child organization or unit,Q459477-1fe3f755-494c-6755-5d58-947e5723804b,Q5439886,FedEx Ground,,,
Q459477,FedEx,P355,child organization or unit,Q459477-4F0C1F6F-E145-47C6-93D0-098E80603CD7,Q782557,FedEx Express,,,
Q459477,FedEx,P355,child organization or unit,Q459477-f2f693d7-4c37-8fd2-efad-9e53d87a0c23,Q474379,FedEx Office,,,
Q459477,FedEx,P361,part of,Q459477-79d49f9a-4efa-0aea-541a-8379576575a9,Q1546793,S&P 100,,,
Q459477,FedEx,P361,part of,Q459477-972cb60d-4316-fb64-0503-9332a4f42fb7,Q242345,S&P 500,,,
Q459477,FedEx,P361,part of,Q459477-e21ce540-400b-af47-87f9-0246ef7b225c,Q688712,Dow Jones Transportation Average,,,
Q459477,FedEx,P452,industry,Q459477-579eabd9-494d-0cf9-b955-af31a1f2129b,Q177777,logistics,,,
Q459477,FedEx,P452,industry,Q459477-a4f169a5-442f-c5f4-e4ae-bb78e6712caa,Q2516512,transport industry,,,
Q1034654,Capital One,P1056,product or material produced,Q1034654-47EBA6C4-A3E2-445A-8558-5244DE15E4BC,Q1548025,retail banking,,,
Q1034654,Capital One,P169,chief executive officer,Q1034654-7467FE47-2C0E-4B30-889E-B23F12970C28,Q7325595,Richard Fairbank,P580,start time,1994-07-26T00:00:00Z
Q1034654,Capital One,P361,part of,Q1034654-D0F12C24-1C48-4203-BB4E-290676D606BD,Q242345,S&P 500,P580,start time,1998-07-01T00:00:00Z
Q1034654,Capital One,P361,part of,Q1034654-4B8286D6-9C1D-4074-A308-811E8BEF9806,Q1546793,S&P 100,,,
Q1034654,Capital One,P452,industry,Q1034654-223708cc-4171-75f0-aa16-8b94d4e53c21,Q837171,financial services,,,
Q790060,Broadcom,P1056,product or material produced,Q790060-70A03708-B728-4917-B623-8A3B6B6D0F1C,Q11456,semiconductor,,,
Q790060,Broadcom,P169,chief executive officer,Q790060-00CF29E9-3E72-4EB9-AA4B-AD926D655DD1,Q47672827,Tan Hock Eng,P580,start time,2006-03-01T00:00:00Z
Q790060,Broadcom,P355,child organization or unit,Q790060-618CA650-EB6E-463C-8959-5F3CD547D867,Q555925,Broadcom,P1107,proportion,1
Q790060,Broadcom,P355,child organization or unit,Q790060-5dc2a9a3-4276-879c-2b34-742fb4333eaa,Q11407,VMware,P580,start time,2023-11-01T00:00:00Z
Q790060,Broadcom,P361,part of,Q790060-3B3C176D-811B-40C0-B5F0-B0735703D854,Q242345,S&P 500,,,
Q790060,Broadcom,P361,part of,Q790060-516869A3-8B51-4B9E-AB23-CD8BD49CBAB0,Q507306,Nasdaq-100,,,
Q790060,Broadcom,P361,part of,Q790060-9B3898BE-A2D8-4B6F-8E5D-5F520DA979F5,Q773026,Dow Jones Global Titans 50,,,
Q790060,Broadcom,P452,industry,Q790060-FF6F5FCA-9E58-48F6-9315-1E5D011BE54E,Q2986369,semiconductor industry,,,
Q155026,United Parcel Service,P127,owned by,Q155026-16c250cb-4751-5408-0c63-b6326f9e7de6,Q849363,The Vanguard Group,P585,point in time,2025-03-03T00:00:00Z
Q155026,United Parcel Service,P127,owned by,Q155026-16c250cb-4751-5408-0c63-b6326f9e7de6,Q849363,The Vanguard Group,P1107,proportion,0.92
Q155026,United Parcel Service,P127,owned by,Q155026-0881513f-4543-b118-f9cc-1aa59b6f4bfa,Q219635,BlackRock,P585,point in time,2025-03-03T00:00:00Z
Q155026,United Parcel Service,P127,owned by,Q155026-0881513f-4543-b118-f9cc-1aa59b6f4bfa,Q219635,BlackRock,P1107,proportion,0.74
Q155026,United Parcel Service,P169,chief executive officer,Q155026-039e06d9-4c96-8f22-d811-ef809df5c297,Q21551443,Carol Tomé,P580,start time,2020-01-01T00:00:00Z
Q155026,United Parcel Service,P169,chief executive officer,Q155026-0406e38e-4b99-922e-d6a1-c3afecf36ce1,Q6391641,Q6391641,P580,start time,1990-01-01T00:00:00Z
Q155026,United Parcel Service,P169,chief executive officer,Q155026-0406e38e-4b99-922e-d6a1-c3afecf36ce1,Q6391641,Q6391641,P582,end time,1997-01-01T00:00:00Z
Q155026,United Parcel Service,P169,chief executive officer,Q155026-2d618ddf-4121-e52d-34b7-e1576208cdb2,Q3161046,James E. Casey,P580,start time,1907-01-01T00:00:00Z
Q155026,United Parcel Service,P169,chief executive officer,Q155026-2d618ddf-4121-e52d-34b7-e1576208cdb2,Q3161046,James E. Casey,P582,end time,1962-01-01T00:00:00Z
Q155026,United Parcel Service,P169,chief executive officer,Q155026-75f326e3-4ff2-b38e-48ba-9b52bea53295,Q55196710,David Abney,P580,start time,2014-01-01T00:00:00Z
Q155026,United Parcel Service,P169,chief executive officer,Q155026-75f326e3-4ff2-b38e-48ba-9b52bea53295,Q55196710,David Abney,P582,end time,2020-01-01T00:00:00Z
Q155026,United Parcel Service,P169,chief executive officer,Q155026-7b6ebfe0-4022-3191-c36e-45562d234f63,Q50616687,Jack Rogers,P580,start time,1984-05-01T00:00:00Z
Q155026,United Parcel Service,P169,chief executive officer,Q155026-7b6ebfe0-4022-3191-c36e-45562d234f63,Q50616687,Jack Rogers,P582,end time,1989-11-01T00:00:00Z
Q155026,United Parcel Service,P169,chief executive officer,Q155026-B0755FF9-02E3-4648-AAC2-72C59A70FFC9,Q7436228,Scott Davis,P580,start time,2008-01-01T00:00:00Z
Q155026,United Parcel Service,P169,chief executive officer,Q155026-B0755FF9-02E3-4648-AAC2-72C59A70FFC9,Q7436228,Scott Davis,P582,end time,2014-01-01T00:00:00Z
Q155026,United Parcel Service,P169,chief executive officer,Q155026-e509e084-4311-2614-317c-48593555f42b,Q6832018,Michael Eskew,P580,start time,2002-01-01T00:00:00Z
Q155026,United Parcel Service,P169,chief executive officer,Q155026-e509e084-4311-2614-317c-48593555f42b,Q6832018,Michael Eskew,P582,end time,2007-01-01T00:00:00Z
Q155026,United Parcel Service,P1830,owner of,Q155026-4C112FA8-551F-42FF-BB5E-954BFA0F84F9,Q1318737,UPS Airlines,,,
Q155026,United Parcel Service,P1830,owner of,Q155026-745A9BB0-2449-4591-B68D-9CE3E49AB69B,Q5357899,Worldport,,,
Q155026,United Parcel Service,P1830,owner of,Q155026-9D8EE076-1F78-47EA-BDD7-2398FBC99257,Q5008529,CACH,,,
Q155026,United Parcel Service,P355,child organization or unit,Q155026-048a1372-4f0a-5289-46a2-fc587ae831bb,Q7771029,The UPS Store,,,
Q155026,United Parcel Service,P355,child organization or unit,Q155026-418ee4ed-4be7-cede-08a5-b8357477ffae,Q7865531,UPS Capital,,,
Q155026,United Parcel Service,P355,child organization or unit,Q155026-cbf0ac98-430c-144c-e235-dc9efab32d7c,Q1318737,UPS Airlines,,,
Q155026,United Parcel Service,P361,part of,Q155026-3eb1fcad-4d79-9d6b-f137-e1e029a0e84e,Q688712,Dow Jones Transportation Average,,,
Q155026,United Parcel Service,P361,part of,Q155026-727b1e24-4c94-e4d4-af96-43286ccc4d64,Q242345,S&P 500,,,
Q155026,United Parcel Service,P361,part of,Q155026-b8dd1231-4c54-a833-32bc-3cf065295f69,Q1546793,S&P 100,,,
Q155026,United Parcel Service,P452,industry,Q155026-40ad95ab-4f78-a5c4-c2d7-8035120f613e,Q177777,logistics,,,
Q155026,United Parcel Service,P452,industry,Q155026-5E845E4B-8C28-47B6-8007-B47631FF474C,Q2334804,delivery,,,
Q478214,Tesla,P127,owned by,Q478214-0ffe2823-4348-6c3a-f03f-01ff8021ef52,Q4848455,Baillie Gifford,P585,point in time,2015-12-31T00:00:00Z
Q478214,Tesla,P127,owned by,Q478214-0ffe2823-4348-6c3a-f03f-01ff8021ef52,Q4848455,Baillie Gifford,P585,point in time,2016-12-31T00:00:00Z
Q478214,Tesla,P127,owned by,Q478214-0ffe2823-4348-6c3a-f03f-01ff8021ef52,Q4848455,Baillie Gifford,P1107,proportion,0.082
Q478214,Tesla,P127,owned by,Q478214-21f548c2-453c-ebe0-88d0-9e237e6074fd,Q1411292,Fidelity Investments,P585,point in time,2016-12-31T00:00:00Z
Q478214,Tesla,P127,owned by,Q478214-21f548c2-453c-ebe0-88d0-9e237e6074fd,Q1411292,Fidelity Investments,P1107,proportion,0.136
Q478214,Tesla,P127,owned by,Q478214-2a646bfc-48e7-5090-c453-def02d2061af,Q317521,Elon Musk,P585,point in time,2015-12-31T00:00:00Z
Q478214,Tesla,P127,owned by,Q478214-2a646bfc-48e7-5090-c453-def02d2061af,Q317521,Elon Musk,P1107,proportion,0.265
Q478214,Tesla,P127,owned by,Q478214-3bf3ef0e-4e8b-64d1-21e8-9e013dc3a02a,Q1411292,Fidelity Investments,P585,point in time,2015-12-31T00:00:00Z
Q478214,Tesla,P127,owned by,Q478214-3bf3ef0e-4e8b-64d1-21e8-9e013dc3a02a,Q1411292,Fidelity Investments,P1107,proportion,0.102
Q478214,Tesla,P127,owned by,Q478214-4b312ffb-43fb-da80-6bf0-a74511cbe615,Q104626435,Capital Ventures International,P585,point in time,2019-12-31T00:00:00Z
Q478214,Tesla,P127,owned by,Q478214-4b312ffb-43fb-da80-6bf0-a74511cbe615,Q104626435,Capital Ventures International,P1107,proportion,0.067
Q478214,Tesla,P127,owned by,Q478214-740dcb91-4bac-34c8-29d8-2eb207252d9f,Q3511946,T. Rowe Price,P585,point in time,2016-12-31T00:00:00Z
Q478214,Tesla,P127,owned by,Q478214-740dcb91-4bac-34c8-29d8-2eb207252d9f,Q3511946,T. Rowe Price,P1107,proportion,0.074
Q478214,Tesla,P127,owned by,Q478214-83e75057-4a66-b5bc-48f0-858d4d5eb58e,Q317521,Elon Musk,P585,point in time,2022-12-15T00:00:00Z
Q478214,Tesla,P127,owned by,Q478214-83e75057-4a66-b5bc-48f0-858d4d5eb58e,Q317521,Elon Musk,P1107,proportion,0.134
Q478214,Tesla,P127,owned by,Q478214-8def78d3-4a83-0c19-7a55-d754c0657f18,Q92759,Larry Ellison,P585,point in time,2019-12-31T00:00:00Z
Q478214,Tesla,P127,owned by,Q478214-8def78d3-4a83-0c19-7a55-d754c0657f18,Q92759,Larry Ellison,P1107,proportion,0.017
Q478214,Tesla,P127,owned by,Q478214-901ed1b5-4249-a3e1-6e52-37d31c465c49,Q4848455,Baillie Gifford,P585,point in time,2019-12-31T00:00:00Z
Q478214,Tesla,P127,owned by,Q478214-901ed1b5-4249-a3e1-6e52-37d31c465c49,Q4848455,Baillie Gifford,P1107,proportion,0.076
Q478214,Tesla,P127,owned by,Q478214-adab9a62-4b6a-955c-7bc2-e73eb7e5cb6a,Q1196231,Government Pension Fund Global,P585,point in time,2017-12-31T00:00:00Z
Q478214,Tesla,P127,owned by,Q478214-adab9a62-4b6a-955c-7bc2-e73eb7e5cb6a,Q1196231,Government Pension Fund Global,P1107,proportion,0.0048
Q478214,Tesla,P127,owned by,Q478214-be61ae09-4585-ce56-980e-f2ff2377d697,Q505275,Capital Group Companies,P585,point in time,2019-12-31T00:00:00Z
Q478214,Tesla,P127,owned by,Q478214-be61ae09-4585-ce56-980e-f2ff2377d697,Q505275,Capital Group Companies,P1107,proportion,0.059
Q478214,Tesla,P127,owned by,Q478214-c7597575-4b0e-3645-7358-32eba01c16de,Q3511946,T. Rowe Price,P585,point in time,2015-12-31T00:00:00Z
Q478214,Tesla,P127,owned by,Q478214-c7597575-4b0e-3645-7358-32eba01c16de,Q3511946,T. Rowe Price,P1107,proportion,0.06009
Q478214,Tesla,P127,owned by,Q478214-e30c6724-42bb-ba30-a9cb-1ec666a547a7,Q317521,Elon Musk,P585,point in time,2019-12-31T00:00:00Z
Q478214,Tesla,P127,owned by,Q478214-e30c6724-42bb-ba30-a9cb-1ec666a547a7,Q317521,Elon Musk,P1107,proportion,0.208
Q478214,Tesla,P169,chief executive officer,Q478214-07a46336-45b7-10e5-c0c0-d87fbcb96cb2,Q1903673,Martin Eberhard,P580,start time,2002-01-01T00:00:00Z
Q478214,Tesla,P169,chief executive officer,Q478214-07a46336-45b7-10e5-c0c0-d87fbcb96cb2,Q1903673,Martin Eberhard,P582,end time,2007-08-01T00:00:00Z
Q478214,Tesla,P169,chief executive officer,Q478214-0cac2c9d-4b4b-72d8-3e1e-17dea4fb19ce,Q8068146,Ze'ev Drori,P580,start time,2002-12-01T00:00:00Z
Q478214,Tesla,P169,chief executive officer,Q478214-0cac2c9d-4b4b-72d8-3e1e-17dea4fb19ce,Q8068146,Ze'ev Drori,P582,end time,2008-10-01T00:00:00Z
Q478214,Tesla,P169,chief executive officer,Q478214-0cac2c9d-4b4b-72d8-3e1e-17dea4fb19ce,Q8068146,Ze'ev Drori,P1366,replaced by,Q317521
Q478214,Tesla,P169,chief executive officer,Q478214-cc48bcf3-4392-2b0f-d72c-553c394b8e85,Q317521,Elon Musk,P580,start time,2008-10-01T00:00:00Z
Q478214,Tesla,P169,chief executive officer,Q478214-cc48bcf3-4392-2b0f-d72c-553c394b8e85,Q317521,Elon Musk,P1365,replaces,Q8068146
Q478214,Tesla,P1830,owner of,Q478214-02f6fbaa-4b11-533a-2636-66d6d07147e8,Q7705509,Tesla Fremont Factory,,,
Q478214,Tesla,P1830,owner of,Q478214-0df0b26b-423b-e4d7-2836-67e4617142b1,Q96379480,Gigafactory Texas,,,
Q478214,Tesla,P1830,owner of,Q478214-53bca487-4679-f238-b85e-bba716abe39c,Q17182894,Giga Nevada,,,
Q478214,Tesla,P1830,owner of,Q478214-7df82432-41e7-8b17-273d-449244e5ae06,Q75327597,Gigafactory Berlin-Brandenburg,,,
Q478214,Tesla,P1830,owner of,Q478214-89b42247-46f6-f4e8-7b66-fe75e42bd6a9,Q28221306,Giga New York,,,
Q478214,Tesla,P1830,owner of,Q478214-bd653dfb-4161-7caa-dcef-a612931d0068,Q55642234,Giga Shanghai,,,
Q478214,Tesla,P1830,owner of,Q478214-ea32a6b2-49e5-647e-ca0e-a74eb2b54e02,Q116972580,Gigafactory Mexico,,,
Q478214,Tesla,P355,child organization or unit,Q478214-8228d379-431a-2aa5-83ad-0b7ab9aebff1,Q7555824,SolarCity,P580,start time,2016-11-21T00:00:00Z
Q478214,Tesla,P355,child organization or unit,Q478214-7a78a58d-48e7-2980-7ef7-1fae8ac412b8,Q22674561,Tesla Automation,,,
Q478214,Tesla,P361,part of,Q478214-1139810F-7630-4816-BE8D-01B5F635853D,Q1969854,Natur-Aktien-Index,P580,start time,2016-02-09T00:00:00Z
Q478214,Tesla,P361,part of,Q478214-1139810F-7630-4816-BE8D-01B5F635853D,Q1969854,Natur-Aktien-Index,P1365,replaces,Q570372
Q478214,Tesla,P361,part of,Q478214-7bbd7e06-4568-e29a-7128-e04bdd781153,Q507306,Nasdaq-100,,,
Q478214,Tesla,P361,part of,Q478214-AFD0FC73-1C78-40E8-834C-EB2AF90B2FD4,Q773026,Dow Jones Global Titans 50,,,
Q478214,Tesla,P361,part of,Q478214-e943307f-440a-7832-3760-41411259001b,Q242345,S&P 500,,,
Q478214,Tesla,P361,part of,Q478214-C94B7BC0-B05B-440D-A39F-BD255D847F65,Q1546793,S&P 100,,,
Q478214,Tesla,P452,industry,Q478214-18123bf4-46a2-f0a1-f19a-8471c92e215b,Q190117,automotive industry,,,
Q478214,Tesla,P452,industry,Q478214-ad2bb230-4431-bf1a-eedf-77990064efc6,Q99529212,battery industry,,,
Q478214,Tesla,P452,industry,Q478214-ec6c4c5d-4b38-cb28-a73a-5157c28417ca,Q15847894,solar industry,,,
Q642189,Medtronic plc,P1056,product or material produced,Q642189-25075648-54CE-4043-A538-30C6CD3BB2FB,Q6554101,medical device,,,
Q642189,Medtronic plc,P169,chief executive officer,Q642189-0b0dcb47-4af4-2bba-e956-cd04a43453d1,Q83780224,Omar Ishrak,P580,start time,2011-06-01T00:00:00Z
Q642189,Medtronic plc,P169,chief executive officer,Q642189-0b0dcb47-4af4-2bba-e956-cd04a43453d1,Q83780224,Omar Ishrak,P582,end time,2020-04-01T00:00:00Z
Q642189,Medtronic plc,P169,chief executive officer,Q642189-0b0dcb47-4af4-2bba-e956-cd04a43453d1,Q83780224,Omar Ishrak,P1366,replaced by,Q108259354
Q642189,Medtronic plc,P169,chief executive officer,Q642189-d79acfa3-4cfd-3144-453f-714f65d6a36f,Q108259354,Geoffrey S Martha,P580,start time,2020-04-01T00:00:00Z
Q642189,Medtronic plc,P169,chief executive officer,Q642189-d79acfa3-4cfd-3144-453f-714f65d6a36f,Q108259354,Geoffrey S Martha,P1365,replaces,Q83780224
Q642189,Medtronic plc,P169,chief executive officer,Q642189-df2b5fab-437c-3646-6613-cb327b782c17,Q8003969,William A. Hawkins,P580,start time,2008-01-01T00:00:00Z
Q642189,Medtronic plc,P169,chief executive officer,Q642189-df2b5fab-437c-3646-6613-cb327b782c17,Q8003969,William A. Hawkins,P582,end time,2011-06-13T00:00:00Z
Q642189,Medtronic plc,P169,chief executive officer,Q642189-df2b5fab-437c-3646-6613-cb327b782c17,Q8003969,William A. Hawkins,P1366,replaced by,Q83780224
Q642189,Medtronic plc,P355,child organization or unit,Q642189-FDB97927-C52F-4626-987D-E55A8873AE67,Q908172,Covidien,P580,start time,2014-06-01T00:00:00Z
Q642189,Medtronic plc,P355,child organization or unit,Q642189-0A8ABC57-CC2F-4CB4-A717-DD013732DAF7,Q30338574,Medtronic (Spain),,,
Q642189,Medtronic plc,P355,child organization or unit,Q642189-2CCF2604-9CFD-4D92-93DD-4C9B5A8E2A73,Q30338575,Medtronic (United Kingdom),,,
Q642189,Medtronic plc,P355,child organization or unit,Q642189-3378ADDE-1CD9-4F25-ADBF-E9E2190B2DBF,Q30343856,Medtronic (Luxembourg),,,
Q642189,Medtronic plc,P355,child organization or unit,Q642189-35F2F4E5-0240-4DE4-8039-B16AEEAD152D,Q29123598,Medtronic (Italy),,,
Q642189,Medtronic plc,P355,child organization or unit,Q642189-4D5ADB7B-C704-47A4-8314-8DF3FB7C45E3,Q29123603,Medtronic (Germany),,,
Q642189,Medtronic plc,P355,child organization or unit,Q642189-5933CE9C-05FB-4607-A254-D217959195B8,Q30338577,Medtronic (France),,,
Q642189,Medtronic plc,P355,child organization or unit,Q642189-851B913E-BA36-4FAE-BD63-1DE3EA530DEA,Q29123607,Medtronic (Israel),,,
Q642189,Medtronic plc,P355,child organization or unit,Q642189-ce42ceb8-4f17-1963-5903-3e7264e36af2,Q122763751,Medtronic (Japan),,,
Q642189,Medtronic plc,P355,child organization or unit,Q642189-D99C1D89-8DA7-47FB-88D2-CFA249318902,Q30338576,Medtronic (Canada),,,
Q642189,Medtronic plc,P355,child organization or unit,Q642189-E1073F40-475F-456E-A80F-4EB9CE715818,Q29123588,Medtronic (Ireland),,,
Q642189,Medtronic plc,P355,child organization or unit,Q642189-F09E118D-37E9-4845-A643-6CA3B0638A33,Q30338573,Medtronic (Netherlands),,,
Q642189,Medtronic plc,P355,child organization or unit,Q642189-F7D894F4-3B3F-4631-ADBE-5DA1EA4CAFC7,Q29123594,Medtronic (Switzerland),,,
Q642189,Medtronic plc,P361,part of,Q642189-E7FD1276-9845-4039-9FE9-E6AACC5D910F,Q242345,S&P 500,P580,start time,1986-10-31T00:00:00Z
Q642189,Medtronic plc,P361,part of,Q642189-CCA6D1AE-F666-41A0-89DE-421B5FFA8AE6,Q1546793,S&P 100,,,
Q642189,Medtronic plc,P452,industry,Q642189-FD905FC2-FE2C-4CB0-9B5E-F971AB931D7F,Q63383285,medical technology industry,,,
Q219508,Citigroup,P1056,product or material produced,Q219508-525dfec0-490a-aa8a-8c05-ddf9b11720fa,Q1814021,bank credit,,,
Q219508,Citigroup,P1056,product or material produced,Q219508-82ba6969-48c0-d658-dbe7-d286389b5b03,Q2638043,Q2638043,,,
Q219508,Citigroup,P1056,product or material produced,Q219508-b3e3277d-42e0-1e45-abfe-f22d75d717ca,Q43183,insurance,,,
Q219508,Citigroup,P127,owned by,Q219508-2bfeaca0-43aa-9f88-cf28-2ce19b4e4f82,Q849363,The Vanguard Group,P585,point in time,2016-02-11T00:00:00Z
Q219508,Citigroup,P127,owned by,Q219508-2bfeaca0-43aa-9f88-cf28-2ce19b4e4f82,Q849363,The Vanguard Group,P1107,proportion,0.055
Q219508,Citigroup,P127,owned by,Q219508-55ae078e-4786-7493-cb34-d12b061a2cdc,Q219635,BlackRock,P585,point in time,2016-01-21T00:00:00Z
Q219508,Citigroup,P127,owned by,Q219508-55ae078e-4786-7493-cb34-d12b061a2cdc,Q219635,BlackRock,P1107,proportion,0.068
Q219508,Citigroup,P169,chief executive officer,Q219508-66A5D55E-9B96-4FE6-965F-89D3E016394C,Q21997525,Jane Fraser,P580,start time,2021-02-01T00:00:00Z
Q219508,Citigroup,P1830,owner of,Q219508-0B78C509-F28B-46C5-8067-8143D5A6DEE4,Q857063,Citibank,,,
Q219508,Citigroup,P1830,owner of,Q219508-50EAECF3-C111-4920-903A-12281C26B7E7,Q2974438,Citi Bike,,,
Q219508,Citigroup,P1830,owner of,Q219508-A0858FA9-AAA4-4646-A0BD-77D3EAE81480,Q5122510,Citigroup Global Markets Japan,,,
Q219508,Citigroup,P1830,owner of,Q219508-B013244E-4760-4576-B54F-2974AC392614,Q2151111,Citibank India,,,
Q219508,Citigroup,P1830,owner of,Q219508-B4D5E699-7345-4DEE-8C8A-252F3DF842BE,Q391243,Citigroup Center,,,
Q219508,Citigroup,P1830,owner of,Q219508-B9E6CBFC-8162-4CBD-B8BF-9FF2E4F30B3D,Q6822931,Metalmark Capital,,,
Q219508,Citigroup,P1830,owner of,Q219508-D68C8ACA-0DB8-4546-94C1-BF73523498CF,Q2646652,Banco Nacional de México,,,
Q219508,Citigroup,P1830,owner of,Q219508-E654B463-3ADB-4221-8D20-455EDDA60536,Q781961,One Court Square,,,
Q219508,Citigroup,P355,child organization or unit,Q219508-A1CF6210-2FB1-45C4-977A-7588140BE683,Q857063,Citibank,,,
Q219508,Citigroup,P355,child organization or unit,Q219508-BC2E9DD7-C320-49DD-B378-199E0839898F,Q749474,Financial Group Banamex,,,
Q219508,Citigroup,P355,child organization or unit,Q219508-ec30dc65-4477-a237-4346-647b097ca042,Q11307286,Citigroup Japan Holdings,,,
Q219508,Citigroup,P361,part of,Q219508-09C8D541-6090-4003-BCFD-40523B4103E2,Q242345,S&P 500,P580,start time,1998-05-31T00:00:00Z
Q219508,Citigroup,P361,part of,Q219508-56154B67-3B96-451A-B870-6A67AD375B49,Q773026,Dow Jones Global Titans 50,,,
Q219508,Citigroup,P361,part of,Q219508-D9513375-3F56-4779-864C-391668394DBC,Q1546793,S&P 100,,,
Q219508,Citigroup,P452,industry,Q219508-19C550AD-4DB9-409F-B260-9A0F9051B976,Q29584334,"financial service activities, except insurance and pension funding",,,
Q219508,Citigroup,P452,industry,Q219508-1d075f7e-476a-85b5-62d7-86bddc7f7d77,Q1666934,International Standard Industrial Classification,,,
Q219508,Citigroup,P452,industry,Q219508-25dd5d05-418d-5a11-d2be-6d0ffa5b7f1a,Q22687,bank,,,
Q219508,Citigroup,P452,industry,Q219508-7934a16c-4212-df5a-805c-4c0454333dde,Q837171,financial services,,,
Q338825,Accenture,P169,chief executive officer,Q338825-6fd6cff4-4b2f-4c76-f229-2e7a38d8a8ab,Q65515703,Julie Sweet,P580,start time,2019-01-01T00:00:00Z
Q338825,Accenture,P1830,owner of,Q338825-149F7840-98AF-4332-BDE3-3D6A1A78C11E,Q4674790,Acquity Group,,,
Q338825,Accenture,P355,child organization or unit,Q338825-0c9534ba-4b0b-3217-6ca2-86a902a7cccd,Q13780930,worldwide,P1114,quantity,120
Q338825,Accenture,P355,child organization or unit,Q338825-09F4C01F-4FA7-48A5-BFA7-92D7A61AD0F9,Q30338429,Accenture (Norway),,,
Q338825,Accenture,P355,child organization or unit,Q338825-11DD2AE2-E514-445B-B506-8770E600D906,Q29123313,Accenture (United States),,,
Q338825,Accenture,P355,child organization or unit,Q338825-166a0a73-4c83-d375-62f2-403b1de99974,Q58196224,"Accenture Services, s.r.o.",,,
Q338825,Accenture,P355,child organization or unit,Q338825-181C2100-909B-413F-8AFC-58FD940BF26D,Q2277744,Avanade,,,
Q338825,Accenture,P355,child organization or unit,Q338825-1B24126C-AA36-4A5A-9991-FFEE2CF2CA79,Q29123308,Accenture (Spain),,,
Q338825,Accenture,P355,child organization or unit,Q338825-1bb598c4-4950-ed31-c5ad-f539833661cc,Q107920810,Accenture (Germany),,,
Q338825,Accenture,P355,child organization or unit,Q338825-48eda02e-4edf-08b7-0e7a-a8f321a4d5ee,Q30290781,Accenture (Italy),,,
Q338825,Accenture,P355,child organization or unit,Q338825-4ad4d23d-4229-352a-b96a-b23703017aaf,Q61234058,Accenture (France),,,
Q338825,Accenture,P355,child organization or unit,Q338825-603ec566-4a66-4137-a9ec-9ec543695a93,Q58604470,"Accenture Central Europe B.V., organizační složka",,,
Q338825,Accenture,P355,child organization or unit,Q338825-87443403-4ee0-e0f7-d73b-243e2289f28e,Q130443608,Accenture Bangladesh Limited,,,
Q338825,Accenture,P355,child organization or unit,Q338825-8fbb9ee1-492f-7135-c3be-564eb26e9f5a,Q11282975,Accenture Technology Solutions Japan,,,
Q338825,Accenture,P355,child organization or unit,Q338825-97C95DE9-323E-4ADF-BEC0-DF86447B6F01,Q30338431,Accenture (Switzerland),,,
Q338825,Accenture,P355,child organization or unit,Q338825-A7B35B41-A235-4216-AF24-F9F16A0EC257,Q30338430,Accenture (United Kingdom),,,
Q338825,Accenture,P355,child organization or unit,Q338825-cd3a28f4-4723-fcd8-dd22-f22f0de96abe,Q31898481,Accenture (Sweden),,,
Q338825,Accenture,P355,child organization or unit,Q338825-f283e6fc-405e-dace-5ed4-28627ddad985,Q130443563,Accenture Technology Labs,,,
Q338825,Accenture,P355,child organization or unit,Q338825-626856f7-4bd7-f027-5d24-d340c0301eeb,Q135711447,Accenture Federal Services,,,
Q338825,Accenture,P361,part of,Q338825-1218bce9-4d3c-aa33-ffd4-329e4bfb1bb6,Q242345,S&P 500,,,
Q338825,Accenture,P361,part of,Q338825-B167FAAF-724D-471C-A157-302BDC396E10,Q1546793,S&P 100,,,
Q338825,Accenture,P452,industry,Q338825-1198f17c-43ab-7308-9e6a-7d7e5f3ed241,Q23699878,management consulting industry,,,
Q338825,Accenture,P452,industry,Q338825-373b7872-4a58-a70e-f47c-b146b919c914,Q11661,information technology,,,
Q338825,Accenture,P452,industry,Q338825-f8ef41f6-465a-c694-10c2-8b4fcb09fada,Q23700345,professional services industry,,,
Q173395,Cisco,P1056,product or material produced,Q173395-035747bb-468c-8f09-b9d3-aa59efffdfc0,Q1755130,gateway,,,
Q173395,Cisco,P1056,product or material produced,Q173395-078d56da-44c0-b4f8-7d28-252a9f76faa7,Q1024878,cable modem termination system,,,
Q173395,Cisco,P1056,product or material produced,Q173395-4bdeedf5-47ab-ab9b-a3ae-5ac3a1716e0f,Q383978,cable modem,,,
Q173395,Cisco,P1056,product or material produced,Q173395-4f5ee339-4061-215c-baee-4c7593770432,Q4503,network switch,,,
Q173395,Cisco,P1056,product or material produced,Q173395-b1f49c98-47f1-ee5c-ea19-b6e33421edde,Q326717,wireless access point,,,
Q173395,Cisco,P1056,product or material produced,Q173395-c494c3ff-4f26-8a31-e962-c35cc93b589b,Q842729,set-top box,,,
Q173395,Cisco,P1056,product or material produced,Q173395-ce8ef8b2-40f3-119b-9d41-4e7aa2fd8c10,Q5318,router,,,
Q173395,Cisco,P1056,product or material produced,Q173395-E497BA45-711E-4515-9233-FDD223AAA74C,Q1546066,networking hardware,,,
Q173395,Cisco,P1056,product or material produced,Q173395-f2dbe47e-461d-b26a-7e56-4a59c7f98539,Q7397,software,,,
Q173395,Cisco,P127,owned by,Q173395-ed3a9b01-48c6-c210-2e70-ced959af2e51,Q849363,The Vanguard Group,P585,point in time,2024-08-30T00:00:00Z
Q173395,Cisco,P127,owned by,Q173395-ed3a9b01-48c6-c210-2e70-ced959af2e51,Q849363,The Vanguard Group,P1107,proportion,9.6
Q173395,Cisco,P127,owned by,Q173395-baea6521-4831-6ddc-f604-a32135bcf001,Q219635,BlackRock,P585,point in time,2024-08-30T00:00:00Z
Q173395,Cisco,P127,owned by,Q173395-baea6521-4831-6ddc-f604-a32135bcf001,Q219635,BlackRock,P1107,proportion,8.8
Q173395,Cisco,P169,chief executive officer,Q173395-06ed6f1e-4374-0a7e-d531-080b623ecb8d,Q6249428,John Morgridge,P580,start time,1988-01-01T00:00:00Z
Q173395,Cisco,P169,chief executive officer,Q173395-06ed6f1e-4374-0a7e-d531-080b623ecb8d,Q6249428,John Morgridge,P582,end time,1995-01-01T00:00:00Z
Q173395,Cisco,P169,chief executive officer,Q173395-E56960EA-C6C6-4737-B7B0-0C74A414E354,Q21041473,Chuck Robbins,P580,start time,2015-07-01T00:00:00Z
Q173395,Cisco,P169,chief executive officer,Q173395-b8132e9a-458c-d617-5835-a2154cf63030,Q1393271,John Chambers,P580,start time,1995-01-01T00:00:00Z
Q173395,Cisco,P169,chief executive officer,Q173395-b8132e9a-458c-d617-5835-a2154cf63030,Q1393271,John Chambers,P582,end time,2015-01-01T00:00:00Z
Q173395,Cisco,P1830,owner of,Q173395-498E38CB-70D9-42CF-8533-AC15C885AF8C,Q6982486,Navini Networks,,,
Q173395,Cisco,P1830,owner of,Q173395-4B0422AF-0421-4021-B4D0-D5F47EA526B9,Q6030458,InfoGear,,,
Q173395,Cisco,P1830,owner of,Q173395-7A6AB446-6C04-48CE-B237-C242AD78FF64,Q1121892,OpenDNS,,,
Q173395,Cisco,P1830,owner of,Q173395-BEE4662C-E9C4-447E-A3BE-1D4792B26956,Q3241626,Linksys,,,
Q173395,Cisco,P355,child organization or unit,Q173395-0be1ec6a-41ac-723b-aee2-e1baefa8b4ba,Q4387259,Scientific Atlanta,P580,start time,2006-01-01T00:00:00Z
Q173395,Cisco,P355,child organization or unit,Q173395-525c17fe-4385-1f2b-6be6-e863d71e02f5,Q498944,Webex by Cisco,P580,start time,2007-01-01T00:00:00Z
Q173395,Cisco,P355,child organization or unit,Q173395-547f9558-4b4e-90da-95f5-1ff9c16b539e,Q1769702,Tandberg,P580,start time,2010-01-01T00:00:00Z
Q173395,Cisco,P355,child organization or unit,Q173395-9198d0e5-4bf0-ffbc-18fb-0fcb7b6b2ce7,Q2745629,Cisco Meraki,P580,start time,2012-01-01T00:00:00Z
Q173395,Cisco,P355,child organization or unit,Q173395-92b6f899-4835-eb8a-47f1-fadaa7b9220e,Q3241626,Linksys,P580,start time,2003-03-01T00:00:00Z
Q173395,Cisco,P355,child organization or unit,Q173395-92b6f899-4835-eb8a-47f1-fadaa7b9220e,Q3241626,Linksys,P582,end time,2013-03-01T00:00:00Z
Q173395,Cisco,P355,child organization or unit,Q173395-aceb2091-4b5a-1baa-dda1-ca5a84a54d2f,Q5064182,Cerent Corporation,P580,start time,1999-01-01T00:00:00Z
Q173395,Cisco,P355,child organization or unit,Q173395-bcaa693a-4013-2244-f68a-05534928ea35,Q7601805,Starent Networks,P580,start time,2009-01-01T00:00:00Z
Q173395,Cisco,P355,child organization or unit,Q173395-ccf977e5-4a21-87e7-a95c-5437f2c34a78,Q1813510,Sourcefire,P580,start time,2013-01-01T00:00:00Z
Q173395,Cisco,P355,child organization or unit,Q173395-d0684fb9-4c35-de16-7d79-004e8e01fd49,Q961065,NDS Group,P580,start time,2012-01-01T00:00:00Z
Q173395,Cisco,P355,child organization or unit,Q173395-dc9f3c44-4a9f-f4af-55d7-87b96f84cebd,Q7621739,StrataCom,P580,start time,1996-01-01T00:00:00Z
Q173395,Cisco,P355,child organization or unit,Q173395-3EC3B628-7467-4D86-B2BB-CC23CC7FC71B,Q30343787,Cisco Systems (Norway),,,
Q173395,Cisco,P355,child organization or unit,Q173395-5D960793-625D-400C-80FB-C2A42F3A7EEA,Q28973214,Cisco Systems (Netherlands),,,
Q173395,Cisco,P355,child organization or unit,Q173395-61B9899A-1FD5-4FB8-8C17-650A5DA41565,Q30338257,Cisco Systems (Canada),,,
Q173395,Cisco,P355,child organization or unit,Q173395-6805299A-DE1C-4FC5-9455-7E58F2F303ED,Q50040708,Cisco Systems (China),,,
Q173395,Cisco,P355,child organization or unit,Q173395-efaf1f77-4c69-bc37-e91c-fb59ac5ed5cc,Q4780783,AppDynamics,,,
Q173395,Cisco,P355,child organization or unit,Q173395-e19337b9-4853-02c7-0725-bb20128f8947,Q1835753,Splunk Inc.,,,
Q173395,Cisco,P361,part of,Q173395-3c93f497-4cdf-b2f9-9853-58d3ec960e6b,Q773026,Dow Jones Global Titans 50,,,
Q173395,Cisco,P361,part of,Q173395-8EFAF298-E95D-486A-9555-BD4C38F0319C,Q507306,Nasdaq-100,,,
Q173395,Cisco,P361,part of,Q173395-caf2c0d4-49b0-00c0-c3ab-f8cc871a4d9c,Q242345,S&P 500,,,
Q173395,Cisco,P361,part of,Q173395-DB0AE123-B17F-4652-B2FF-B9F162EDEEB7,Q180816,Dow Jones Industrial Average,,,
Q173395,Cisco,P361,part of,Q173395-D299AF4D-8B4C-44D1-81C3-6A59CF7570C9,Q1546793,S&P 100,,,
Q173395,Cisco,P452,industry,Q173395-F74879ED-5F79-4118-AFAB-7B1D1616E2DA,Q2401742,telecommunications,,,
Q173395,Cisco,P452,industry,Q173395-d08c367b-413f-6986-6210-0e594e999a92,Q1546066,networking hardware,,,
Q173395,Cisco,P452,industry,Q173395-377e57b7-498b-f3b9-522f-0e4da9102614,Q134529045,infrastructure platform,,,
Q1485061,GE Aerospace,P1056,product or material produced,Q1485061-D1BE3EF7-18B5-4118-9F2E-9843B501E36D,Q178777,jet engine,,,
Q1485061,GE Aerospace,P127,owned by,Q1485061-7c348a13-4a58-d256-3d02-bcba2f20197d,Q54173,General Electric,P582,end time,2024-04-02T00:00:00Z
Q1485061,GE Aerospace,P355,child organization or unit,Q1485061-371562FE-24A9-4644-B87A-00D9FAF0CB69,Q5513253,GE Aviation Systems,P580,start time,2007-05-04T00:00:00Z
Q1485061,GE Aerospace,P355,child organization or unit,Q1485061-0C7AE89A-655F-4D03-8E09-DCD72226A68C,Q1342423,Engine Alliance,,,
Q1485061,GE Aerospace,P355,child organization or unit,Q1485061-78D1F11A-8911-4D73-8047-C7AB0CC270B8,Q59186,Walter Aircraft Engines,,,
Q1485061,GE Aerospace,P355,child organization or unit,Q1485061-BFDD5292-189F-47B9-B168-9C8E2EE6577B,Q4216245,GE Honda Aero Engines,,,
Q1485061,GE Aerospace,P355,child organization or unit,Q1485061-CB5B6758-959F-4876-9ADA-5B36DA903CD1,Q938437,CFM International,,,
Q1485061,GE Aerospace,P361,part of,Q1485061-22D7727B-FBC5-458A-AFD8-BB4A75C434F6,Q1546793,S&P 100,,,
Q1485061,GE Aerospace,P452,industry,Q1485061-B7AD4FAD-C60C-4E90-8149-E988B1F71AEE,Q3477363,aerospace industry,,,
Q20800404,Alphabet Inc.,P127,owned by,Q20800404-acfe18a5-4873-1e66-2476-7f1aa05a39f1,Q92764,Sergey Brin,P585,point in time,2021-04-06T00:00:00Z
Q20800404,Alphabet Inc.,P127,owned by,Q20800404-acfe18a5-4873-1e66-2476-7f1aa05a39f1,Q92764,Sergey Brin,P1013,criterion used,Q2350092
Q20800404,Alphabet Inc.,P127,owned by,Q20800404-acfe18a5-4873-1e66-2476-7f1aa05a39f1,Q92764,Sergey Brin,P1107,proportion,0.253
Q20800404,Alphabet Inc.,P127,owned by,Q20800404-b5a04c6b-4934-793f-5efa-ebc61d9078e0,Q849363,The Vanguard Group,P585,point in time,2019-04-22T00:00:00Z
Q20800404,Alphabet Inc.,P127,owned by,Q20800404-b5a04c6b-4934-793f-5efa-ebc61d9078e0,Q849363,The Vanguard Group,P1013,criterion used,Q2350092
Q20800404,Alphabet Inc.,P127,owned by,Q20800404-b5a04c6b-4934-793f-5efa-ebc61d9078e0,Q849363,The Vanguard Group,P1107,proportion,0.029
Q20800404,Alphabet Inc.,P127,owned by,Q20800404-c164c341-4c5a-6e76-9198-aa86ce1892c9,Q1411292,Fidelity Investments,P585,point in time,2016-04-11T00:00:00Z
Q20800404,Alphabet Inc.,P127,owned by,Q20800404-c164c341-4c5a-6e76-9198-aa86ce1892c9,Q1411292,Fidelity Investments,P1013,criterion used,Q2350092
Q20800404,Alphabet Inc.,P127,owned by,Q20800404-c164c341-4c5a-6e76-9198-aa86ce1892c9,Q1411292,Fidelity Investments,P1107,proportion,0.023
Q20800404,Alphabet Inc.,P127,owned by,Q20800404-cae6d8fd-47ef-d7e4-2d8b-df012ccada4e,Q1411292,Fidelity Investments,P585,point in time,2019-04-22T00:00:00Z
Q20800404,Alphabet Inc.,P127,owned by,Q20800404-cae6d8fd-47ef-d7e4-2d8b-df012ccada4e,Q1411292,Fidelity Investments,P1013,criterion used,Q330601
Q20800404,Alphabet Inc.,P127,owned by,Q20800404-cae6d8fd-47ef-d7e4-2d8b-df012ccada4e,Q1411292,Fidelity Investments,P1013,criterion used,Q1081659
Q20800404,Alphabet Inc.,P127,owned by,Q20800404-cae6d8fd-47ef-d7e4-2d8b-df012ccada4e,Q1411292,Fidelity Investments,P1107,proportion,0.054
Q20800404,Alphabet Inc.,P127,owned by,Q20800404-ecb85687-476c-743a-7b4e-265f1341a3b6,Q219635,BlackRock,P585,point in time,2016-04-11T00:00:00Z
Q20800404,Alphabet Inc.,P127,owned by,Q20800404-ecb85687-476c-743a-7b4e-265f1341a3b6,Q219635,BlackRock,P1013,criterion used,Q2350092
Q20800404,Alphabet Inc.,P127,owned by,Q20800404-ecb85687-476c-743a-7b4e-265f1341a3b6,Q219635,BlackRock,P1107,proportion,0.022
Q20800404,Alphabet Inc.,P127,owned by,Q20800404-fc11e481-4581-c0dc-54f5-3bc77fef2a63,Q92747,Eric Schmidt,P585,point in time,2021-04-06T00:00:00Z
Q20800404,Alphabet Inc.,P127,owned by,Q20800404-fc11e481-4581-c0dc-54f5-3bc77fef2a63,Q92747,Eric Schmidt,P1013,criterion used,Q2350092
Q20800404,Alphabet Inc.,P127,owned by,Q20800404-fc11e481-4581-c0dc-54f5-3bc77fef2a63,Q92747,Eric Schmidt,P1107,proportion,0.045
Q20800404,Alphabet Inc.,P127,owned by,Q20800404-017412ca-4acb-1088-6450-fb19609abb92,Q4934,Larry Page,P585,point in time,2016-04-11T00:00:00Z
Q20800404,Alphabet Inc.,P127,owned by,Q20800404-017412ca-4acb-1088-6450-fb19609abb92,Q4934,Larry Page,P1013,criterion used,Q2350092
Q20800404,Alphabet Inc.,P127,owned by,Q20800404-017412ca-4acb-1088-6450-fb19609abb92,Q4934,Larry Page,P1107,proportion,0.266
Q20800404,Alphabet Inc.,P127,owned by,Q20800404-02c428b1-4b82-aff2-1f95-d029f26a9daf,Q92764,Sergey Brin,P585,point in time,2016-04-11T00:00:00Z
Q20800404,Alphabet Inc.,P127,owned by,Q20800404-02c428b1-4b82-aff2-1f95-d029f26a9daf,Q92764,Sergey Brin,P1013,criterion used,Q2350092
Q20800404,Alphabet Inc.,P127,owned by,Q20800404-02c428b1-4b82-aff2-1f95-d029f26a9daf,Q92764,Sergey Brin,P1107,proportion,0.259
Q20800404,Alphabet Inc.,P127,owned by,Q20800404-11910b8d-496a-8079-2a41-c80a615de51b,Q92747,Eric Schmidt,P585,point in time,2019-04-22T00:00:00Z
Q20800404,Alphabet Inc.,P127,owned by,Q20800404-11910b8d-496a-8079-2a41-c80a615de51b,Q92747,Eric Schmidt,P1013,criterion used,Q2350092
Q20800404,Alphabet Inc.,P127,owned by,Q20800404-11910b8d-496a-8079-2a41-c80a615de51b,Q92747,Eric Schmidt,P1107,proportion,0.053
Q20800404,Alphabet Inc.,P127,owned by,Q20800404-39e4d2a5-497b-a325-a730-6428f221bc2a,Q92747,Eric Schmidt,P585,point in time,2016-04-11T00:00:00Z
Q20800404,Alphabet Inc.,P127,owned by,Q20800404-39e4d2a5-497b-a325-a730-6428f221bc2a,Q92747,Eric Schmidt,P1013,criterion used,Q2350092
Q20800404,Alphabet Inc.,P127,owned by,Q20800404-39e4d2a5-497b-a325-a730-6428f221bc2a,Q92747,Eric Schmidt,P1107,proportion,0.056
Q20800404,Alphabet Inc.,P127,owned by,Q20800404-3fe41f80-4a8d-1d16-d531-e4d86e2d8496,Q849363,The Vanguard Group,P585,point in time,2016-04-11T00:00:00Z
Q20800404,Alphabet Inc.,P127,owned by,Q20800404-3fe41f80-4a8d-1d16-d531-e4d86e2d8496,Q849363,The Vanguard Group,P1013,criterion used,Q2350092
Q20800404,Alphabet Inc.,P127,owned by,Q20800404-3fe41f80-4a8d-1d16-d531-e4d86e2d8496,Q849363,The Vanguard Group,P1107,proportion,0.022
Q20800404,Alphabet Inc.,P127,owned by,Q20800404-4cb6de37-4bca-a1e4-f701-25dd096b37ff,Q4934,Larry Page,P585,point in time,2021-04-06T00:00:00Z
Q20800404,Alphabet Inc.,P127,owned by,Q20800404-4cb6de37-4bca-a1e4-f701-25dd096b37ff,Q4934,Larry Page,P1013,criterion used,Q2350092
Q20800404,Alphabet Inc.,P127,owned by,Q20800404-4cb6de37-4bca-a1e4-f701-25dd096b37ff,Q4934,Larry Page,P1107,proportion,0.263
Q20800404,Alphabet Inc.,P127,owned by,Q20800404-56ded6a4-4431-8d2e-7b1f-65c7239a0e2c,Q92764,Sergey Brin,P585,point in time,2019-04-22T00:00:00Z
Q20800404,Alphabet Inc.,P127,owned by,Q20800404-56ded6a4-4431-8d2e-7b1f-65c7239a0e2c,Q92764,Sergey Brin,P1013,criterion used,Q2350092
Q20800404,Alphabet Inc.,P127,owned by,Q20800404-56ded6a4-4431-8d2e-7b1f-65c7239a0e2c,Q92764,Sergey Brin,P1107,proportion,0.252
Q20800404,Alphabet Inc.,P127,owned by,Q20800404-5c1ab61a-40ae-2731-e5b2-a9355076d73b,Q219635,BlackRock,P585,point in time,2019-04-22T00:00:00Z
Q20800404,Alphabet Inc.,P127,owned by,Q20800404-5c1ab61a-40ae-2731-e5b2-a9355076d73b,Q219635,BlackRock,P1013,criterion used,Q330601
Q20800404,Alphabet Inc.,P127,owned by,Q20800404-5c1ab61a-40ae-2731-e5b2-a9355076d73b,Q219635,BlackRock,P1013,criterion used,Q1081659
Q20800404,Alphabet Inc.,P127,owned by,Q20800404-5c1ab61a-40ae-2731-e5b2-a9355076d73b,Q219635,BlackRock,P1107,proportion,0.063
Q20800404,Alphabet Inc.,P127,owned by,Q20800404-756ecd01-41f3-2240-4928-4a4a2f01bc78,Q4934,Larry Page,P585,point in time,2019-04-22T00:00:00Z
Q20800404,Alphabet Inc.,P127,owned by,Q20800404-756ecd01-41f3-2240-4928-4a4a2f01bc78,Q4934,Larry Page,P1013,criterion used,Q2350092
Q20800404,Alphabet Inc.,P127,owned by,Q20800404-756ecd01-41f3-2240-4928-4a4a2f01bc78,Q4934,Larry Page,P1107,proportion,0.261
Q20800404,Alphabet Inc.,P127,owned by,Q20800404-92929514-445d-9408-1ce6-64ce5738607b,Q1196231,Government Pension Fund Global,P585,point in time,2017-12-31T00:00:00Z
Q20800404,Alphabet Inc.,P127,owned by,Q20800404-92929514-445d-9408-1ce6-64ce5738607b,Q1196231,Government Pension Fund Global,P1107,proportion,0.008
Q20800404,Alphabet Inc.,P127,owned by,Q20800404-93056149-4fda-ec04-e1e8-be418b3ed7a9,Q849363,The Vanguard Group,P585,point in time,2021-04-06T00:00:00Z
Q20800404,Alphabet Inc.,P127,owned by,Q20800404-93056149-4fda-ec04-e1e8-be418b3ed7a9,Q849363,The Vanguard Group,P1013,criterion used,Q2350092
Q20800404,Alphabet Inc.,P127,owned by,Q20800404-93056149-4fda-ec04-e1e8-be418b3ed7a9,Q849363,The Vanguard Group,P1107,proportion,0.03
Q20800404,Alphabet Inc.,P127,owned by,Q20800404-9c4f1940-4a61-0255-75dd-20d3a8476f51,Q849363,The Vanguard Group,P585,point in time,2019-04-22T00:00:00Z
Q20800404,Alphabet Inc.,P127,owned by,Q20800404-9c4f1940-4a61-0255-75dd-20d3a8476f51,Q849363,The Vanguard Group,P1013,criterion used,Q330601
Q20800404,Alphabet Inc.,P127,owned by,Q20800404-9c4f1940-4a61-0255-75dd-20d3a8476f51,Q849363,The Vanguard Group,P1013,criterion used,Q1081659
Q20800404,Alphabet Inc.,P127,owned by,Q20800404-9c4f1940-4a61-0255-75dd-20d3a8476f51,Q849363,The Vanguard Group,P1107,proportion,0.073
Q20800404,Alphabet Inc.,P169,chief executive officer,Q20800404-2f4992b4-4c68-7976-9c0c-096a2521b9a6,Q4934,Larry Page,P580,start time,2015-08-10T00:00:00Z
Q20800404,Alphabet Inc.,P169,chief executive officer,Q20800404-2f4992b4-4c68-7976-9c0c-096a2521b9a6,Q4934,Larry Page,P582,end time,2019-12-03T00:00:00Z
Q20800404,Alphabet Inc.,P169,chief executive officer,Q20800404-affb4106-4a4c-b042-54be-83e62b6d7f52,Q3503829,Sundar Pichai,P580,start time,2019-12-03T00:00:00Z
Q20800404,Alphabet Inc.,P169,chief executive officer,Q20800404-affb4106-4a4c-b042-54be-83e62b6d7f52,Q3503829,Sundar Pichai,P7452,reason for preferred rank,Q71536244
Q20800404,Alphabet Inc.,P1830,owner of,Q20800404-C925BF7F-4D3B-4735-ADE6-C3C17C49A9DD,Q100292691,XXVI Holdings,,,
Q20800404,Alphabet Inc.,P355,child organization or unit,Q20800404-37f070f2-447f-502d-1f86-c631eb3e84a0,Q5455414,Fitbit,P2241,reason for deprecated rank,Q28091153
Q20800404,Alphabet Inc.,P355,child organization or unit,Q20800404-37f070f2-447f-502d-1f86-c631eb3e84a0,Q5455414,Fitbit,P8327,intended subject of deprecated statement,Q95
Q20800404,Alphabet Inc.,P355,child organization or unit,Q20800404-0D09BEDA-AA28-4AEA-8EF0-FCD7F0F6BDDC,Q100292691,XXVI Holdings,,,
Q20800404,Alphabet Inc.,P355,child organization or unit,Q20800404-2be475aa-4171-89b1-966a-c36df0377765,Q133928,X Development,,,
Q20800404,Alphabet Inc.,P355,child organization or unit,Q20800404-3fb8deee-4efc-c88e-42fc-e77584b33697,Q95,Google,,,
Q20800404,Alphabet Inc.,P355,child organization or unit,Q20800404-4c3c619c-4ae0-2548-e4cf-f5338cdcf1fd,Q2119882,Google Nest,,,
Q20800404,Alphabet Inc.,P355,child organization or unit,Q20800404-8b1aae15-42c3-2950-c9e5-6f682b65ed7d,Q55513046,Wing,,,
Q20800404,Alphabet Inc.,P355,child organization or unit,Q20800404-8da763c1-4968-382e-9942-d9afe69bf7de,Q26912024,Google Ireland Holdings Unlimited Company,,,
Q20800404,Alphabet Inc.,P355,child organization or unit,Q20800404-a63e959b-4d85-a21c-8b8c-6ac1cb52e69a,Q14932155,Calico,,,
Q20800404,Alphabet Inc.,P355,child organization or unit,Q20800404-a8030c8d-420c-b666-4cda-d3dab8d083a8,Q166561,Google Fiber,,,
Q20800404,Alphabet Inc.,P355,child organization or unit,Q20800404-bae92b60-416a-d1d7-fa9e-1d9e32d7aa88,Q2591662,GV,,,
Q20800404,Alphabet Inc.,P355,child organization or unit,Q20800404-CAAD197C-7691-4761-A744-911D2E674BE9,Q100292504,Waymo Holding,,,
Q20800404,Alphabet Inc.,P355,child organization or unit,Q20800404-CE26F7CC-ED25-4C89-B494-C23EE2B014D2,Q7114879,Q7114879,,,
Q20800404,Alphabet Inc.,P355,child organization or unit,Q20800404-da0b278f-4e68-1e86-c166-0398d618c62b,Q13463146,Loon,,,
Q20800404,Alphabet Inc.,P355,child organization or unit,Q20800404-E6295691-CC37-4CC7-BDE9-BDCA88F796C3,Q15330,Waymo,,,
Q20800404,Alphabet Inc.,P361,part of,Q20800404-0A9CF3B9-429D-47C2-BB7A-852B360BBBD6,Q507306,Nasdaq-100,,,
Q20800404,Alphabet Inc.,P361,part of,Q20800404-119F6061-3657-4B29-A261-1DE9A955BD63,Q773026,Dow Jones Global Titans 50,,,
Q20800404,Alphabet Inc.,P361,part of,Q20800404-385F0893-2FAF-4415-A35D-91413F2B4F94,Q133989581,Silicon Six,,,
Q20800404,Alphabet Inc.,P361,part of,Q20800404-4A8CDB81-2252-4E3B-A872-5BA1F49FBE94,Q242345,S&P 500,,,
Q20800404,Alphabet Inc.,P361,part of,Q20800404-C24332F3-1A1F-4298-915F-BFE515B1FCC1,Q1546793,S&P 100,,,
Q20800404,Alphabet Inc.,P452,industry,Q20800404-1dc07a8e-4a56-29b4-ee84-f9aa7c8101e1,Q11661,information technology,,,
Q2743863,Intuitive Surgical,P1056,product or material produced,Q2743863-F0B1CFF0-7346-4388-A1F3-FC5CC0FF139C,Q2323044,Da Vinci Surgical System,,,
Q2743863,Intuitive Surgical,P355,child organization or unit,Q2743863-E9C5080F-FDF5-483D-83EB-D6D229E52061,Q50038612,Intuitive Surgical (Switzerland),,,
Q2743863,Intuitive Surgical,P361,part of,Q2743863-CF2F8044-79B7-4FD7-80C8-4387AE6B7FA4,Q242345,S&P 500,P580,start time,2008-06-02T00:00:00Z
Q2743863,Intuitive Surgical,P361,part of,Q2743863-12623C4F-CF21-44D7-92B7-2E946972554C,Q1546793,S&P 100,,,
Q192314,JPMorgan Chase,P1056,product or material produced,Q192314-64971b9f-4b23-1260-360b-dd34d729de60,Q873442,asset management,,,
Q192314,JPMorgan Chase,P1056,product or material produced,Q192314-9393e5d2-4a83-e2b2-7b18-d89aa010f25b,Q2638043,Q2638043,,,
Q192314,JPMorgan Chase,P1056,product or material produced,Q192314-b329750b-4fe7-aec5-142a-60d10d332762,Q1814021,bank credit,,,
Q192314,JPMorgan Chase,P1056,product or material produced,Q192314-b8e8d748-4ab1-d355-5f26-bcf0e5d9b881,Q43183,insurance,,,
Q192314,JPMorgan Chase,P127,owned by,Q192314-536d76af-4167-f832-e6e5-ebe4fe06a728,Q849363,The Vanguard Group,P585,point in time,2021-12-31T00:00:00Z
Q192314,JPMorgan Chase,P127,owned by,Q192314-536d76af-4167-f832-e6e5-ebe4fe06a728,Q849363,The Vanguard Group,P1107,proportion,0.088
Q192314,JPMorgan Chase,P127,owned by,Q192314-c04f722c-4d50-f2fb-0af9-0ed847f92a35,Q219635,BlackRock,P585,point in time,2021-12-31T00:00:00Z
Q192314,JPMorgan Chase,P127,owned by,Q192314-c04f722c-4d50-f2fb-0af9-0ed847f92a35,Q219635,BlackRock,P1107,proportion,0.065
Q192314,JPMorgan Chase,P169,chief executive officer,Q192314-1c35cc62-40d6-209e-1837-0db4e489c1f3,Q922169,Jamie Dimon,P580,start time,2004-01-01T00:00:00Z
Q192314,JPMorgan Chase,P1830,owner of,Q192314-7f2b1381-4c26-fc94-827a-ce3b20a9ad21,Q795469,BATS Global Markets,P1107,proportion,0.0446
Q192314,JPMorgan Chase,P1830,owner of,Q192314-8c909d54-41f4-c8bb-23c5-e2da7db26b21,Q12435508,Narayana Hrudayalaya,P1107,proportion,0.107
Q192314,JPMorgan Chase,P1830,owner of,Q192314-dc91bb28-48f3-bc59-3270-a27f8d016ac6,Q12184641,Saudi Investment Bank,P1107,proportion,0.0749
Q192314,JPMorgan Chase,P355,child organization or unit,Q192314-03eb00de-4147-9bcd-05b7-a97f9024f619,Q2633403,J.P. Morgan & Co.,,,
Q192314,JPMorgan Chase,P355,child organization or unit,Q192314-21f26dd8-4dab-7ff7-e1e0-a0ae43b28552,Q524629,Chase Bank,,,
Q192314,JPMorgan Chase,P355,child organization or unit,Q192314-5f014e13-443a-397b-acb1-5d3156e78fe7,Q113466019,J P Morgan Securities PLC,,,
Q192314,JPMorgan Chase,P355,child organization or unit,Q192314-93b7610e-4e13-211c-a51e-769967c2c174,Q5087180,Chase Paymentech,,,
Q192314,JPMorgan Chase,P355,child organization or unit,Q192314-9bc991cb-49a8-b9b0-2988-1a94186a3971,Q113466790,J.P. Morgan Securities LLC,,,
Q192314,JPMorgan Chase,P361,part of,Q192314-17d30bcd-4057-17c1-35a8-b40da4964506,Q1134743,Forbes Global 2000,P585,point in time,2019-01-01T00:00:00Z
Q192314,JPMorgan Chase,P361,part of,Q192314-17d30bcd-4057-17c1-35a8-b40da4964506,Q1134743,Forbes Global 2000,P1352,ranking,2
Q192314,JPMorgan Chase,P361,part of,Q192314-18CFE780-5A20-45DF-8A0F-68B4126A7D0E,Q43423468,hedge fund manager,P1545,series ordinal,Dr Luis e Valdez rico Berkshire Hathaway
Q192314,JPMorgan Chase,P361,part of,Q192314-38AE7A70-9251-4DA5-BD65-A889F4650CBF,Q773026,Dow Jones Global Titans 50,,,
Q192314,JPMorgan Chase,P361,part of,Q192314-dc48da5f-4f9a-fe6e-1f07-706c13d7695b,Q242345,S&P 500,,,
Q192314,JPMorgan Chase,P361,part of,Q192314-0544ABAA-7E78-41E4-B3C0-790F39357EAA,Q1546793,S&P 100,,,
Q192314,JPMorgan Chase,P361,part of,Q192314-fe365959-44d0-d5db-eaf7-5ef6f44a8bcf,Q180816,Dow Jones Industrial Average,,,
Q192314,JPMorgan Chase,P452,industry,Q192314-b06bb1d0-4cb0-4458-f9c9-c4da57bf1f40,Q806718,economics of banking,,,
Q192314,JPMorgan Chase,P452,industry,Q192314-e7bad56e-44dc-9103-f071-a8b673a923fb,Q837171,financial services,,,
Q192314,JPMorgan Chase,P452,industry,Q192314-F14E521F-CB1A-4545-A4AF-096BB27266A7,Q57774188,financial sector,,,
Q1852556,Philip Morris International,P1056,product or material produced,Q1852556-09e7fe7f-46cb-e1c2-b8e5-ba0786437de8,Q1576,cigar,,,
Q1852556,Philip Morris International,P1056,product or material produced,Q1852556-191e563c-4629-f8d9-6429-a856e8dfa62d,Q28657989,heated tobacco product,,,
Q1852556,Philip Morris International,P1056,product or material produced,Q1852556-1e442462-4c9b-30e7-ebd1-d57d6cf64cc1,Q3512694,smokeless tobacco,,,
Q1852556,Philip Morris International,P1056,product or material produced,Q1852556-9b05593f-4ff5-ddee-e8ac-ee47181c6be9,Q189511,electronic cigarette,,,
Q1852556,Philip Morris International,P1056,product or material produced,Q1852556-9b3b7316-4cd9-9e34-da64-7192ee069112,Q85789044,nicotine pouch,,,
Q1852556,Philip Morris International,P1056,product or material produced,Q1852556-fd719a1b-4413-02bf-1ee2-a798212bf49a,Q1578,cigarette,,,
Q1852556,Philip Morris International,P1056,product or material produced,Q1852556-3031bda8-410b-bd85-f52e-6184d767639b,Q214092,art patronage,,,
Q1852556,Philip Morris International,P127,owned by,Q1852556-c71c1ede-4725-791e-3196-0a1a1981170d,Q849363,The Vanguard Group,P585,point in time,2025-03-14T00:00:00Z
Q1852556,Philip Morris International,P127,owned by,Q1852556-c71c1ede-4725-791e-3196-0a1a1981170d,Q849363,The Vanguard Group,P1107,proportion,8.74
Q1852556,Philip Morris International,P127,owned by,Q1852556-e26f3b2a-435f-5cea-a3f7-fd7dd2dd4d3a,Q505275,Capital Group Companies,P585,point in time,2025-03-14T00:00:00Z
Q1852556,Philip Morris International,P127,owned by,Q1852556-e26f3b2a-435f-5cea-a3f7-fd7dd2dd4d3a,Q505275,Capital Group Companies,P1107,proportion,7.1
Q1852556,Philip Morris International,P127,owned by,Q1852556-02a76579-4c57-5995-6868-ff025dd5eb35,Q219635,BlackRock,P585,point in time,2025-03-14T00:00:00Z
Q1852556,Philip Morris International,P127,owned by,Q1852556-02a76579-4c57-5995-6868-ff025dd5eb35,Q219635,BlackRock,P1107,proportion,6.3
Q1852556,Philip Morris International,P169,chief executive officer,Q1852556-700a7e10-4fcd-1de1-b853-7fd4cbfa8968,Q106755529,Jacek Olczak,P580,start time,2021-01-01T00:00:00Z
Q1852556,Philip Morris International,P169,chief executive officer,Q1852556-800363d0-483f-d113-ced8-d7a9f598051f,Q5546136,Q5546136,P580,start time,1960-01-01T00:00:00Z
Q1852556,Philip Morris International,P169,chief executive officer,Q1852556-947b603a-4513-e76c-8b28-637b5d51d330,Q56703648,Hamish Maxwell,P580,start time,1984-01-01T00:00:00Z
Q1852556,Philip Morris International,P355,child organization or unit,Q1852556-2c211395-414e-2158-e503-786257d7aa52,Q2168755,"Rothmans, Benson & Hedges",,,
Q1852556,Philip Morris International,P355,child organization or unit,Q1852556-63F3B970-4957-41F9-985F-98A4723FC15D,Q25857926,Philip Morris ČR,,,
Q1852556,Philip Morris International,P355,child organization or unit,Q1852556-735f08cb-468c-2aa9-e12e-69e3aeb68ad5,Q7410186,Sampoerna,,,
Q1852556,Philip Morris International,P355,child organization or unit,Q1852556-80C9AAD8-421B-4669-B023-1F95BF4DB088,Q30338275,Philip Morris International (Switzerland),,,
Q1852556,Philip Morris International,P355,child organization or unit,Q1852556-abbc3955-44f5-0600-88bd-1214f59acb15,Q2050577,Papastratos,,,
Q1852556,Philip Morris International,P355,child organization or unit,Q1852556-BAE63500-83D7-4E2E-B74B-9064269F0EAB,Q30338276,Philip Morris International (Germany),,,
Q1852556,Philip Morris International,P355,child organization or unit,Q1852556-d84f424a-41a1-c081-055a-26f116c7baae,Q7917867,Vectura Group,,,
Q1852556,Philip Morris International,P355,child organization or unit,Q1852556-f487ff52-41ed-8764-3174-b4d3a414ae0e,Q65127416,Philip Morris International в России,,,
Q1852556,Philip Morris International,P355,child organization or unit,Q1852556-fa98a834-4051-fdd5-cb41-5ae43c2edb98,Q52855,Swedish Match,,,
Q1852556,Philip Morris International,P355,child organization or unit,Q1852556-fb2b425f-4a6d-58a1-17fc-d5c4dc27462b,Q7119736,"PMFTC, Inc.",,,
Q1852556,Philip Morris International,P361,part of,Q1852556-3eed6845-4581-81d2-c880-ee2b0cecd20f,Q242345,S&P 500,,,
Q1852556,Philip Morris International,P361,part of,Q1852556-88C9930F-6F3C-46CC-81B1-2D3D641D3E98,Q773026,Dow Jones Global Titans 50,,,
Q1852556,Philip Morris International,P361,part of,Q1852556-c7f1716b-43ed-7c19-087f-04b09e7d5102,Q1546793,S&P 100,,,
Q1852556,Philip Morris International,P452,industry,Q1852556-6BC79C79-2488-45E2-8FFF-C756BC3365C1,Q907703,tobacco industry,,,
Q1852556,Philip Morris International,P452,industry,Q1852556-fc096bcd-4b81-69d5-3b8b-5b215dad55e7,Q1187656,fast-moving consumer goods,,,
Q312,Apple Inc.,P1056,product or material produced,Q312-1317a280-48c6-8d63-939b-6fe6bd6baf61,Q18010946,Apple Watch,P580,start time,2015-04-24T00:00:00Z
Q312,Apple Inc.,P1056,product or material produced,Q312-2cd56ae1-41e7-0ae1-c512-bf637bc74b56,Q2766,iPhone,P580,start time,2007-06-29T00:00:00Z
Q312,Apple Inc.,P1056,product or material produced,Q312-5b4be50c-44e7-d73f-bfdb-2b405fdc0a13,Q2796,Q2796,P580,start time,2012-03-07T00:00:00Z
Q312,Apple Inc.,P1056,product or material produced,Q312-673a9899-4678-7a39-1fcc-2c2c21c5c2e1,Q270285,Apple TV,P580,start time,2006-09-12T00:00:00Z
Q312,Apple Inc.,P1056,product or material produced,Q312-1f57a184-49a6-a4ec-2e55-74fadbc324b6,Q178648,peripheral,,,
Q312,Apple Inc.,P1056,product or material produced,Q312-4bf32122-48e2-5c5c-c0fe-d407739fcbdf,Q22645,smartphone,,,
Q312,Apple Inc.,P1056,product or material produced,Q312-647ea499-452e-b3f9-119e-332b2e34234f,Q155972,tablet computer,,,
Q312,Apple Inc.,P1056,product or material produced,Q312-6a0316f2-4ae9-88e9-bafd-bb98c640f883,Q9479,iPod,,,
Q312,Apple Inc.,P1056,product or material produced,Q312-700122b5-403e-e7e2-2fed-c0e152ed93c4,Q162768,personal digital assistant,,,
Q312,Apple Inc.,P1056,product or material produced,Q312-80d80bd7-4789-f655-a2c5-c19f836752fc,Q14094,iPod touch,,,
Q312,Apple Inc.,P1056,product or material produced,Q312-a2e6b263-4e91-5ebe-4ba8-001b16d20268,Q16338,personal computer,,,
Q312,Apple Inc.,P1056,product or material produced,Q312-aaec4f0f-44e8-7930-a0e7-f03482311e14,Q8076,video game console,,,
Q312,Apple Inc.,P1056,product or material produced,Q312-b978b13b-4431-14d0-6ad3-998bfae8aea0,Q75687,Mac,,,
Q312,Apple Inc.,P1056,product or material produced,Q312-bc89ee97-4ced-c94d-cd0d-5bb66e7373a2,Q7397,software,,,
Q312,Apple Inc.,P1056,product or material produced,Q312-c48a815b-41d4-5248-d91f-7f0fc167eb3d,Q14091,iMac,,,
Q312,Apple Inc.,P1056,product or material produced,Q312-C63EDC8F-C0CE-49B5-8CFA-954E4BDF3CCC,Q1546066,networking hardware,,,
Q312,Apple Inc.,P1056,product or material produced,Q312-db8d8ed1-47a7-4adf-90db-1318665d25ec,Q1334829,wearable computer,,,
Q312,Apple Inc.,P1056,product or material produced,Q312-deada4c8-4b66-f1f4-dbf4-bbcf89b979cb,Q30137500,HomePod,,,
Q312,Apple Inc.,P1056,product or material produced,Q312-e1aeab76-413d-0691-c805-29a66080e2ed,Q26936286,AirPods,,,
Q312,Apple Inc.,P1056,product or material produced,Q312-f05cd6a9-4572-3351-09d8-0c58fc6170df,Q18010990,Apple Pay,,,
Q312,Apple Inc.,P1056,product or material produced,Q312-f47ddd95-44d2-90d2-80f0-46f455d3eded,Q581105,consumer electronics,,,
Q312,Apple Inc.,P1056,product or material produced,Q312-F4D71CBD-AE5A-4192-B4E8-463726D1BD10,Q3966,computer hardware,,,
Q312,Apple Inc.,P127,owned by,Q312-36f3d3eb-49cb-4541-be07-dad30d7e692b,Q217583,Berkshire Hathaway,P1107,proportion,0.0586
Q312,Apple Inc.,P127,owned by,Q312-4b263893-44a8-06d3-d9e5-873a738cf646,Q7603552,State Street Global Advisors,P1107,proportion,0.0364
Q312,Apple Inc.,P127,owned by,Q312-d10fc009-4bb4-4d2b-e185-ffe0aaf1f628,Q219635,BlackRock,P1107,proportion,0.043
Q312,Apple Inc.,P127,owned by,Q312-d974d2c3-4cb3-6152-1144-50d13437da2d,Q849363,The Vanguard Group,P585,point in time,2023-11-22T00:00:00Z
Q312,Apple Inc.,P127,owned by,Q312-d974d2c3-4cb3-6152-1144-50d13437da2d,Q849363,The Vanguard Group,P1107,proportion,0.0791
Q312,Apple Inc.,P169,chief executive officer,Q312-19bfd695-4a8a-0f36-ec7b-bbd856c746c7,Q926972,Michael Scott,P580,start time,1977-01-01T00:00:00Z
Q312,Apple Inc.,P169,chief executive officer,Q312-19bfd695-4a8a-0f36-ec7b-bbd856c746c7,Q926972,Michael Scott,P582,end time,1981-01-01T00:00:00Z
Q312,Apple Inc.,P169,chief executive officer,Q312-299f7232-4f55-50d4-7de1-6b35f6afee1f,Q713588,Gil Amelio,P580,start time,1996-01-01T00:00:00Z
Q312,Apple Inc.,P169,chief executive officer,Q312-299f7232-4f55-50d4-7de1-6b35f6afee1f,Q713588,Gil Amelio,P582,end time,1997-01-01T00:00:00Z
Q312,Apple Inc.,P169,chief executive officer,Q312-46c68bab-4b22-82a2-05be-7268d8aae293,Q369783,Mike Markkula,P580,start time,1981-01-01T00:00:00Z
Q312,Apple Inc.,P169,chief executive officer,Q312-46c68bab-4b22-82a2-05be-7268d8aae293,Q369783,Mike Markkula,P582,end time,1983-01-01T00:00:00Z
Q312,Apple Inc.,P169,chief executive officer,Q312-4a67d2fa-42fe-238b-2c07-1174edc5358e,Q337024,John Sculley,P580,start time,1983-01-01T00:00:00Z
Q312,Apple Inc.,P169,chief executive officer,Q312-4a67d2fa-42fe-238b-2c07-1174edc5358e,Q337024,John Sculley,P582,end time,1993-01-01T00:00:00Z
Q312,Apple Inc.,P169,chief executive officer,q312-523ED330-6C99-4A8D-B245-E3AC5424C313,Q265852,Tim Cook,P580,start time,2011-08-24T00:00:00Z
Q312,Apple Inc.,P169,chief executive officer,q312-523ED330-6C99-4A8D-B245-E3AC5424C313,Q265852,Tim Cook,P7452,reason for preferred rank,Q71536244
Q312,Apple Inc.,P169,chief executive officer,Q312-97ab57fd-4318-ed20-43df-76613cff2363,Q64088,Michael Spindler,P580,start time,1993-01-01T00:00:00Z
Q312,Apple Inc.,P169,chief executive officer,Q312-97ab57fd-4318-ed20-43df-76613cff2363,Q64088,Michael Spindler,P582,end time,1996-01-01T00:00:00Z
Q312,Apple Inc.,P169,chief executive officer,q312-d93cd29d-49ee-364d-308c-b41e711d7d50,Q19837,Steve Jobs,P580,start time,1997-09-01T00:00:00Z
Q312,Apple Inc.,P169,chief executive officer,q312-d93cd29d-49ee-364d-308c-b41e711d7d50,Q19837,Steve Jobs,P582,end time,2011-08-23T00:00:00Z
Q312,Apple Inc.,P169,chief executive officer,Q312-534fec2d-4275-34be-0bed-8bfb72df37c4,Q106028933,Q106028933,P580,start time,2026-09-01T00:00:00Z
Q312,Apple Inc.,P1830,owner of,Q312-dd8e86a5-48fa-7ad4-b7ca-b04a7bb5fe77,Q1119662,Imagination Technologies,P1107,proportion,0.0832
Q312,Apple Inc.,P1830,owner of,Q312-ec63e6b9-4526-42dd-f1a1-eedf3b1d7b03,Q110553619,Apple corporate shuttle,P2241,reason for deprecated rank,Q76449977
Q312,Apple Inc.,P355,child organization or unit,Q312-58656fb0-496b-ffbd-b3db-127ec59f770a,Q8084438,Braeburn Capital,P580,start time,2005-01-01T00:00:00Z
Q312,Apple Inc.,P355,child organization or unit,Q312-5b887c19-40df-e1d8-7ebe-f6f6f08c3de7,Q1982831,"FileMaker, Inc.",P580,start time,1998-01-01T00:00:00Z
Q312,Apple Inc.,P355,child organization or unit,Q312-72e9c470-48b1-cac0-73b3-1cbb0d74c2f8,Q2893391,Anobit,P580,start time,2012-01-06T00:00:00Z
Q312,Apple Inc.,P355,child organization or unit,Q312-cc5c832e-492e-54d1-607b-e0ce4b101db1,Q1961036,Beats Electronics,P580,start time,2014-08-01T00:00:00Z
Q312,Apple Inc.,P355,child organization or unit,Q312-05758B11-671F-4775-8A4F-8D73A5D38B5E,Q29000247,Apple Germany,,,
Q312,Apple Inc.,P355,child organization or unit,Q312-1B4D5EE3-8E32-4A83-81C3-E81DF85FE848,Q7245704,Prismo Graphics,,,
Q312,Apple Inc.,P355,child organization or unit,Q312-20c8f6b0-4e3a-ce7e-945a-e1aeddda660a,Q21463549,Siri Inc.,,,
Q312,Apple Inc.,P355,child organization or unit,Q312-3D9452D8-74FE-486B-A1DD-3E8FA59B4C77,Q111464892,Apple Czech,,,
Q312,Apple Inc.,P355,child organization or unit,Q312-7ea81f88-4baa-eca2-4d43-10b7d615af11,Q1095605,Claris,,,
Q312,Apple Inc.,P355,child organization or unit,Q312-8CF608C6-E921-44BB-A069-271D08FD16A4,Q4038751,FingerWorks,,,
Q312,Apple Inc.,P355,child organization or unit,Q312-96A587B0-8608-4C07-A6DA-26F796B134BC,Q29000259,Apple Israel,,,
Q312,Apple Inc.,P355,child organization or unit,Q312-9A1153CF-A7D8-42A5-B479-3B64B54A6172,Q7431115,SchemaSoft,,,
Q312,Apple Inc.,P355,child organization or unit,Q312-ACE95D3D-6B09-49EA-B197-062E9EF41DBF,Q16835875,AuthenTec,,,
Q312,Apple Inc.,P355,child organization or unit,Q312-CC07840E-E48A-413C-B3D2-37B5B0AD18B8,Q7298416,Raycer,,,
Q312,Apple Inc.,P355,child organization or unit,Q312-e6efa0b9-4149-ea3d-777e-b56a314383bf,Q105810600,Apple Sales International,,,
Q312,Apple Inc.,P355,child organization or unit,Q312-f0a67e5a-4d85-81cd-90d7-9ae0c79f0630,Q421253,Apple Store,,,
Q312,Apple Inc.,P355,child organization or unit,Q312-de8225dc-4d19-a5df-381d-23a1aa97dc1a,Q137672799,Apple Korea,,,
Q312,Apple Inc.,P361,part of,Q312-0D65FC42-C965-45B2-8CCA-CCCBDD0BECE0,Q133989581,Silicon Six,,,
Q312,Apple Inc.,P361,part of,Q312-9E68A0B6-BA42-479B-98DC-D365F78E3B81,Q773026,Dow Jones Global Titans 50,,,
Q312,Apple Inc.,P361,part of,Q312-bb075347-48ad-399d-9b57-b20f4d9b5eda,Q242345,S&P 500,,,
Q312,Apple Inc.,P361,part of,Q312-c0bbd124-4e78-006e-8c18-04d2513415e3,Q3122864,Big Tech,,,
Q312,Apple Inc.,P361,part of,Q312-C443A63A-2956-4BA6-82E8-5F08782CAFD2,Q180816,Dow Jones Industrial Average,,,
Q312,Apple Inc.,P361,part of,Q312-e27b8663-4c00-750c-c7ce-009beeccbaab,Q507306,Nasdaq-100,,,
Q312,Apple Inc.,P361,part of,Q312-BA638348-6477-4002-B2CD-E1F25E99F52A,Q1546793,S&P 100,,,
Q312,Apple Inc.,P452,industry,Q312-30e946e7-4a82-6d68-24b8-c2954d74f574,Q880371,software industry,P1012,including,Q9135
Q312,Apple Inc.,P452,industry,Q312-30e946e7-4a82-6d68-24b8-c2954d74f574,Q880371,software industry,P1012,including,Q40056
Q312,Apple Inc.,P452,industry,Q312-6eb91e47-4cce-7404-a7be-881a5e4784c6,Q73768396,consumer electronics industry,P1012,including,Q68
Q312,Apple Inc.,P452,industry,Q312-6eb91e47-4cce-7404-a7be-881a5e4784c6,Q73768396,consumer electronics industry,P1012,including,Q22645
Q312,Apple Inc.,P452,industry,Q312-02c5f193-4b50-1d70-6b15-697a9ec13696,Q56598901,mobile phone industry,,,
Q312,Apple Inc.,P452,industry,Q312-07feeae4-46a6-8510-35e0-56f623fe8392,Q638608,software development,,,
Q312,Apple Inc.,P452,industry,Q312-4f2dd3ce-4641-d377-8ec3-46b01d61847a,Q110702998,information technology industry,,,
Q312,Apple Inc.,P452,industry,Q312-654529d6-4d7b-a46f-e60a-8a019d8b43cc,Q269415,digital distribution,,,
Q312,Apple Inc.,P452,industry,Q312-d79f20ba-4824-8c35-5927-d835c2dad843,Q5358497,electronics industry,,,
Q66,Boeing,P1056,product or material produced,Q66-070c2aaf-4a9d-5fc5-68b9-2ac1d0d0f141,Q211485,space technology,,,
Q66,Boeing,P1056,product or material produced,Q66-0b11c7d0-4b64-dec1-5c3b-c4951cc60c76,Q211369,Boeing C-17 Globemaster III,,,
Q66,Boeing,P1056,product or material produced,Q66-21d46865-49bb-a383-0823-ec772d2b12ed,Q6401,Boeing 717,,,
Q66,Boeing,P1056,product or material produced,Q66-278ec9c8-4e19-a7af-4a4a-5ca9293d0748,Q6418,Boeing 757,,,
Q66,Boeing,P1056,product or material produced,Q66-38904f32-404c-138a-1d5c-1a164adf485d,Q6423,Boeing 767,,,
Q66,Boeing,P1056,product or material produced,Q66-3fb3bd5a-4f15-e199-ef3e-52218ba08090,Q179,Boeing 747,,,
Q66,Boeing,P1056,product or material produced,Q66-6c69be5a-4fee-cc56-4395-ebac9a1a04e6,Q46397,McDonnell Douglas F/A-18 Hornet,,,
Q66,Boeing,P1056,product or material produced,Q66-959ae915-4656-c89d-529d-a303c8226f82,Q209613,Boeing CH-47 Chinook,,,
Q66,Boeing,P1056,product or material produced,Q66-a16896a5-4aac-66a4-cded-b5024fea607c,Q611401,Boeing P-8 Poseidon,,,
Q66,Boeing,P1056,product or material produced,Q66-aef471fa-4dcb-1b0e-a9c3-6a444b970241,Q171468,Hughes AH-64 Apache,,,
Q66,Boeing,P1056,product or material produced,Q66-c0709743-4c81-b4af-6a03-df30f5f02e36,Q833212,Boeing 720,,,
Q66,Boeing,P1056,product or material produced,Q66-d3f52089-4efc-8f59-868f-8d1457f2ae09,Q6428,Boeing 787 Dreamliner,,,
Q66,Boeing,P1056,product or material produced,Q66-d5c5dc14-435c-ec8e-6d10-ad1513ac5450,Q6409,Boeing 727,,,
Q66,Boeing,P1056,product or material produced,Q66-eccca211-42b1-9e24-6ca6-2c7a535ee16d,Q6394,Boeing 707,,,
Q66,Boeing,P1056,product or material produced,Q66-f265e14e-4439-e427-2cb4-6211fc0bd31f,Q29251,McDonnell Douglas F-15 Eagle,,,
Q66,Boeing,P1056,product or material produced,Q66-f9632b51-4cb9-d294-93cb-8d338ca393fd,Q6425,Boeing 777,,,
Q66,Boeing,P1056,product or material produced,Q66-fc1c906a-41d9-a273-f223-2f67d04a9cf5,Q6387,Boeing 737,,,
Q66,Boeing,P127,owned by,Q66-49a5d59e-4ba1-2554-da6b-f408b45979cf,Q3511946,T. Rowe Price,P585,point in time,2018-12-31T00:00:00Z
Q66,Boeing,P127,owned by,Q66-49a5d59e-4ba1-2554-da6b-f408b45979cf,Q3511946,T. Rowe Price,P1107,proportion,0.12
Q66,Boeing,P127,owned by,Q66-5f9366ee-41a0-3400-0e38-dc910d751974,Q219635,BlackRock,P585,point in time,2018-12-31T00:00:00Z
Q66,Boeing,P127,owned by,Q66-5f9366ee-41a0-3400-0e38-dc910d751974,Q219635,BlackRock,P1107,proportion,0.058
Q66,Boeing,P127,owned by,Q66-7500d492-4e9b-e78d-ee28-bc9c57b58262,Q849363,The Vanguard Group,P585,point in time,2018-12-31T00:00:00Z
Q66,Boeing,P127,owned by,Q66-7500d492-4e9b-e78d-ee28-bc9c57b58262,Q849363,The Vanguard Group,P1107,proportion,0.074
Q66,Boeing,P127,owned by,Q66-d13cf043-4038-0c9e-a293-8ea8e25a4aeb,Q65084181,Newport Trust,P585,point in time,2018-12-31T00:00:00Z
Q66,Boeing,P127,owned by,Q66-d13cf043-4038-0c9e-a293-8ea8e25a4aeb,Q65084181,Newport Trust,P1107,proportion,0.059
Q66,Boeing,P169,chief executive officer,Q66-1d54380f-45c4-7467-3e7c-4c92fab03614,Q1493920,William McPherson Allen,P580,start time,1945-01-01T00:00:00Z
Q66,Boeing,P169,chief executive officer,Q66-1d54380f-45c4-7467-3e7c-4c92fab03614,Q1493920,William McPherson Allen,P582,end time,1968-01-01T00:00:00Z
Q66,Boeing,P169,chief executive officer,Q66-25ccee02-4d64-decb-9aa3-b4b02d35cfa8,Q109767256,Kelly Ortberg,P580,start time,2024-08-08T00:00:00Z
Q66,Boeing,P169,chief executive officer,Q66-3ea69fd4-41b5-6dbe-e6c3-5850b523e11f,Q7796570,Thornton Wilson,P580,start time,1969-01-01T00:00:00Z
Q66,Boeing,P169,chief executive officer,Q66-3ea69fd4-41b5-6dbe-e6c3-5850b523e11f,Q7796570,Thornton Wilson,P582,end time,1986-01-01T00:00:00Z
Q66,Boeing,P169,chief executive officer,Q66-74051d4f-4715-48f7-d79e-9c62c9950f52,Q7184004,Philip M. Condit,P580,start time,1996-01-01T00:00:00Z
Q66,Boeing,P169,chief executive officer,Q66-74051d4f-4715-48f7-d79e-9c62c9950f52,Q7184004,Philip M. Condit,P582,end time,2003-01-01T00:00:00Z
Q66,Boeing,P169,chief executive officer,Q66-af1631af-4354-d520-fc43-79ca9c356628,Q20205127,Dennis Muilenburg,P580,start time,2015-07-01T00:00:00Z
Q66,Boeing,P169,chief executive officer,Q66-af1631af-4354-d520-fc43-79ca9c356628,Q20205127,Dennis Muilenburg,P582,end time,2019-12-23T00:00:00Z
Q66,Boeing,P169,chief executive officer,Q66-bb642971-43ee-1bdd-e564-6550c3dee4fd,Q16104555,Harry Stonecipher,P580,start time,2003-01-01T00:00:00Z
Q66,Boeing,P169,chief executive officer,Q66-bb642971-43ee-1bdd-e564-6550c3dee4fd,Q16104555,Harry Stonecipher,P582,end time,2005-01-01T00:00:00Z
Q66,Boeing,P169,chief executive officer,Q66-cca9ab2b-4fe9-73e4-ed63-de5c3e7d2527,Q5489555,Frank Shrontz,P580,start time,1986-01-01T00:00:00Z
Q66,Boeing,P169,chief executive officer,Q66-cca9ab2b-4fe9-73e4-ed63-de5c3e7d2527,Q5489555,Frank Shrontz,P582,end time,1996-01-01T00:00:00Z
Q66,Boeing,P169,chief executive officer,q66-CF22FD82-DB7A-48CF-BE7D-8F4102DDF961,Q1680807,James McNerney,P580,start time,2005-01-01T00:00:00Z
Q66,Boeing,P169,chief executive officer,q66-CF22FD82-DB7A-48CF-BE7D-8F4102DDF961,Q1680807,James McNerney,P582,end time,2005-06-30T00:00:00Z
Q66,Boeing,P169,chief executive officer,Q66-d7f44c12-4fad-0a5d-6202-a39b7ba00eb7,Q16727786,Dave Calhoun,P580,start time,2020-01-13T00:00:00Z
Q66,Boeing,P169,chief executive officer,Q66-d7f44c12-4fad-0a5d-6202-a39b7ba00eb7,Q16727786,Dave Calhoun,P582,end time,2024-08-07T00:00:00Z
Q66,Boeing,P169,chief executive officer,Q66-ee3e8401-46c2-7362-1761-f255dfe641ec,Q6128032,James A. Bell,P580,start time,2005-01-01T00:00:00Z
Q66,Boeing,P169,chief executive officer,Q66-ee3e8401-46c2-7362-1761-f255dfe641ec,Q6128032,James A. Bell,P582,end time,2005-01-01T00:00:00Z
Q66,Boeing,P169,chief executive officer,Q66-ef2d021e-48dc-3cf3-689d-87f75acf00cb,Q24579272,Claire Egtvedt,P582,end time,1945-01-01T00:00:00Z
Q66,Boeing,P1830,owner of,Q66-5DA6B2A7-161C-42C4-9AC7-5F4B6A1A0164,Q8793,Boeing Commercial Airplanes,,,
Q66,Boeing,P1830,owner of,Q66-810390D9-0D67-465A-B78B-04684E140240,Q570930,Jeppesen,,,
Q66,Boeing,P1830,owner of,Q66-9A999694-F9F6-4CDC-8361-DEC64A2857C8,Q795324,"Boeing Defense, Space & Security",,,
Q66,Boeing,P1830,owner of,Q66-A09014ED-3780-4BCF-8514-F4BC40A38F54,Q1236833,United Launch Alliance,,,
Q66,Boeing,P1830,owner of,Q66-A6A88091-B631-44C4-B3D3-4D6790578ACA,Q374451,Boeing Rotorcraft Systems,,,
Q66,Boeing,P1830,owner of,Q66-C904845A-6D59-4F8A-BE06-EA4DB8818D3B,Q4937150,Boeing Plant 1,,,
Q66,Boeing,P1830,owner of,Q66-CEFB5779-31B6-48A0-B604-C92617871E49,Q890212,Q890212,,,
Q66,Boeing,P1830,owner of,Q66-DBD08322-8C5A-4167-9108-588E8F4374F5,Q1541150,United Space Alliance,,,
Q66,Boeing,P1830,owner of,Q66-EAE2B87A-A55C-4118-A066-B1D46CA43676,Q961568,Boeing International Headquarters,,,
Q66,Boeing,P1830,owner of,Q66-EB3DDBAF-9691-4F13-8779-B55732111F53,Q6059912,Inventory Locator Service,,,
Q66,Boeing,P355,child organization or unit,Q66-0383095f-449f-e59a-dd59-9f32b77ea5a8,Q2552512,Alteon Training,,,
Q66,Boeing,P355,child organization or unit,Q66-0C10087C-2F9B-42EA-95DC-48558BA825A4,Q890212,Q890212,,,
Q66,Boeing,P355,child organization or unit,Q66-11A39FC6-5C53-4313-A3AE-EBB4DA15B26B,Q4937128,Boeing Capital,,,
Q66,Boeing,P355,child organization or unit,Q66-1DAA4E81-ABCF-4645-9AC0-5B00388FEDC6,Q4937112,Boeing Australia,,,
Q66,Boeing,P355,child organization or unit,Q66-29ED64A7-C277-4E71-9415-75A696261B49,Q201815,McDonnell Douglas,,,
Q66,Boeing,P355,child organization or unit,Q66-369C2D88-A3EF-49CC-881F-AECC8FD13585,Q8793,Boeing Commercial Airplanes,,,
Q66,Boeing,P355,child organization or unit,Q66-3C65CB4C-761A-4DD1-9DE3-992CC74358AF,Q28974597,Boeing Spain,,,
Q66,Boeing,P355,child organization or unit,Q66-50ded449-47a9-ea61-37a9-bbb2b23a9b76,Q570930,Jeppesen,,,
Q66,Boeing,P355,child organization or unit,q66-56429ee5-42c2-f9f7-4e5c-05075fc1cc3e,Q890180,Boeing Canada,,,
Q66,Boeing,P355,child organization or unit,Q66-5B3C4BCA-7FAC-48B4-87A3-1493206945FA,Q795324,"Boeing Defense, Space & Security",,,
Q66,Boeing,P355,child organization or unit,Q66-615B3B7A-F03C-4451-A2A4-215809D840EE,Q4937132,Boeing UK,,,
Q66,Boeing,P355,child organization or unit,Q66-81989898-4706-429e-69dd-e9253df0aa03,Q4937115,Boeing Aircraft Holding Company,,,
Q66,Boeing,P355,child organization or unit,Q66-8200F7D0-5D44-488F-9E39-60AAA2E843A6,Q374451,Boeing Rotorcraft Systems,,,
Q66,Boeing,P355,child organization or unit,Q66-A77F9F98-5136-437C-809E-F4321A58D26A,Q16843918,Boeing International Corporation India Private Limited,,,
Q66,Boeing,P361,part of,Q66-198b7e23-4695-6767-389a-8be5ab34cfea,Q1266453,competition between Airbus and Boeing,,,
Q66,Boeing,P361,part of,Q66-30FB550D-7DCA-4FFF-906D-C633A018D969,Q773026,Dow Jones Global Titans 50,,,
Q66,Boeing,P361,part of,Q66-3ABC1808-EF88-4C7E-8B48-7CCA21A1496C,Q180816,Dow Jones Industrial Average,,,
Q66,Boeing,P361,part of,Q66-a324d5d0-46fd-0050-170f-a406e1e59e99,Q242345,S&P 500,,,
Q66,Boeing,P361,part of,Q66-6402dddd-4f59-2d83-4b3a-bc0fd52de0d4,Q134661623,list of companies involved in the Gaza war,,,
Q66,Boeing,P361,part of,Q66-F76C938F-C124-40BF-B58A-0375DCD64DEB,Q1546793,S&P 100,,,
Q66,Boeing,P452,industry,Q66-0d266332-4a2c-37f0-c4fc-ebcf9f3c7342,Q3477363,aerospace industry,,,
Q66,Boeing,P452,industry,Q66-2ca00e6b-4a50-babc-2597-68d73ec61362,Q1434048,aircraft construction,,,
Q66,Boeing,P452,industry,Q66-3f2ce50a-41b4-6789-021b-b4b925e938e4,Q1875606,aircraft industry,,,
Q66,Boeing,P452,industry,Q66-554d4787-44e9-c0a7-c875-dc434ad4fccd,Q4234985,space-based economy,,,
Q66,Boeing,P452,industry,Q66-75f0bc86-4277-7bef-42fa-ad1ba60c3ce0,Q2729047,space industry,,,
Q66,Boeing,P452,industry,Q66-cf924c08-4249-6dcd-7607-402a1215cb7f,Q392933,weapons industry,,,
Q609466,Colgate-Palmolive Company,P1056,product or material produced,Q609466-222b04b7-4695-70de-7019-daa3b5e579f9,Q35855,toothpaste,P580,start time,1873-01-01T00:00:00Z
Q609466,Colgate-Palmolive Company,P1056,product or material produced,Q609466-60d4b637-44e4-9147-48da-fc067e5c0576,Q134205,toothbrush,,,
Q609466,Colgate-Palmolive Company,P1056,product or material produced,Q609466-9769eb59-4da5-c2a1-0a03-c591b080da12,Q518968,mouthwash,,,
Q609466,Colgate-Palmolive Company,P169,chief executive officer,Q609466-5f862d97-46d0-b935-1604-607634908512,Q128221457,Noel Wallace,P580,start time,2019-01-01T00:00:00Z
Q609466,Colgate-Palmolive Company,P1830,owner of,Q609466-0490E038-2927-4A45-BBD1-A919D601B587,Q20823437,Sanex,,,
Q609466,Colgate-Palmolive Company,P1830,owner of,Q609466-114ACF9B-A491-4E0E-9B2F-A0A32CCC5F35,Q6817173,Mennen,,,
Q609466,Colgate-Palmolive Company,P1830,owner of,Q609466-14386D9E-7CFF-40BC-B1FF-0913F36AEEB1,Q2523492,Colgate,,,
Q609466,Colgate-Palmolive Company,P1830,owner of,Q609466-2B20E6AC-3E26-4DAE-B3DA-AFB8D3DCE376,Q6059081,Palmolive,,,
Q609466,Colgate-Palmolive Company,P1830,owner of,Q609466-41C3E4D3-7981-4DEF-8149-5722EE2E8DFF,Q6427985,Kolynos,,,
Q609466,Colgate-Palmolive Company,P1830,owner of,Q609466-57EB017E-14DA-4052-9A12-D6EC50C8788B,Q28709822,Protex,,,
Q609466,Colgate-Palmolive Company,P1830,owner of,Q609466-6E63A9DA-DECD-4605-8F60-C745FA4C7E85,Q7433509,Science Diet,,,
Q609466,Colgate-Palmolive Company,P1830,owner of,Q609466-71ABAA88-72C9-4F9C-8033-B5FC902CAECA,Q7575515,Speed Stick,,,
Q609466,Colgate-Palmolive Company,P1830,owner of,Q609466-746CECD2-3E18-49E8-90E9-5522758D8C36,Q1434941,Softsoap,,,
Q609466,Colgate-Palmolive Company,P1830,owner of,Q609466-953D6BC9-97F8-44BC-BC76-57C78F44BDEF,Q7694320,Teen Spirit,,,
Q609466,Colgate-Palmolive Company,P1830,owner of,Q609466-A9E025B8-B188-4F5E-8D4E-830E6F487FE3,Q6071238,Irish Spring,,,
Q609466,Colgate-Palmolive Company,P1830,owner of,Q609466-C62498AE-E5EB-4273-91EA-B2FFC7BF6EE3,Q701133,Darlie,,,
Q609466,Colgate-Palmolive Company,P355,child organization or unit,Q609466-16E40DA1-9B46-4192-A122-C6041B252025,Q60484641,Hill's Pet Nutrition,,,
Q609466,Colgate-Palmolive Company,P355,child organization or unit,Q609466-48F3CAAC-DA28-446C-BC80-6F86CF2CD4A6,Q58195887,Hill's Pet Nutrition Manufacturing,,,
Q609466,Colgate-Palmolive Company,P355,child organization or unit,Q609466-7F4991BF-2E51-438A-8C06-E8A26606B055,Q29123553,Colgate-Palmolive (Switzerland),,,
Q609466,Colgate-Palmolive Company,P361,part of,Q609466-3BD06C34-1FE8-48AE-971C-79090B118C8E,Q242345,S&P 500,,,
Q609466,Colgate-Palmolive Company,P361,part of,Q609466-25B6E524-6D08-41E4-A7C5-850A44E708B1,Q1546793,S&P 100,,,
Q609466,Colgate-Palmolive Company,P452,industry,Q609466-D8DB30E2-92DB-48B5-91B2-AB1BD437D143,Q3246832,personal care product,,,
Q206921,Pfizer,P1056,product or material produced,Q206921-0da8776f-42c8-fd31-7e03-4beeadeccdad,Q411478,fluconazole,,,
Q206921,Pfizer,P1056,product or material produced,Q206921-47EC3287-108A-4B97-B285-F432CDD2151F,Q28885102,pharmaceutical product,,,
Q206921,Pfizer,P1056,product or material produced,Q206921-64fb0a03-4410-749f-23af-f5b0b80b240a,Q191521,sildenafil,,,
Q206921,Pfizer,P1056,product or material produced,Q206921-9a6c9292-4bbe-b071-f653-cdeae56235de,Q97154240,Pfizer–BioNTech COVID-19 vaccine,,,
Q206921,Pfizer,P1056,product or material produced,Q206921-9b49bfbf-476f-70a1-9df8-6699bc230f5c,Q668093,atorvastatin,,,
Q206921,Pfizer,P127,owned by,Q206921-50d03a6a-44f4-8611-a248-bfc55992df92,Q849363,The Vanguard Group,P585,point in time,2019-12-31T00:00:00Z
Q206921,Pfizer,P127,owned by,Q206921-50d03a6a-44f4-8611-a248-bfc55992df92,Q849363,The Vanguard Group,P1107,proportion,8.13
Q206921,Pfizer,P127,owned by,Q206921-712f45ec-4f40-e644-7101-28b372b50398,Q219635,BlackRock,P585,point in time,2019-12-31T00:00:00Z
Q206921,Pfizer,P127,owned by,Q206921-712f45ec-4f40-e644-7101-28b372b50398,Q219635,BlackRock,P1107,proportion,7.7
Q206921,Pfizer,P127,owned by,Q206921-81e60407-4a89-f074-69c9-9ba68ca9d44e,Q2037125,State Street Corporation,P585,point in time,2019-12-31T00:00:00Z
Q206921,Pfizer,P127,owned by,Q206921-81e60407-4a89-f074-69c9-9ba68ca9d44e,Q2037125,State Street Corporation,P1107,proportion,5.28
Q206921,Pfizer,P169,chief executive officer,Q206921-70134a59-4e74-65da-697e-528310440995,Q1655624,Ian Read,P580,start time,2010-12-05T00:00:00Z
Q206921,Pfizer,P169,chief executive officer,Q206921-70134a59-4e74-65da-697e-528310440995,Q1655624,Ian Read,P582,end time,2019-01-01T00:00:00Z
Q206921,Pfizer,P169,chief executive officer,Q206921-70134a59-4e74-65da-697e-528310440995,Q1655624,Ian Read,P1366,replaced by,Q63400080
Q206921,Pfizer,P169,chief executive officer,Q206921-c684cc61-4940-2807-3a56-aae03ede552c,Q63400080,Albert Bourla,P580,start time,2019-01-01T00:00:00Z
Q206921,Pfizer,P169,chief executive officer,Q206921-c684cc61-4940-2807-3a56-aae03ede552c,Q63400080,Albert Bourla,P1365,replaces,Q1655624
Q206921,Pfizer,P1830,owner of,Q206921-2DF525B8-5430-4E0F-B200-E0EFEDF1CCF4,Q15109907,Medivation,,,
Q206921,Pfizer,P1830,owner of,Q206921-86EFB12E-4506-46BC-862B-D96AF8329F9B,Q901932,Wyeth,,,
Q206921,Pfizer,P1830,owner of,Q206921-B71ED1DE-2F9A-4C1E-BB0B-3AF85B8439C9,Q7353181,Robitussin DAC,,,
Q206921,Pfizer,P355,child organization or unit,Q206921-1a70f7a4-49b9-f539-f4bf-e40b966610b5,Q1104787,Coty,P580,start time,1963-01-01T00:00:00Z
Q206921,Pfizer,P355,child organization or unit,Q206921-1a70f7a4-49b9-f539-f4bf-e40b966610b5,Q1104787,Coty,P582,end time,1992-01-01T00:00:00Z
Q206921,Pfizer,P355,child organization or unit,Q206921-4ef82140-4109-43a3-557c-49aeed1ffcd9,Q4046487,Parke-Davis,P580,start time,2000-01-01T00:00:00Z
Q206921,Pfizer,P355,child organization or unit,Q206921-b69dc923-46e5-556e-89d7-974d14654036,Q7969801,Warner–Lambert,P580,start time,2000-01-01T00:00:00Z
Q206921,Pfizer,P355,child organization or unit,Q206921-07561E96-A613-4378-9C74-A7F405BD8E1C,Q29123123,Pfizer Aktiebolag,,,
Q206921,Pfizer,P355,child organization or unit,Q206921-11C1E8C9-E0FA-4847-BB77-8877A58F02EB,Q30292633,Pfizer S.R.L.,,,
Q206921,Pfizer,P355,child organization or unit,Q206921-1CF23B19-0FF2-4975-9D1B-ABDD9552DA66,Q30338308,Pfizer SAS,,,
Q206921,Pfizer,P355,child organization or unit,Q206921-1f273246-4cf0-8610-5b96-980168f03f68,Q58197334,"Pfizer, spol. s r.o.",,,
Q206921,Pfizer,P355,child organization or unit,Q206921-25DB66EE-E67A-4AC5-B6D7-BDF3EABC0D01,Q198605,G. D. Searle & Company,,,
Q206921,Pfizer,P355,child organization or unit,Q206921-291bb048-4773-feaa-a2d3-bb561a6a60d0,Q8073337,Zoetis,,,
Q206921,Pfizer,P355,child organization or unit,Q206921-37701C25-9DD1-460A-8E58-21EE46F8E83B,Q29123120,Pfizer (Japan),,,
Q206921,Pfizer,P355,child organization or unit,Q206921-43D700B6-983B-4389-8DD4-5D589B1D8429,Q30264132,Pfizer (Australia),,,
Q206921,Pfizer,P355,child organization or unit,Q206921-6214c4d8-4e8c-f094-6e1f-5433eb54aeb7,Q107519880,Pfizer AG,,,
Q206921,Pfizer,P355,child organization or unit,Q206921-81404731-4cd8-34f8-b499-41f87000a80c,Q43896299,Pfizer Corporation Austria Gesellschaft mbH,,,
Q206921,Pfizer,P355,child organization or unit,Q206921-8C03648A-72B0-431C-AE85-845F5CA25463,Q901932,Wyeth,,,
Q206921,Pfizer,P355,child organization or unit,Q206921-C8AE0A10-2BE6-47B2-BE41-DD50F2E28633,Q7179813,Pfizer UK,,,
Q206921,Pfizer,P355,child organization or unit,Q206921-cc36dd51-4815-3581-d811-b51174597175,Q1470525,Hospira,,,
Q206921,Pfizer,P355,child organization or unit,Q206921-CDD07B34-8EEE-43A6-85B2-F6D380674ABC,Q29123126,Pfizer (Canada),,,
Q206921,Pfizer,P355,child organization or unit,Q206921-e3ba624c-4ff4-e50f-6688-6be969c28b05,Q56373171,Pfizer en Suisse,,,
Q206921,Pfizer,P355,child organization or unit,Q206921-ed2e2a0d-424a-c065-fb3d-1f30b0c93b9b,Q112081321,Agouron Pharmaceuticals,,,
Q206921,Pfizer,P355,child organization or unit,Q206921-FBFCE97B-F47F-498A-A954-B54C2991FC9F,Q30254492,Pfizer SL,,,
Q206921,Pfizer,P361,part of,Q206921-37098CE5-DF0F-4986-9D63-2C45161A9943,Q47492123,STOXX Global Select Dividend 100,P582,end time,2012-03-19T00:00:00Z
Q206921,Pfizer,P361,part of,q206921-2d21b86e-4f04-ca6f-94fd-930532ad33dc,Q180816,Dow Jones Industrial Average,,,
Q206921,Pfizer,P361,part of,q206921-7a7c3098-4901-f304-f817-d9ce9f7a17fc,Q242345,S&P 500,,,
Q206921,Pfizer,P361,part of,Q206921-B47114C1-7718-40DB-B5EA-DA5EAFA53694,Q773026,Dow Jones Global Titans 50,,,
Q206921,Pfizer,P361,part of,Q206921-EC233438-4EAB-40C5-BB5F-F69FD1D30C76,Q1546793,S&P 100,,,
Q206921,Pfizer,P452,industry,Q206921-631D53D0-730E-4CDB-BD74-FBB02BA1D5BD,Q507443,pharmaceutical industry,,,
Q1342041,Lam Research,P355,child organization or unit,Q1342041-363B9777-90FE-45AC-B1F4-18679368A644,Q28974284,Lam Research (Austria),,,
Q1342041,Lam Research,P361,part of,Q1342041-232E4FEB-4AEF-49CF-9560-13993A4832F8,Q242345,S&P 500,,,
Q333718,Johnson & Johnson,P1056,product or material produced,Q333718-001323E3-343C-4FDC-97A9-0294167AC0A9,Q6554101,medical device,,,
Q333718,Johnson & Johnson,P1056,product or material produced,Q333718-18784eea-4fb7-278c-b026-2dd50261f108,Q12140,medication,,,
Q333718,Johnson & Johnson,P127,owned by,Q333718-3f8bc540-4da1-4692-9a64-af83be007781,Q2037125,State Street Corporation,P585,point in time,2020-12-31T00:00:00Z
Q333718,Johnson & Johnson,P127,owned by,Q333718-3f8bc540-4da1-4692-9a64-af83be007781,Q2037125,State Street Corporation,P1107,proportion,0.0547
Q333718,Johnson & Johnson,P127,owned by,Q333718-808b1ac8-4c31-eff7-730d-a40df29e7c88,Q219635,BlackRock,P585,point in time,2020-12-31T00:00:00Z
Q333718,Johnson & Johnson,P127,owned by,Q333718-808b1ac8-4c31-eff7-730d-a40df29e7c88,Q219635,BlackRock,P1107,proportion,0.072
Q333718,Johnson & Johnson,P127,owned by,Q333718-eec31c50-4dee-0ae3-9772-f59aa3e51f26,Q849363,The Vanguard Group,P585,point in time,2020-12-31T00:00:00Z
Q333718,Johnson & Johnson,P127,owned by,Q333718-eec31c50-4dee-0ae3-9772-f59aa3e51f26,Q849363,The Vanguard Group,P1107,proportion,0.0866
Q333718,Johnson & Johnson,P169,chief executive officer,Q333718-10e34062-4731-5232-d8c4-d18abcb2558f,Q113356474,Joaquin Duato,P580,start time,2022-01-03T00:00:00Z
Q333718,Johnson & Johnson,P169,chief executive officer,Q333718-10e34062-4731-5232-d8c4-d18abcb2558f,Q113356474,Joaquin Duato,P1365,replaces,Q16193601
Q333718,Johnson & Johnson,P169,chief executive officer,Q333718-2ff18996-4cc8-d586-d8bc-f5eec8c8bfae,Q16193601,Alex Gorsky,P580,start time,2012-04-26T00:00:00Z
Q333718,Johnson & Johnson,P169,chief executive officer,Q333718-2ff18996-4cc8-d586-d8bc-f5eec8c8bfae,Q16193601,Alex Gorsky,P582,end time,2022-01-03T00:00:00Z
Q333718,Johnson & Johnson,P169,chief executive officer,Q333718-2ff18996-4cc8-d586-d8bc-f5eec8c8bfae,Q16193601,Alex Gorsky,P1365,replaces,Q2578222
Q333718,Johnson & Johnson,P169,chief executive officer,Q333718-2ff18996-4cc8-d586-d8bc-f5eec8c8bfae,Q16193601,Alex Gorsky,P1366,replaced by,Q113356474
Q333718,Johnson & Johnson,P1830,owner of,Q333718-012CDEE1-566D-493C-BE20-CC341DFBF703,Q16536952,Carlo Erba,,,
Q333718,Johnson & Johnson,P1830,owner of,Q333718-0E1170E4-346B-4FBD-A0CF-CF2EFF4F8695,Q4890742,Benylin,,,
Q333718,Johnson & Johnson,P1830,owner of,Q333718-1E09FF47-4B26-49C3-8A3F-8D67A66497F8,Q4887719,Bengay,,,
Q333718,Johnson & Johnson,P1830,owner of,Q333718-1F2F4942-6AFB-43E3-9B45-9BB7097BCEB8,Q17078024,Rembrandt toothpaste,,,
Q333718,Johnson & Johnson,P1830,owner of,Q333718-2395738B-52D3-4629-84A8-99AECC26EB9A,Q2451589,Neutrogena,,,
Q333718,Johnson & Johnson,P1830,owner of,Q333718-256A97AE-CEB8-415C-84D1-C27DCD174F3F,Q3733763,Ethicon Inc.,,,
Q333718,Johnson & Johnson,P1830,owner of,Q333718-4DEB9215-E7C2-4A24-947A-63D27B95948D,Q3214523,Groupe Vendôme SA,,,
Q333718,Johnson & Johnson,P1830,owner of,Q333718-500F6322-EF2B-49C7-AD02-237CFE131442,Q5038962,Carefree,,,
Q333718,Johnson & Johnson,P1830,owner of,Q333718-536BB69F-C3F1-4258-BF85-7362D36E952C,Q20078703,Compeed,,,
Q333718,Johnson & Johnson,P1830,owner of,Q333718-56126F55-F2C3-40CE-AC87-A2C4265419B1,Q3502747,Clean & Clear,,,
Q333718,Johnson & Johnson,P1830,owner of,Q333718-6AE97E56-2E00-45C6-B7F4-9CFFD45A8C24,Q18208332,Johnson's Baby,,,
Q333718,Johnson & Johnson,P1830,owner of,Q333718-8171AC5D-3622-464B-BAB2-5F145938BFDE,Q6994170,Neosporin (Neomycin/polymyxin B/bacitracin),,,
Q333718,Johnson & Johnson,P1830,owner of,Q333718-8469D472-4192-4320-8095-3364125DD326,Q3005506,Janssen Vaccines,,,
Q333718,Johnson & Johnson,P1830,owner of,Q333718-94CD806A-B40F-41A5-A445-094067161273,Q944073,Listerine,,,
Q333718,Johnson & Johnson,P1830,owner of,Q333718-9711599B-D19E-4BB8-947D-86F8B2D69E43,Q2737652,Band-Aid,,,
Q333718,Johnson & Johnson,P1830,owner of,Q333718-99CB9DC5-7385-4580-A359-4675B370C922,Q18935566,Microlax,,,
Q333718,Johnson & Johnson,P1830,owner of,Q333718-AD5A2975-C6F5-48EB-B8E8-B1913CE11B42,Q3288413,Acuvue,,,
Q333718,Johnson & Johnson,P1830,owner of,Q333718-D255CBD5-4FBB-4411-861E-6034E36F4869,Q1773800,o.b.,,,
Q333718,Johnson & Johnson,P1830,owner of,Q333718-D50F0762-D127-499D-9A6F-2793B33DCAAB,Q4838174,BabyCenter,,,
Q333718,Johnson & Johnson,P1830,owner of,Q333718-DF0869D5-FE16-4070-9884-251398FA3BEE,Q4827975,Aveeno,,,
Q333718,Johnson & Johnson,P1830,owner of,Q333718-E7B9B5FA-7B98-44C2-8BAA-5354118877C1,Q25381790,Q25381790,,,
Q333718,Johnson & Johnson,P1830,owner of,Q333718-F578C80B-09B1-43DC-8B8C-CFCB056BFDEC,Q5414536,Euthymol,,,
Q333718,Johnson & Johnson,P1830,owner of,Q333718-F8754BD7-2DC6-4C21-BAD1-5CCA5AA38B91,Q4164297,Q4164297,,,
Q333718,Johnson & Johnson,P1830,owner of,Q333718-FDF3C604-F04C-4A40-9F46-F34B543BA32F,Q3434054,RoC,,,
Q333718,Johnson & Johnson,P355,child organization or unit,Q333718-39a27605-42b9-d3df-d9f9-004afb17176f,Q6268163,Johnson & Johnson Pharmaceutical Research and Development,,,
Q333718,Johnson & Johnson,P355,child organization or unit,Q333718-4a51bfbd-4238-a16f-98c3-67a9233f10ff,Q56585141,Auris Health (United States),,,
Q333718,Johnson & Johnson,P355,child organization or unit,Q333718-5B9B2E7E-9D12-49FF-A01C-D8DA97D89E68,Q30338426,Johnson & Johnson (Ireland),,,
Q333718,Johnson & Johnson,P355,child organization or unit,Q333718-5df111a5-4267-837f-abef-3eb8312f5a4a,Q4672650,"Acclarent, Inc.",,,
Q333718,Johnson & Johnson,P355,child organization or unit,Q333718-732264E9-EA25-4E77-9E8F-538F9326A3C4,Q30338427,Johnson & Johnson (Sweden),,,
Q333718,Johnson & Johnson,P355,child organization or unit,Q333718-76C5B6CD-A452-4329-AE77-A8C9FE007395,Q30343821,Johnson & Johnson (France),,,
Q333718,Johnson & Johnson,P355,child organization or unit,Q333718-7f7d0180-479c-c76a-016a-bd5649f5b643,Q21213853,Johnson & Johnson Vision Care,,,
Q333718,Johnson & Johnson,P355,child organization or unit,Q333718-8A8BD0DB-885E-4A2E-8546-FA100C9AB0AB,Q30338424,Johnson & Johnson (United Kingdom),,,
Q333718,Johnson & Johnson,P355,child organization or unit,Q333718-a855c0d2-4d79-32e2-7462-3f9202feed0d,Q6544627,LifeScan,,,
Q333718,Johnson & Johnson,P355,child organization or unit,Q333718-aa99b10b-45f8-3668-0afd-83425381c2a1,Q4738813,Alza,,,
Q333718,Johnson & Johnson,P355,child organization or unit,Q333718-ae7f94f0-4da6-3424-d164-340cf2579ad9,Q21213527,Johnson & Johnson Consumer Companies,,,
Q333718,Johnson & Johnson,P355,child organization or unit,Q333718-b6007a24-4a61-f3d5-b077-0392e878a5c7,Q4037082,DePuy,,,
Q333718,Johnson & Johnson,P355,child organization or unit,Q333718-b89ab6ea-4a9e-2c40-3dec-6713b576341f,Q1053653,Janssen Biotech,,,
Q333718,Johnson & Johnson,P355,child organization or unit,Q333718-c9901138-4349-b795-30d8-62746cc3a806,Q21213760,"Johnson & Johnson Innovation - JJDC, Inc.",,,
Q333718,Johnson & Johnson,P355,child organization or unit,Q333718-cb463fb8-432c-d003-6ad7-977f107f89d6,Q2451589,Neutrogena,,,
Q333718,Johnson & Johnson,P355,child organization or unit,Q333718-d7f4225e-4621-8f1c-7fb0-9ec481a93092,Q992172,Tibotec,,,
Q333718,Johnson & Johnson,P355,child organization or unit,Q333718-daf5e035-4c61-a8ca-c927-670b80f7298f,Q21213682,Johnson & Johnson Health Care Systems,,,
Q333718,Johnson & Johnson,P355,child organization or unit,Q333718-e03ad177-4268-e566-3d98-391077005d61,Q1091915,Cilag AG,,,
Q333718,Johnson & Johnson,P361,part of,Q333718-2dddd7bf-4db1-2e3d-e884-840d6e9e4c05,Q242345,S&P 500,,,
Q333718,Johnson & Johnson,P361,part of,Q333718-56555565-3857-4F36-9D09-022C9BFB575F,Q773026,Dow Jones Global Titans 50,,,
Q333718,Johnson & Johnson,P361,part of,Q333718-84DBDEE9-82F7-4839-8B88-B8CA7DE3E357,Q180816,Dow Jones Industrial Average,,,
Q333718,Johnson & Johnson,P361,part of,Q333718-7EA23600-AE12-4590-B925-1B6F1F8EF3AA,Q1546793,S&P 100,,,
Q333718,Johnson & Johnson,P452,industry,Q333718-10DE80F2-64A2-4C22-9E7D-3AB4E3C2454B,Q507443,pharmaceutical industry,,,
Q333718,Johnson & Johnson,P452,industry,Q333718-539c8840-4dfe-abf7-c31a-439005946310,Q63383285,medical technology industry,,,
Q128896,AMD,P1056,product or material produced,Q128896-39c8634a-409a-7cde-0583-b79873111027,Q12047069,AMD microprocessor,,,
Q128896,AMD,P1056,product or material produced,Q128896-3b39e142-47c4-2d57-a6a7-586088847d46,Q182656,chipset,,,
Q128896,AMD,P1056,product or material produced,Q128896-b1de150b-4a43-e632-0172-a55858e4ba37,Q1440676,frame grabber,,,
Q128896,AMD,P1056,product or material produced,Q128896-d9392873-4b83-6844-378a-d08e45687a07,Q5297,microprocessor,,,
Q128896,AMD,P1056,product or material produced,Q128896-DD08F6A0-40F3-4A92-84DF-46840F144E05,Q3966,computer hardware,,,
Q128896,AMD,P1056,product or material produced,Q128896-f4523333-43b7-5e59-b907-54bf39cf2bab,Q183484,graphics processing unit,,,
Q128896,AMD,P127,owned by,Q128896-a1b9a4e3-47a8-c25a-e966-50fc56850b20,Q849363,The Vanguard Group,P585,point in time,2025-03-19T00:00:00Z
Q128896,AMD,P127,owned by,Q128896-a1b9a4e3-47a8-c25a-e966-50fc56850b20,Q849363,The Vanguard Group,P1107,proportion,8.8
Q128896,AMD,P127,owned by,Q128896-6c9675ad-4894-6c4e-6635-e00dc8d3a7a9,Q219635,BlackRock,P585,point in time,2025-03-19T00:00:00Z
Q128896,AMD,P127,owned by,Q128896-6c9675ad-4894-6c4e-6635-e00dc8d3a7a9,Q219635,BlackRock,P1107,proportion,7.7
Q128896,AMD,P169,chief executive officer,Q128896-5c34ab6e-4081-0ecd-f585-5923ba59028d,Q18207172,Lisa Su,P580,start time,2014-10-08T00:00:00Z
Q128896,AMD,P1830,owner of,Q128896-8816dfa3-4407-7e5d-72c0-3743ebed8c0d,Q390562,Athlon,,,
Q128896,AMD,P1830,owner of,Q128896-88B6B2F1-D873-45FD-86EC-1D51B9FF7F9C,Q1192654,Spansion,,,
Q128896,AMD,P1830,owner of,Q128896-9fd9ad18-4978-7531-0ce3-99bd93b3d4b0,Q33083031,AMD EPYC,,,
Q128896,AMD,P1830,owner of,Q128896-A6C125DC-4A97-420D-ADCD-85BA86002954,Q213849,ATI Technologies,,,
Q128896,AMD,P1830,owner of,Q128896-C89F0F77-9ADD-489A-8FD1-66B4ED95A2AD,Q28845729,Ryzen,,,
Q128896,AMD,P355,child organization or unit,Q128896-24ee7974-445e-3bec-cb35-26caaf948ab5,Q1046482,Xilinx,,,
Q128896,AMD,P355,child organization or unit,Q128896-7586D831-A992-41E4-9C07-151BDED45003,Q17108081,SeaMicro,,,
Q128896,AMD,P355,child organization or unit,Q128896-E638B0FE-3D25-421B-AD94-EA8595F9A610,Q213849,ATI Technologies,,,
Q128896,AMD,P361,part of,Q128896-7916BEEB-61AA-4F9B-9097-AF86CC57F03F,Q242345,S&P 500,,,
Q128896,AMD,P361,part of,Q128896-03569564-2F0E-48FA-B66F-0B482CA50898,Q1546793,S&P 100,,,
Q128896,AMD,P361,part of,Q128896-ef9e18a3-4b61-8cbe-3aca-2caf42498635,Q507306,Nasdaq-100,,,
Q128896,AMD,P452,industry,Q128896-2f2c46cf-4f03-1855-2f26-7c5b36d9b850,Q1326885,electrical industry,,,
Q128896,AMD,P452,industry,Q128896-4015d4ff-4887-7c83-ce76-0ba5638dc98c,Q2986369,semiconductor industry,,,
Q128896,AMD,P452,industry,Q128896-84195d21-46e3-ed6b-722a-129a09e2d95d,Q1067601,computer industry,,,
Q483915,Nike,P1056,product or material produced,Q483915-20a15926-4069-b262-06a0-7e3d40fd2a52,Q161928,footwear,,,
Q483915,Nike,P1056,product or material produced,Q483915-CA3C4DAA-3576-402C-8436-38BA67ECC296,Q11460,clothing,,,
Q483915,Nike,P1056,product or material produced,Q483915-e98c9126-4056-6400-7ccc-15b746236e5b,Q768186,sports equipment,,,
Q483915,Nike,P169,chief executive officer,Q483915-876feab2-47ae-1371-f08f-d9194ba0a4f8,Q130612644,Elliott Hill,P580,start time,2024-10-14T00:00:00Z
Q483915,Nike,P169,chief executive officer,Q483915-ac431b8a-48ad-499e-e720-1aac7e8830fc,Q1900344,Mark Parker,P580,start time,2006-01-01T00:00:00Z
Q483915,Nike,P169,chief executive officer,Q483915-ac431b8a-48ad-499e-e720-1aac7e8830fc,Q1900344,Mark Parker,P582,end time,2020-01-13T00:00:00Z
Q483915,Nike,P169,chief executive officer,Q483915-f975f158-42f7-6154-2e8b-8292edbc31b9,Q267074,John Donahoe,P580,start time,2020-01-13T00:00:00Z
Q483915,Nike,P169,chief executive officer,Q483915-f975f158-42f7-6154-2e8b-8292edbc31b9,Q267074,John Donahoe,P582,end time,2024-10-14T00:00:00Z
Q483915,Nike,P1830,owner of,Q483915-134B3648-0C10-4BAB-9E7E-FE644866E8BB,Q319515,Converse,,,
Q483915,Nike,P1830,owner of,Q483915-5F4A367B-61A2-44B6-A78C-8E2130D428F2,Q653927,Swoosh,,,
Q483915,Nike,P1830,owner of,Q483915-88A2D7E0-ABB9-44A5-B5CA-0DFD3B7D5690,Q10854602,Just Do It,,,
Q483915,Nike,P1830,owner of,Q483915-9959420C-A34F-4AD1-A237-C414FC763BD4,Q4545920,10//2,,,
Q483915,Nike,P1830,owner of,Q483915-D321F0E1-18B2-400A-88DB-C47C78EDF720,Q420953,Air Jordan,,,
Q483915,Nike,P355,child organization or unit,Q483915-7406B2AD-F2DB-433F-9DDC-261B5B946D02,Q4356504,Cole Haan,P582,end time,2012-01-01T00:00:00Z
Q483915,Nike,P355,child organization or unit,Q483915-87F4D464-B469-4DF0-B28E-8C95503664CF,Q3266971,Hurley International,P580,start time,2002-01-01T00:00:00Z
Q483915,Nike,P355,child organization or unit,Q483915-87F4D464-B469-4DF0-B28E-8C95503664CF,Q3266971,Hurley International,P582,end time,2019-01-01T00:00:00Z
Q483915,Nike,P355,child organization or unit,Q483915-A07563EB-AB21-44A5-8CBA-F72F27D108C8,Q319515,Converse,P580,start time,2003-01-01T00:00:00Z
Q483915,Nike,P355,child organization or unit,Q483915-B6AA6780-C435-47FA-9ECA-FECEB7475544,Q652047,Umbro,P580,start time,2007-01-01T00:00:00Z
Q483915,Nike,P355,child organization or unit,Q483915-B6AA6780-C435-47FA-9ECA-FECEB7475544,Q652047,Umbro,P582,end time,2012-01-01T00:00:00Z
Q483915,Nike,P361,part of,Q483915-023FD7D5-106E-486B-9C1F-D00E75836CFC,Q180816,Dow Jones Industrial Average,,,
Q483915,Nike,P361,part of,Q483915-1eb555a0-4786-2e47-3284-03a72e0d22e1,Q242345,S&P 500,,,
Q483915,Nike,P361,part of,Q483915-EB098B18-27CC-42A9-8775-D6DF2B507BDA,Q1546793,S&P 100,,,
Q483915,Nike,P452,industry,Q483915-02182189-4719-d3a3-b6bd-e250cb5f8d3c,Q11828862,clothing industry,,,
Q483915,Nike,P452,industry,Q483915-418e8ca7-462d-de6d-4b2f-457f57143788,Q126793,retail,,,
Q483915,Nike,P452,industry,Q483915-DC2783EC-D25D-4657-8BA4-4D026526496A,Q8148,industry,,,
Q217583,Berkshire Hathaway,P127,owned by,Q217583-30a4a73a-402c-9c9c-2be7-06bff364d28e,Q47213,Warren Buffett,P585,point in time,2016-03-02T00:00:00Z
Q217583,Berkshire Hathaway,P127,owned by,Q217583-30a4a73a-402c-9c9c-2be7-06bff364d28e,Q47213,Warren Buffett,P1013,criterion used,Q2350092
Q217583,Berkshire Hathaway,P127,owned by,Q217583-30a4a73a-402c-9c9c-2be7-06bff364d28e,Q47213,Warren Buffett,P1107,proportion,0.33
Q217583,Berkshire Hathaway,P127,owned by,Q217583-48fa3e8f-4f97-5ce5-ae9a-4d6fb356a61a,Q5234268,David Gottesman,P1013,criterion used,Q2350092
Q217583,Berkshire Hathaway,P127,owned by,Q217583-48fa3e8f-4f97-5ce5-ae9a-4d6fb356a61a,Q5234268,David Gottesman,P1107,proportion,0.016
Q217583,Berkshire Hathaway,P127,owned by,Q217583-684a945e-4be5-628b-360f-dcc176881c57,Q1411292,Fidelity Investments,P1013,criterion used,Q2350092
Q217583,Berkshire Hathaway,P127,owned by,Q217583-684a945e-4be5-628b-360f-dcc176881c57,Q1411292,Fidelity Investments,P1107,proportion,0.033
Q217583,Berkshire Hathaway,P127,owned by,Q217583-b34aa39c-48d2-c2b3-ac5a-d55f4f4a0b84,Q5284,Bill Gates,P1013,criterion used,Q2350092
Q217583,Berkshire Hathaway,P127,owned by,Q217583-b34aa39c-48d2-c2b3-ac5a-d55f4f4a0b84,Q5284,Bill Gates,P1107,proportion,0.012
Q217583,Berkshire Hathaway,P127,owned by,Q217583-d7f42292-4a79-8d43-8575-d3d34b7656c6,Q918630,Charlie Munger,P1013,criterion used,Q2350092
Q217583,Berkshire Hathaway,P127,owned by,Q217583-d7f42292-4a79-8d43-8575-d3d34b7656c6,Q918630,Charlie Munger,P1107,proportion,0.005
Q217583,Berkshire Hathaway,P169,chief executive officer,Q217583-83e244ee-4b33-d5d9-cb25-d2be8e1ec19a,Q47168572,Greg Abel,P580,start time,2026-01-01T00:00:00Z
Q217583,Berkshire Hathaway,P1830,owner of,Q217583-153c50c2-4d27-ad6a-3978-b1b966bb6e12,Q850324,H. J. Heinz Company,P585,point in time,2015-12-31T00:00:00Z
Q217583,Berkshire Hathaway,P1830,owner of,Q217583-153c50c2-4d27-ad6a-3978-b1b966bb6e12,Q850324,H. J. Heinz Company,P1107,proportion,0.268
Q217583,Berkshire Hathaway,P1830,owner of,Q217583-15ed72c9-487b-52a8-0338-55863b98efff,Q2961234,Spectrum,P585,point in time,2015-12-31T00:00:00Z
Q217583,Berkshire Hathaway,P1830,owner of,Q217583-15ed72c9-487b-52a8-0338-55863b98efff,Q2961234,Spectrum,P1107,proportion,0.066
Q217583,Berkshire Hathaway,P1830,owner of,Q217583-41def0ae-4a02-fd34-fdad-2df0e4c3c671,Q739084,U.S. Bancorp,P585,point in time,2015-12-31T00:00:00Z
Q217583,Berkshire Hathaway,P1830,owner of,Q217583-41def0ae-4a02-fd34-fdad-2df0e4c3c671,Q739084,U.S. Bancorp,P1107,proportion,0.058
Q217583,Berkshire Hathaway,P1830,owner of,Q217583-43ea3680-4011-1962-01d0-0aa8e7eaddc2,Q37156,IBM,P585,point in time,2015-12-31T00:00:00Z
Q217583,Berkshire Hathaway,P1830,owner of,Q217583-43ea3680-4011-1962-01d0-0aa8e7eaddc2,Q37156,IBM,P1107,proportion,0.084
Q217583,Berkshire Hathaway,P1830,owner of,Q217583-55bd3792-4578-c95e-0f94-e3e2c6e423e5,Q744149,Wells Fargo,P585,point in time,2015-12-31T00:00:00Z
Q217583,Berkshire Hathaway,P1830,owner of,Q217583-55bd3792-4578-c95e-0f94-e3e2c6e423e5,Q744149,Wells Fargo,P1107,proportion,0.098
Q217583,Berkshire Hathaway,P1830,owner of,Q217583-5880edf6-48c5-9984-d0e8-c9e64e3371a7,Q1656230,Phillips 66,P585,point in time,2015-12-31T00:00:00Z
Q217583,Berkshire Hathaway,P1830,owner of,Q217583-5880edf6-48c5-9984-d0e8-c9e64e3371a7,Q1656230,Phillips 66,P1107,proportion,0.105
Q217583,Berkshire Hathaway,P1830,owner of,Q217583-5c5c6a34-4965-0f40-fe7c-c983038bf33a,Q3295867,The Coca-Cola Company,P585,point in time,2015-12-31T00:00:00Z
Q217583,Berkshire Hathaway,P1830,owner of,Q217583-5c5c6a34-4965-0f40-fe7c-c983038bf33a,Q3295867,The Coca-Cola Company,P1107,proportion,0.093
Q217583,Berkshire Hathaway,P1830,owner of,Q217583-87e9ac0e-442b-18f0-7006-aebca678019a,Q194360,American Express,P585,point in time,2015-12-31T00:00:00Z
Q217583,Berkshire Hathaway,P1830,owner of,Q217583-87e9ac0e-442b-18f0-7006-aebca678019a,Q194360,American Express,P1107,proportion,0.156
Q217583,Berkshire Hathaway,P1830,owner of,Q217583-fa104259-4ff6-81c1-da1e-2c5d7f0a6f39,Q675585,Moody's Corporation,P585,point in time,2015-12-31T00:00:00Z
Q217583,Berkshire Hathaway,P1830,owner of,Q217583-fa104259-4ff6-81c1-da1e-2c5d7f0a6f39,Q675585,Moody's Corporation,P1107,proportion,0.126
Q217583,Berkshire Hathaway,P355,child organization or unit,Q217583-12d2f85e-4e0c-d01c-ece0-322c32d62fbc,Q20708050,Ben Bridge Jeweler,,,
Q217583,Berkshire Hathaway,P355,child organization or unit,Q217583-2ae036b2-46d9-dce1-e8b1-964db3ab8c1f,Q1434601,Pilot Flying J,,,
Q217583,Berkshire Hathaway,P355,child organization or unit,Q217583-2C3F3DAC-0CBD-4DBF-903B-A9B7040CB2C7,Q1504132,NetJets,,,
Q217583,Berkshire Hathaway,P355,child organization or unit,Q217583-37C2298C-08C4-4B54-8876-C41FB2DFCD7B,Q5130257,Clayton Homes,,,
Q217583,Berkshire Hathaway,P355,child organization or unit,Q217583-3aef5556-493f-80fa-d8c1-08eb797b069e,Q16984164,Berkshire Hathaway GUARD Insurance Companies,,,
Q217583,Berkshire Hathaway,P355,child organization or unit,Q217583-4D1E7AB6-2E62-4BA8-923E-D1AA6A85138D,Q4946656,Borsheim's Fine Jewelry,,,
Q217583,Berkshire Hathaway,P355,child organization or unit,Q217583-51B196E0-9DF2-4308-B93B-6F7F8521CEF1,Q110418356,General Re Corporation,,,
Q217583,Berkshire Hathaway,P355,child organization or unit,Q217583-58CFDFE6-22CF-47DF-9B9F-47FCD8DD9953,Q6772151,Marmon Group,,,
Q217583,Berkshire Hathaway,P355,child organization or unit,Q217583-6143A189-D409-4CB7-A427-B67D5145C2B8,Q4674391,Acme Brick,,,
Q217583,Berkshire Hathaway,P355,child organization or unit,Q217583-7F3877AB-B6CE-4D35-8B26-326F996F236D,Q2913616,Burlington Northern Santa Fe Corporation,,,
Q217583,Berkshire Hathaway,P355,child organization or unit,Q217583-846b4a14-415f-48c3-d1d4-42c8309e14c8,Q1428683,FlightSafety International,,,
Q217583,Berkshire Hathaway,P355,child organization or unit,Q217583-8FF6FADD-C0F0-495F-8C69-49535EEAB429,Q6973483,National Indemnity Company,,,
Q217583,Berkshire Hathaway,P355,child organization or unit,Q217583-9077B07C-03E5-496E-BEA2-DE9F3D0A04C3,Q6806406,Medical Protective,,,
Q217583,Berkshire Hathaway,P355,child organization or unit,Q217583-a73b1d0f-491a-74c9-dd27-b9fe41fcd2c1,Q1141226,Dairy Queen,,,
Q217583,Berkshire Hathaway,P355,child organization or unit,Q217583-B2A61838-7066-4B1A-844A-E863015D9C20,Q16840677,Berkshire Hathaway Energy,,,
Q217583,Berkshire Hathaway,P355,child organization or unit,Q217583-b3ab0cfd-47f3-0ad9-568b-ca28e4f47d7d,Q30588016,Scott Fetzer Company,,,
Q217583,Berkshire Hathaway,P355,child organization or unit,Q217583-BB8DCC05-4342-4ACF-BBAE-A1847AC3C3C7,Q5061856,Central States Indemnity,,,
Q217583,Berkshire Hathaway,P355,child organization or unit,Q217583-d8bcde6d-4af3-a4fe-a854-94258a978cc7,Q670764,Brooks Sports,,,
Q217583,Berkshire Hathaway,P355,child organization or unit,Q217583-DBA8C770-82D1-42F5-B463-BBB91DAEBB5A,Q1498689,GEICO,,,
Q217583,Berkshire Hathaway,P355,child organization or unit,Q217583-e7213704-4aac-6751-3379-bcab0d899ef1,Q1390786,The Buffalo News,,,
Q217583,Berkshire Hathaway,P355,child organization or unit,Q217583-ECC05532-C9F8-4CE9-A877-54C8AC5BDC04,Q636192,Q636192,,,
Q217583,Berkshire Hathaway,P355,child organization or unit,Q217583-ED4C4B37-5EBB-4CA9-ADC7-AD24062902C8,Q4889038,Benjamin Moore & Co.,,,
Q217583,Berkshire Hathaway,P361,part of,q217583-37db734d-4a53-4575-4757-2634354c7422,Q242345,S&P 500,P249,ticker symbol,BRK.B
Q217583,Berkshire Hathaway,P361,part of,Q217583-221C23A5-AAA4-45C8-8818-5F71C54EC2C0,Q1546793,S&P 100,,,
Q217583,Berkshire Hathaway,P452,industry,Q217583-7e01250c-4780-3157-fdea-33fe3e257317,Q1875606,aircraft industry,,,
Q217583,Berkshire Hathaway,P452,industry,Q217583-CE9560C7-B613-45B6-80CD-CCE34493315C,Q778575,conglomerate,,,
Q217583,Berkshire Hathaway,P452,industry,Q217583-db90f14e-4520-531f-b062-7fa6b4f7e072,Q43183,insurance,,,
Q489921,Mastercard,P1056,product or material produced,Q489921-68ed7c3a-4817-9cfe-e9f0-40add2a6467c,Q13499,debit card,,,
Q489921,Mastercard,P1056,product or material produced,Q489921-91060A4B-D5FE-4F84-AD9E-1D1D63F34594,Q161380,credit card,,,
Q489921,Mastercard,P1056,product or material produced,Q489921-abbe148c-481d-b941-8e00-74216c49328a,Q1093128,Mastercard Cirrus ICR,,,
Q489921,Mastercard,P169,chief executive officer,Q489921-f78dc34c-481f-5203-331a-95bd9b9998f8,Q115735747,Michael Miebach,P580,start time,2021-01-01T00:00:00Z
Q489921,Mastercard,P1830,owner of,Q489921-39619599-6689-4969-ACA4-917C65CC1C37,Q1350133,Mastercard Maestro,,,
Q489921,Mastercard,P1830,owner of,Q489921-46E3027B-8B1C-4C8E-98C9-4B64E46BCAA1,Q5248103,Debit Mastercard,,,
Q489921,Mastercard,P1830,owner of,Q489921-4B29BEBC-F198-4934-B8EE-73BDB4FD105A,Q1375262,Switch,,,
Q489921,Mastercard,P1830,owner of,Q489921-F23DD98C-E6E8-447B-839B-FCB7F647B18F,Q1093128,Mastercard Cirrus ICR,,,
Q489921,Mastercard,P1830,owner of,Q489921-F7FBC7C1-A94E-40C2-872F-A9E94A45B962,Q5227110,DataCash,,,
Q489921,Mastercard,P355,child organization or unit,Q489921-198869C8-5A58-4D07-BDE9-F16540A8E0C8,Q28975929,Mastercard (Belgium),,,
Q489921,Mastercard,P355,child organization or unit,Q489921-57F2E87B-6717-4886-ADAF-716E658D6742,Q28975930,Mastercard (United Kingdom),,,
Q489921,Mastercard,P355,child organization or unit,Q489921-65a52697-49c9-5ec5-14c6-10cd6705d391,Q125255803,"Ekata, Inc.",,,
Q489921,Mastercard,P361,part of,Q489921-E7F07BDE-2ADE-49C1-8656-68044989A3D4,Q242345,S&P 500,P580,start time,2008-07-18T00:00:00Z
Q489921,Mastercard,P361,part of,Q489921-8A2014CA-5935-4033-B5DC-E8A2870BAE8D,Q773026,Dow Jones Global Titans 50,,,
Q489921,Mastercard,P361,part of,Q489921-0ED853E2-FE66-463E-A817-86C7A6D9388F,Q1546793,S&P 100,,,
Q489921,Mastercard,P452,industry,Q489921-bd3c6435-4dfd-d4c8-5631-7ae52bcd95f1,Q837171,financial services,,,
Q489921,Mastercard,P452,industry,Q489921-EC993727-19AD-4473-A20D-6CE4AB434E9D,Q29584334,"financial service activities, except insurance and pension funding",,,
Q459965,Caterpillar Inc.,P127,owned by,Q459965-530fceeb-41e4-05b5-2ac4-1568ae0590bd,Q849363,The Vanguard Group,P585,point in time,2018-12-31T00:00:00Z
Q459965,Caterpillar Inc.,P127,owned by,Q459965-530fceeb-41e4-05b5-2ac4-1568ae0590bd,Q849363,The Vanguard Group,P1107,proportion,0.0867
Q459965,Caterpillar Inc.,P127,owned by,Q459965-6ea6a584-4cc2-5fff-7b14-2f39169f9051,Q219635,BlackRock,P585,point in time,2018-12-31T00:00:00Z
Q459965,Caterpillar Inc.,P127,owned by,Q459965-6ea6a584-4cc2-5fff-7b14-2f39169f9051,Q219635,BlackRock,P1107,proportion,0.061
Q459965,Caterpillar Inc.,P127,owned by,Q459965-c0d24b44-475f-f26c-afd6-b111d2ec213d,Q2037125,State Street Corporation,P585,point in time,2018-12-31T00:00:00Z
Q459965,Caterpillar Inc.,P127,owned by,Q459965-c0d24b44-475f-f26c-afd6-b111d2ec213d,Q2037125,State Street Corporation,P1107,proportion,0.081
Q459965,Caterpillar Inc.,P169,chief executive officer,Q459965-943BACBA-61FA-4A0F-871B-4683ABC8AB91,Q27735066,Jim Umpleby,P580,start time,2017-01-01T00:00:00Z
Q459965,Caterpillar Inc.,P169,chief executive officer,Q459965-bc69fc62-4eaa-9138-a467-c9e62451599c,Q137168946,Joseph E. Creed,P580,start time,2025-01-01T00:00:00Z
Q459965,Caterpillar Inc.,P1830,owner of,Q459965-5D126DEA-600B-4948-83F4-8891B73F3B39,Q2071252,Perkins Engines,,,
Q459965,Caterpillar Inc.,P1830,owner of,Q459965-F39EDF0C-7DAB-4F0B-9BE3-DC6058824321,Q568501,Electro-Motive Diesel,,,
Q459965,Caterpillar Inc.,P355,child organization or unit,Q459965-4f6a8151-4d7d-1a33-2e43-530c1e3bb052,Q2071252,Perkins Engines,,,
Q459965,Caterpillar Inc.,P355,child organization or unit,Q459965-7c98ff99-461e-5512-ac0d-0cac0036467a,Q28971317,Caterpillar Germany,,,
Q459965,Caterpillar Inc.,P355,child organization or unit,Q459965-91422fef-4717-37c3-4204-50c1a12ea43d,Q7556054,Solar Turbines,,,
Q459965,Caterpillar Inc.,P355,child organization or unit,Q459965-b4f672d4-4f1a-5074-b98d-a4ec575d8e58,Q28971305,Caterpillar (United Kingdom),,,
Q459965,Caterpillar Inc.,P355,child organization or unit,Q459965-be03e97d-4491-2e58-b8e0-92dbb5b38ec5,Q7248577,Progress Rail Services,,,
Q459965,Caterpillar Inc.,P355,child organization or unit,Q459965-C607F42A-7B42-462D-B716-0BE89B54F0ED,Q58172313,Solar Turbines EAME,,,
Q459965,Caterpillar Inc.,P355,child organization or unit,Q459965-EFC4DDAC-6E57-46FC-AFE2-AB71485C36CF,Q30338455,Caterpillar (Switzerland),,,
Q459965,Caterpillar Inc.,P361,part of,Q459965-1a86c3fc-4b0e-060e-cf20-bab164afb16c,Q1546793,S&P 100,,,
Q459965,Caterpillar Inc.,P361,part of,Q459965-4CD34C22-F433-412E-B889-62EB6F8E59D6,Q180816,Dow Jones Industrial Average,,,
Q459965,Caterpillar Inc.,P361,part of,Q459965-72abb5a2-4a48-e476-566e-f344e46f3ee5,Q242345,S&P 500,,,
Q459965,Caterpillar Inc.,P361,part of,Q459965-326d21f5-42e7-6028-d8b6-1685c4cda211,Q134661623,list of companies involved in the Gaza war,,,
Q459965,Caterpillar Inc.,P452,industry,Q459965-06010627-408a-a0ab-9133-8334cd7b801d,Q101333,mechanical engineering,,,
Q1264404,Duke Energy,P1056,product or material produced,Q1264404-BBB12BD1-ACCA-4EFD-A64C-B8D200C352BD,Q12725,electricity,,,
Q1264404,Duke Energy,P361,part of,Q1264404-2E71F37C-6E94-47A2-A6F3-F8D3A1F984F7,Q242345,S&P 500,P580,start time,1976-06-30T00:00:00Z
Q1264404,Duke Energy,P361,part of,Q1264404-4E9CDF80-EBD6-4CC8-AF55-BF3A44C99343,Q1546793,S&P 100,,,
Q1264404,Duke Energy,P452,industry,Q1264404-3F03C3A2-C5C2-469F-B209-ACCC99E1EE43,Q1341477,energy supply,,,
Q1264404,Duke Energy,P452,industry,Q1264404-B21E54ED-C090-42EB-AF72-29A3E40539E6,Q383973,electricity generation,,,
Q624375,CVS Health,P1056,product or material produced,Q624375-59c6eccb-4f8d-42a4-883e-1256fe370446,Q334911,health insurance,,,
Q624375,CVS Health,P127,owned by,Q624375-01054cbe-4222-c31f-70c6-f1cb4035b32a,Q849363,The Vanguard Group,P585,point in time,2019-02-11T00:00:00Z
Q624375,CVS Health,P127,owned by,Q624375-01054cbe-4222-c31f-70c6-f1cb4035b32a,Q849363,The Vanguard Group,P1107,proportion,0.084
Q624375,CVS Health,P127,owned by,Q624375-7414587e-4dd1-0066-1907-824c80443326,Q219635,BlackRock,P585,point in time,2019-02-11T00:00:00Z
Q624375,CVS Health,P127,owned by,Q624375-7414587e-4dd1-0066-1907-824c80443326,Q219635,BlackRock,P1107,proportion,0.073
Q624375,CVS Health,P169,chief executive officer,Q624375-9d5d1e4a-46b1-5637-3318-9c08497e3311,Q1806074,Larry Merlo,P580,start time,2011-01-01T00:00:00Z
Q624375,CVS Health,P169,chief executive officer,Q624375-bb56c0f4-4fe0-f234-ed9b-f359e0904527,Q130783979,David Joyner,P580,start time,2024-10-01T00:00:00Z
Q624375,CVS Health,P169,chief executive officer,Q624375-c91d5dca-4093-af05-7cdf-0875f6421ab4,Q106086392,Karen S. Lynch,P582,end time,2024-10-01T00:00:00Z
Q624375,CVS Health,P355,child organization or unit,Q624375-f7993e7c-4741-160a-a55d-676b3d6447fd,Q10268809,Drogaria Onofre,P580,start time,2013-02-01T00:00:00Z
Q624375,CVS Health,P355,child organization or unit,Q624375-f7993e7c-4741-160a-a55d-676b3d6447fd,Q10268809,Drogaria Onofre,P582,end time,2019-02-01T00:00:00Z
Q624375,CVS Health,P355,child organization or unit,Q624375-639ca8d3-4632-e61c-da8a-3a23d688db22,Q6871141,MinuteClinic,,,
Q624375,CVS Health,P355,child organization or unit,Q624375-644e7ecc-4ed0-688f-b161-c63c5ac4e37b,Q26049,Aetna,,,
Q624375,CVS Health,P355,child organization or unit,Q624375-99f821e0-4bca-a012-0b6c-52ecc1f58598,Q16931196,Longs Drugs,,,
Q624375,CVS Health,P355,child organization or unit,Q624375-bb15a85b-49c3-4454-ee43-375514e1a4f9,Q5039014,CVS Caremark,,,
Q624375,CVS Health,P361,part of,Q624375-A50EBA5E-8A75-46B3-84F6-5EEF0CA63EFE,Q242345,S&P 500,,,
Q624375,CVS Health,P361,part of,Q624375-98E31F25-3CEF-4949-B89A-3A4A3FF16F83,Q1546793,S&P 100,,,
Q624375,CVS Health,P452,industry,Q624375-B6C7E7A6-2A4D-4C83-A9D6-3FAAD456A7CB,Q126793,retail,,,
Q715583,Costco,P1056,product or material produced,Q715583-C13BCC7C-20E4-4697-A1CF-6312CAC1A041,Q320677,cash and carry,,,
Q715583,Costco,P127,owned by,Q715583-357b7fdb-44d0-08fb-5e1f-fd699ec63c50,Q849363,The Vanguard Group,P585,point in time,2024-11-15T00:00:00Z
Q715583,Costco,P127,owned by,Q715583-357b7fdb-44d0-08fb-5e1f-fd699ec63c50,Q849363,The Vanguard Group,P1107,proportion,9.4
Q715583,Costco,P127,owned by,Q715583-f48d0d48-494a-72ea-a7d4-33adbe097e54,Q219635,BlackRock,P585,point in time,2024-11-15T00:00:00Z
Q715583,Costco,P127,owned by,Q715583-f48d0d48-494a-72ea-a7d4-33adbe097e54,Q219635,BlackRock,P1107,proportion,7.56
Q715583,Costco,P169,chief executive officer,Q715583-106134bf-49d9-f2b4-7c99-26647425d494,Q114361370,Ron Vachris,P580,start time,2023-12-31T00:00:00Z
Q715583,Costco,P169,chief executive officer,Q715583-106134bf-49d9-f2b4-7c99-26647425d494,Q114361370,Ron Vachris,P7452,reason for preferred rank,Q71533355
Q715583,Costco,P169,chief executive officer,Q715583-4d2a4e24-4fd7-5133-0b50-2f5962b1f88c,Q1650162,W. Craig Jelinek,P580,start time,2012-01-01T00:00:00Z
Q715583,Costco,P169,chief executive officer,Q715583-4d2a4e24-4fd7-5133-0b50-2f5962b1f88c,Q1650162,W. Craig Jelinek,P582,end time,2024-01-01T00:00:00Z
Q715583,Costco,P1830,owner of,Q715583-228704D5-1C49-4A51-AD17-B6C10202941F,Q105544538,Costco Chubu Airport Warehouse,,,
Q715583,Costco,P361,part of,Q715583-08371a27-448e-6b02-78e6-e96836291e9c,Q507306,Nasdaq-100,,,
Q715583,Costco,P361,part of,Q715583-6199b7c8-4ad8-9a2f-44d6-9f5f1dbcd932,Q1546793,S&P 100,,,
Q715583,Costco,P361,part of,Q715583-b9a14468-4c54-27f9-b779-e556826ca3b3,Q242345,S&P 500,,,
Q715583,Costco,P452,industry,Q715583-AF333C95-CA3D-46F8-88C7-DC83A89FB5CC,Q126793,retail,,,
Q467752,Verizon,P127,owned by,Q467752-41368dba-474d-40dd-0458-b01ae7b4d5ee,Q849363,The Vanguard Group,P585,point in time,2015-03-09T00:00:00Z
Q467752,Verizon,P127,owned by,Q467752-41368dba-474d-40dd-0458-b01ae7b4d5ee,Q849363,The Vanguard Group,P1107,proportion,0.054
Q467752,Verizon,P127,owned by,Q467752-aa5931b5-4819-e3a9-cbd2-f821a81e1a52,Q219635,BlackRock,P585,point in time,2015-03-09T00:00:00Z
Q467752,Verizon,P127,owned by,Q467752-aa5931b5-4819-e3a9-cbd2-f821a81e1a52,Q219635,BlackRock,P1107,proportion,0.062
Q467752,Verizon,P169,chief executive officer,Q467752-70CD59EE-6662-4912-B6E1-DA912F3ECEB4,Q1872576,Lowell McAdam,P580,start time,2011-08-01T00:00:00Z
Q467752,Verizon,P169,chief executive officer,Q467752-70CD59EE-6662-4912-B6E1-DA912F3ECEB4,Q1872576,Lowell McAdam,P582,end time,2018-08-01T00:00:00Z
Q467752,Verizon,P169,chief executive officer,Q467752-80b22a6a-4bb4-9245-37d5-195efe759f2a,Q1582880,Hans Vestberg,P580,start time,2018-08-01T00:00:00Z
Q467752,Verizon,P1830,owner of,Q467752-08575A6D-F642-480C-A734-DE8CD7156C2A,Q4685846,Adtech,,,
Q467752,Verizon,P1830,owner of,Q467752-30AA47C1-363A-4A6A-89BD-B235C37464B7,Q52634428,Verizon Connect,,,
Q467752,Verizon,P1830,owner of,Q467752-4FD62A68-E481-4636-9535-42D3F4DFA811,Q18636334,Verizon Networkfleet,,,
Q467752,Verizon,P1830,owner of,Q467752-5B6ED764-9EC3-4292-84F3-8929C2785F90,Q6926887,Moviefone,,,
Q467752,Verizon,P1830,owner of,Q467752-65ED092E-90E2-4B63-A8BD-2287D153CA86,Q7695701,Tele-TV,,,
Q467752,Verizon,P1830,owner of,Q467752-680D2806-9986-4DDE-A578-21D397EB8B35,Q27585,AOL,,,
Q467752,Verizon,P1830,owner of,Q467752-6B5F5079-4C8A-4D75-8ABE-E294C3DE276E,Q5446255,FiOS1,,,
Q467752,Verizon,P1830,owner of,Q467752-719704D8-F87F-4111-A7ED-2A008C75C859,Q20642307,Fleetmatics,,,
Q467752,Verizon,P1830,owner of,Q467752-93D98F38-8A09-4E8E-932D-575CD32FB6A3,Q22908679,go90,,,
Q467752,Verizon,P1830,owner of,Q467752-9A20D216-448F-48D3-98D5-9ED14367DDFE,Q4644339,800-The-Info,,,
Q467752,Verizon,P1830,owner of,Q467752-9E1EE7DE-02DD-4232-85E8-9DCC8F43BB11,Q4686735,Advertising.com,,,
Q467752,Verizon,P1830,owner of,Q467752-A500016C-8B71-4DC7-B3D5-5010E97476D6,Q28129680,Verizon Hearst Media Partners,,,
Q467752,Verizon,P1830,owner of,Q467752-EACC121C-FE89-4466-9422-43D2A2421169,Q919641,Verizon,,,
Q467752,Verizon,P1830,owner of,Q467752-F693A6A3-E537-437A-8FD9-606DA0A3F60C,Q29231846,Yahoo Inc.,,,
Q467752,Verizon,P355,child organization or unit,Q467752-0DABCAD4-B4F9-46AB-9D1E-D778EA9DE30F,Q919641,Verizon,,,
Q467752,Verizon,P355,child organization or unit,Q467752-1e26da06-40cc-33da-ceca-4524c92c19ce,Q27585,AOL,,,
Q467752,Verizon,P355,child organization or unit,Q467752-26cfa6de-4b64-6809-c011-1d027a7fdd4d,Q37093,Yahoo,,,
Q467752,Verizon,P355,child organization or unit,Q467752-dac36450-45be-6050-0655-55a49bd25336,Q29231846,Yahoo Inc.,,,
Q467752,Verizon,P355,child organization or unit,Q467752-f4d5646b-4dce-ad18-db0b-e514611d3af9,Q17088539,Verizon Pennsylvania,,,
Q467752,Verizon,P361,part of,Q467752-462E61B3-6D85-46C7-B9AB-D255F5325F1A,Q242345,S&P 500,,,
Q467752,Verizon,P361,part of,q467752-68286441-42e3-1554-2659-668a5c3b55ce,Q180816,Dow Jones Industrial Average,,,
Q467752,Verizon,P361,part of,Q467752-E54E5122-9EE0-4AB9-9176-EE00B8A15F7C,Q1546793,S&P 100,,,
Q467752,Verizon,P452,industry,Q467752-8c8629e8-453f-f946-9c7e-8525ddaee0d3,Q2401742,telecommunications,,,
Q20183163,Union Pacific Corporation,P361,part of,Q20183163-07FB46BF-5718-4B35-84D9-F300DB1B8E6F,Q242345,S&P 500,P580,start time,1957-03-04T00:00:00Z
Q20183163,Union Pacific Corporation,P361,part of,Q20183163-E83B9A8E-3202-41E8-8284-92B37626584F,Q1546793,S&P 100,,,
Q20183163,Union Pacific Corporation,P452,industry,Q20183163-12F905C6-427C-40EB-B536-E7450646F14C,Q7590,transport,,,
Q20183163,Union Pacific Corporation,P452,industry,Q20183163-298C7406-855F-4F1B-A91F-02A3937C5A79,Q3565868,rail transport,,,
Q212405,Procter & Gamble,P1056,product or material produced,Q212405-58af3552-49e7-7bbd-4a99-d7908980ec76,Q3500302,Always,,,
Q212405,Procter & Gamble,P1056,product or material produced,Q212405-e81537b3-4bed-ee7c-4ef1-0c09bb91a4cd,Q658915,Ariel,,,
Q212405,Procter & Gamble,P1056,product or material produced,Q212405-cf5b5eb4-4047-49d1-adf7-b6ceeee913e9,Q4950050,Bounty,,,
Q212405,Procter & Gamble,P1056,product or material produced,Q212405-f7e2bf24-4e91-e160-7404-3eddfe55c2b0,Q922032,Charmin,,,
Q212405,Procter & Gamble,P127,owned by,Q212405-827f5799-43d7-b58b-27c7-4864fef1793f,Q849363,The Vanguard Group,P585,point in time,2025-06-30T00:00:00Z
Q212405,Procter & Gamble,P127,owned by,Q212405-827f5799-43d7-b58b-27c7-4864fef1793f,Q849363,The Vanguard Group,P1107,proportion,0.096
Q212405,Procter & Gamble,P127,owned by,Q212405-870778ee-4e45-533c-8f1c-5d5c1d920da3,Q219635,BlackRock,P585,point in time,2025-06-30T00:00:00Z
Q212405,Procter & Gamble,P127,owned by,Q212405-870778ee-4e45-533c-8f1c-5d5c1d920da3,Q219635,BlackRock,P1107,proportion,0.0665
Q212405,Procter & Gamble,P169,chief executive officer,Q212405-b0cdc1f2-489d-fcfb-c9ab-8090cc8c5fa2,Q16195693,Jon Moeller,P155,follows,Q21063670
Q212405,Procter & Gamble,P169,chief executive officer,Q212405-b0cdc1f2-489d-fcfb-c9ab-8090cc8c5fa2,Q16195693,Jon Moeller,P580,start time,2021-11-01T00:00:00Z
Q212405,Procter & Gamble,P169,chief executive officer,Q212405-b0cdc1f2-489d-fcfb-c9ab-8090cc8c5fa2,Q16195693,Jon Moeller,P6949,announcement date,2021-07-29T00:00:00Z
Q212405,Procter & Gamble,P1830,owner of,Q212405-06988A11-48D0-486D-80FF-CD74ED0FB688,Q1353013,Pantene,,,
Q212405,Procter & Gamble,P1830,owner of,Q212405-0A43F437-AD04-4629-B860-50C6448FACDD,Q903922,Downy,,,
Q212405,Procter & Gamble,P1830,owner of,Q212405-102FE1EA-EF26-445B-BF4E-EF2030764CB2,Q3514864,Tampax,,,
Q212405,Procter & Gamble,P1830,owner of,Q212405-1EAC9184-4152-44CC-8A8F-E405151C9DCC,Q2523195,Q2523195,,,
Q212405,Procter & Gamble,P1830,owner of,Q212405-2B261AD5-6E98-4D21-9867-0229C8ADB529,Q7443934,Secret,,,
Q212405,Procter & Gamble,P1830,owner of,Q212405-2CBD5FE3-7035-41D9-8D98-BC8D7AD30836,Q25047876,Zzzquil,,,
Q212405,Procter & Gamble,P1830,owner of,Q212405-44989660-E568-481F-B034-A506F107C06A,Q1246901,Olay,,,
Q212405,Procter & Gamble,P1830,owner of,Q212405-4B5DF970-C712-4947-9312-23776FB16AAB,Q4881280,BeingGirl,,,
Q212405,Procter & Gamble,P1830,owner of,Q212405-4D3B98CF-FBEB-4EAF-806A-3312B6908E07,Q2024644,Tide,,,
Q212405,Procter & Gamble,P1830,owner of,Q212405-540FA610-A368-4D38-934E-61B69D9349CE,Q2340498,Pampers,,,
Q212405,Procter & Gamble,P1830,owner of,Q212405-598A833B-191F-4C2A-952C-CCC90B5B9DAE,Q2354647,Max Factor,,,
Q212405,Procter & Gamble,P1830,owner of,Q212405-5DC7BB20-A8FF-43F3-AB16-71E02185EEEB,Q1890539,Ivory,,,
Q212405,Procter & Gamble,P1830,owner of,Q212405-5E23AA4B-C463-4DF8-A53E-68A3D8921CF1,Q3978004,Superpila,,,
Q212405,Procter & Gamble,P1830,owner of,Q212405-6B2D459E-9326-4F26-A041-D660ADE3F94A,Q1393460,Fairy,,,
Q212405,Procter & Gamble,P1830,owner of,Q212405-7348F842-0316-4E0D-9CAD-0DD78B146CDE,Q910264,Febreze,,,
Q212405,Procter & Gamble,P1830,owner of,Q212405-7BE84599-E5F2-4E21-A773-AD54FF6D43B6,Q658915,Ariel,,,
Q212405,Procter & Gamble,P1830,owner of,Q212405-8185A70D-720E-416B-8975-CCFFCEC8F338,Q3506571,Swiffer,,,
Q212405,Procter & Gamble,P1830,owner of,Q212405-836B1EEC-FA0F-4658-8C78-27EE292A5310,Q7398564,Safeguard,,,
Q212405,Procter & Gamble,P1830,owner of,Q212405-83E6F73A-8A89-4B6B-A849-D7994B9D8C91,Q7390579,SK-II,,,
Q212405,Procter & Gamble,P1830,owner of,Q212405-856B0B76-195C-46B6-8958-D00CE25FA831,Q503592,Gillette,,,
Q212405,Procter & Gamble,P1830,owner of,Q212405-85A1FE82-FA0B-455C-8431-7E9942D4D013,Q691940,Folgers,,,
Q212405,Procter & Gamble,P1830,owner of,Q212405-8F54B438-F215-40A9-9C69-4D6285D88E27,Q3500302,Always,,,
Q212405,Procter & Gamble,P1830,owner of,Q212405-96B57B59-590C-4A49-8143-B041573D9BBA,Q6706125,Luvs,,,
Q212405,Procter & Gamble,P1830,owner of,Q212405-9F95C7ED-959D-4994-96AB-AE4C353BC1B6,Q7653977,Swash,,,
Q212405,Procter & Gamble,P1830,owner of,Q212405-A0F37ED5-F0B0-4833-8422-A336643AC695,Q7258886,Puffs,,,
Q212405,Procter & Gamble,P1830,owner of,Q212405-A21A7BEE-CD1C-4163-A621-9BF678012A55,Q25141646,Pantene India,,,
Q212405,Procter & Gamble,P1830,owner of,Q212405-A8CEF4FD-12AE-4E19-A1D6-0AD3AAB0C178,Q631220,Braun,,,
Q212405,Procter & Gamble,P1830,owner of,Q212405-B8BE8C82-7084-4894-B453-F9354EDA41B1,Q5242411,Dawn,,,
Q212405,Procter & Gamble,P1830,owner of,Q212405-BC86AACE-099F-438B-A417-86046B600344,Q555900,Head & Shoulders,,,
Q212405,Procter & Gamble,P1830,owner of,Q212405-BEFE77DB-4781-4770-A341-0327CB5698D1,Q1987067,Oral-B,,,
Q212405,Procter & Gamble,P1830,owner of,Q212405-CA7CF545-81F1-4E77-82C4-95991C1DBE74,Q2325626,Old Spice,,,
Q212405,Procter & Gamble,P1830,owner of,Q212405-D59AB827-CC56-4A90-B750-21499B01F9CF,Q910740,Vicks,,,
Q212405,Procter & Gamble,P1830,owner of,Q212405-DF2B0D6E-B91D-46F7-A437-503EB73CB787,Q4950050,Bounty,,,
Q212405,Procter & Gamble,P1830,owner of,Q212405-E0ED21EF-78B5-48A6-BD48-48A1AF2CA8CB,Q3321458,Mr. Clean,,,
Q212405,Procter & Gamble,P1830,owner of,Q212405-E39F7974-33B3-428F-AA44-48539CD9B7CD,Q922032,Charmin,,,
Q212405,Procter & Gamble,P1830,owner of,Q212405-E85F2628-6504-4D3C-8DC7-6083B5E7DF7B,Q3002499,Crest,,,
Q212405,Procter & Gamble,P1830,owner of,Q212405-EE57B539-EBDA-4D47-A6B8-7ADFC25DDFB2,Q115676,Dreft,,,
Q212405,Procter & Gamble,P1830,owner of,Q212405-F03C0F88-95EA-451E-A784-B6111436E1D0,Q5517207,Gain,,,
Q212405,Procter & Gamble,P355,child organization or unit,Q212405-15d2b3b5-436d-ff8c-caef-96b8696b5526,Q111820312,OUAI,,,
Q212405,Procter & Gamble,P355,child organization or unit,Q212405-537D06B9-815F-4D5F-92EF-64CBF5E98933,Q631220,Braun,,,
Q212405,Procter & Gamble,P355,child organization or unit,Q212405-55faa6b0-4771-fd76-d15e-071a78f29d85,Q503592,Gillette,,,
Q212405,Procter & Gamble,P355,child organization or unit,Q212405-7425F533-D164-4C98-9617-5B25D7FF8C11,Q30343799,Procter & Gamble (France),,,
Q212405,Procter & Gamble,P355,child organization or unit,Q212405-82685781-07AB-4170-BD0D-0BAC038D1D22,Q30338321,Procter & Gamble (Belgium),,,
Q212405,Procter & Gamble,P355,child organization or unit,Q212405-828C274E-C966-4401-8202-83DF87F6A91A,Q30338323,Procter & Gamble Deutschland,,,
Q212405,Procter & Gamble,P355,child organization or unit,Q212405-937d595e-4ebc-be6e-f173-841dfaa0d61a,Q5445249,Ferrara Candy Company,,,
Q212405,Procter & Gamble,P355,child organization or unit,Q212405-d589c4b2-4e54-0c8d-d80c-f7ecbb3e639c,Q66048841,Tide Cleaners,,,
Q212405,Procter & Gamble,P355,child organization or unit,Q212405-e3ab08e9-4260-2311-9b2b-a860ba3ea9ac,Q28807997,Procter & Gamble - Rakona,,,
Q212405,Procter & Gamble,P355,child organization or unit,Q212405-B9511602-2006-41F1-B257-EBCC132AC187,Q3678986,Clairol,P582,end time,2016-10-03T00:00:00Z
Q212405,Procter & Gamble,P355,child organization or unit,Q212405-EE42DF86-FE8C-466E-B5F0-B0325DD5E225,Q702674,Wella,P582,end time,2016-10-03T00:00:00Z
Q212405,Procter & Gamble,P361,part of,Q212405-6C93B02D-57D9-4061-A5CC-BC2EAF6E8F01,Q180816,Dow Jones Industrial Average,,,
Q212405,Procter & Gamble,P361,part of,Q212405-b0b1ee41-409e-8b17-ee2b-cb247736a268,Q242345,S&P 500,,,
Q212405,Procter & Gamble,P361,part of,Q212405-EBD9B26B-F855-49F4-83DA-53EBEECCC86C,Q773026,Dow Jones Global Titans 50,,,
Q212405,Procter & Gamble,P361,part of,Q212405-A7120BFA-3D5C-455A-9F10-72EE852392BD,Q1546793,S&P 100,,,
Q212405,Procter & Gamble,P452,industry,Q212405-598E9A71-C5F2-4D89-8EE5-7505CC663FD5,Q507443,pharmaceutical industry,,,
Q212405,Procter & Gamble,P452,industry,Q212405-c390217f-4e24-3712-4bcf-4947194e7b9f,Q1187656,fast-moving consumer goods,,,
Q89368734,RTX,P127,owned by,Q89368734-4f2fb3e0-47e3-636b-62bc-d6da0f411bc1,Q849363,The Vanguard Group,P585,point in time,2025-12-31T00:00:00Z
Q89368734,RTX,P127,owned by,Q89368734-4f2fb3e0-47e3-636b-62bc-d6da0f411bc1,Q849363,The Vanguard Group,P1107,proportion,0.0929
Q89368734,RTX,P127,owned by,Q89368734-510d8665-4513-8426-060b-d7a40e93e8bd,Q219635,BlackRock,P585,point in time,2025-12-31T00:00:00Z
Q89368734,RTX,P127,owned by,Q89368734-510d8665-4513-8426-060b-d7a40e93e8bd,Q219635,BlackRock,P1107,proportion,0.078
Q89368734,RTX,P127,owned by,Q89368734-c3b59a52-42da-8023-bad2-43571c80f70c,Q2037125,State Street Corporation,P585,point in time,2025-12-31T00:00:00Z
Q89368734,RTX,P127,owned by,Q89368734-c3b59a52-42da-8023-bad2-43571c80f70c,Q2037125,State Street Corporation,P1107,proportion,0.0683
Q89368734,RTX,P127,owned by,Q89368734-65cdbfcf-488e-58c3-27ec-c13a9dedcbc6,Q505275,Capital Group Companies,P585,point in time,2025-12-31T00:00:00Z
Q89368734,RTX,P127,owned by,Q89368734-65cdbfcf-488e-58c3-27ec-c13a9dedcbc6,Q505275,Capital Group Companies,P1107,proportion,0.0897
Q89368734,RTX,P127,owned by,Q89368734-9a9f6494-4659-90da-8ae3-a755e3a5dd9d,Q1234076,Dodge & Cox,P585,point in time,2025-12-31T00:00:00Z
Q89368734,RTX,P127,owned by,Q89368734-9a9f6494-4659-90da-8ae3-a755e3a5dd9d,Q1234076,Dodge & Cox,P1107,proportion,0.0279
Q89368734,RTX,P127,owned by,Q89368734-f8df3a40-430e-f8f8-038e-9816f61c4e4e,Q192314,JPMorgan Chase,P585,point in time,2025-12-31T00:00:00Z
Q89368734,RTX,P127,owned by,Q89368734-f8df3a40-430e-f8f8-038e-9816f61c4e4e,Q192314,JPMorgan Chase,P1107,proportion,0.0239
Q89368734,RTX,P127,owned by,Q89368734-3224ce30-491a-6706-c3f3-26b95e5670f1,Q105773164,Geode Capital Management,P585,point in time,2025-12-31T00:00:00Z
Q89368734,RTX,P127,owned by,Q89368734-3224ce30-491a-6706-c3f3-26b95e5670f1,Q105773164,Geode Capital Management,P1107,proportion,0.0255
Q89368734,RTX,P127,owned by,Q89368734-28210d5a-429f-37b3-c4a5-1982efaa7c09,Q334204,Morgan Stanley,P585,point in time,2025-12-31T00:00:00Z
Q89368734,RTX,P127,owned by,Q89368734-28210d5a-429f-37b3-c4a5-1982efaa7c09,Q334204,Morgan Stanley,P1107,proportion,0.0221
Q89368734,RTX,P127,owned by,Q89368734-f2971202-4229-d894-a69e-a7cda0e0ea9c,Q487907,Bank of America,P585,point in time,2025-12-31T00:00:00Z
Q89368734,RTX,P127,owned by,Q89368734-f2971202-4229-d894-a69e-a7cda0e0ea9c,Q487907,Bank of America,P1107,proportion,0.0189
Q89368734,RTX,P169,chief executive officer,Q89368734-22893c4a-465a-40e1-1a26-b687c9f107b6,Q28922190,Greg Hayes,P580,start time,2020-04-03T00:00:00Z
Q89368734,RTX,P355,child organization or unit,Q89368734-199ce4fd-4c98-5915-b412-7802934bc162,Q173150,Pratt & Whitney,,,
Q89368734,RTX,P355,child organization or unit,Q89368734-57030263-4f70-97d7-e1f9-69cb22c7c4e2,Q358594,Collins Aerospace,,,
Q89368734,RTX,P355,child organization or unit,Q89368734-c07fda73-4476-7d1c-a9ae-57673a81fb3b,Q3552628,Raytheon Missiles & Defense,,,
Q89368734,RTX,P355,child organization or unit,Q89368734-dfc8c0c4-4a7f-bfbd-ce53-0d8e38ffc074,Q7299398,Raytheon Intelligence & Space,,,
Q89368734,RTX,P361,part of,Q89368734-0f40f155-4f0d-e74e-4e35-51b94805c548,Q242345,S&P 500,,,
Q89368734,RTX,P361,part of,Q89368734-b22ac0a4-4c78-884d-ed1c-72fedc043ab0,Q180816,Dow Jones Industrial Average,,,
Q89368734,RTX,P361,part of,Q89368734-B8FB91D9-8F9F-4C50-AA1B-7CD26F548C6E,Q1546793,S&P 100,,,
Q89368734,RTX,P452,industry,Q89368734-755eb0ad-4a04-8e63-c2ee-ff2205e4d1d3,Q392933,weapons industry,,,
Q89368734,RTX,P452,industry,Q89368734-f12655b4-4eee-4e06-4e39-7f97ad43946f,Q3477363,aerospace industry,,,
Q502940,General Dynamics,P127,owned by,Q502940-3d8cdf35-464b-ab5f-4ef0-69bd6abfbb3b,Q849363,The Vanguard Group,P585,point in time,2025-12-31T00:00:00Z
Q502940,General Dynamics,P127,owned by,Q502940-3d8cdf35-464b-ab5f-4ef0-69bd6abfbb3b,Q849363,The Vanguard Group,P1107,proportion,0.0916
Q502940,General Dynamics,P127,owned by,Q502940-af3bef90-44da-866c-6d7a-4a12c35809d8,Q21198442,Longview Asset Management,P585,point in time,2025-12-31T00:00:00Z
Q502940,General Dynamics,P127,owned by,Q502940-af3bef90-44da-866c-6d7a-4a12c35809d8,Q21198442,Longview Asset Management,P1107,proportion,0.1001
Q502940,General Dynamics,P127,owned by,Q502940-4ef151cd-4a4f-4235-1ff3-9e2b7eb052b1,Q219635,BlackRock,P585,point in time,2025-12-31T00:00:00Z
Q502940,General Dynamics,P127,owned by,Q502940-4ef151cd-4a4f-4235-1ff3-9e2b7eb052b1,Q219635,BlackRock,P1107,proportion,0.0656
Q502940,General Dynamics,P127,owned by,Q502940-1e4035f6-4bb5-ac5c-87ad-7a8836024d44,Q138645521,Newport Trust Company,P585,point in time,2025-12-31T00:00:00Z
Q502940,General Dynamics,P127,owned by,Q502940-1e4035f6-4bb5-ac5c-87ad-7a8836024d44,Q138645521,Newport Trust Company,P1107,proportion,0.0508
Q502940,General Dynamics,P127,owned by,Q502940-64494a8b-41ce-77f9-ee77-b5a1631e138f,Q2037125,State Street Corporation,P585,point in time,2025-12-31T00:00:00Z
Q502940,General Dynamics,P127,owned by,Q502940-64494a8b-41ce-77f9-ee77-b5a1631e138f,Q2037125,State Street Corporation,P1107,proportion,0.0419
Q502940,General Dynamics,P127,owned by,Q502940-f96a9aea-4977-b081-552a-276371050ca9,Q487907,Bank of America,P585,point in time,2025-12-31T00:00:00Z
Q502940,General Dynamics,P127,owned by,Q502940-f96a9aea-4977-b081-552a-276371050ca9,Q487907,Bank of America,P1107,proportion,0.0316
Q502940,General Dynamics,P127,owned by,Q502940-96045766-4191-a455-a177-4edc45658d10,Q6715642,MFS Investment Management,P585,point in time,2025-12-31T00:00:00Z
Q502940,General Dynamics,P127,owned by,Q502940-96045766-4191-a455-a177-4edc45658d10,Q6715642,MFS Investment Management,P1107,proportion,0.0232
Q502940,General Dynamics,P127,owned by,Q502940-8a0d5ebe-419c-b3c9-79eb-6165a7daef57,Q105773164,Geode Capital Management,P585,point in time,2025-12-31T00:00:00Z
Q502940,General Dynamics,P127,owned by,Q502940-8a0d5ebe-419c-b3c9-79eb-6165a7daef57,Q105773164,Geode Capital Management,P1107,proportion,0.0224
Q502940,General Dynamics,P127,owned by,Q502940-4261e380-403c-f9fd-39d4-113c80bcdac8,Q85750542,Capital Research Global Investors,P585,point in time,2025-12-31T00:00:00Z
Q502940,General Dynamics,P127,owned by,Q502940-4261e380-403c-f9fd-39d4-113c80bcdac8,Q85750542,Capital Research Global Investors,P1107,proportion,0.0211
Q502940,General Dynamics,P127,owned by,Q502940-7b881db9-45ff-4e87-835f-cb022a99d36f,Q2633403,J.P. Morgan & Co.,P585,point in time,2025-12-31T00:00:00Z
Q502940,General Dynamics,P127,owned by,Q502940-7b881db9-45ff-4e87-835f-cb022a99d36f,Q2633403,J.P. Morgan & Co.,P1107,proportion,0.0196
Q502940,General Dynamics,P169,chief executive officer,Q502940-E793AFB7-0B52-4068-AEA5-2B6049267868,Q4970379,Phebe Novakovic,,,
Q502940,General Dynamics,P1830,owner of,Q502940-346A579F-6BDB-45A6-B75F-75E5C39D8CC7,Q688141,Mowag,,,
Q502940,General Dynamics,P1830,owner of,Q502940-575A0944-268F-42A3-8935-BA0458D873DB,Q1325893,General Dynamics Electric Boat,,,
Q502940,General Dynamics,P1830,owner of,Q502940-A032FD47-79FE-46D8-B08A-A15220DB55AD,Q1554299,Gulfstream Aerospace,,,
Q502940,General Dynamics,P355,child organization or unit,Q502940-5F2EB2E6-C962-4A30-A0D5-FCFE9F9B53E9,Q1501547,General Atomics,P580,start time,1955-07-18T00:00:00Z
Q502940,General Dynamics,P355,child organization or unit,Q502940-5F2EB2E6-C962-4A30-A0D5-FCFE9F9B53E9,Q1501547,General Atomics,P582,end time,1967-01-01T00:00:00Z
Q502940,General Dynamics,P355,child organization or unit,Q502940-0B8AAB0F-2CF1-4253-816C-73D5E3763623,Q7674674,Tadpole Computer,,,
Q502940,General Dynamics,P355,child organization or unit,Q502940-1116D4FB-B732-4E02-9C4B-BB499CC8FF25,Q1554299,Gulfstream Aerospace,,,
Q502940,General Dynamics,P355,child organization or unit,Q502940-1336C7B8-3852-4D4F-BA42-2047E2EDF962,Q5531850,General Dynamics Land Systems,,,
Q502940,General Dynamics,P355,child organization or unit,Q502940-1D9148D7-F8B4-4D85-A473-C25AE8E06B0E,Q836947,Convair,,,
Q502940,General Dynamics,P355,child organization or unit,Q502940-3B055704-1FB1-40DB-8530-534149441658,Q941940,Jet Aviation,,,
Q502940,General Dynamics,P355,child organization or unit,Q502940-575E0328-BBBF-4346-8DEE-78F3FDA472CA,Q1325893,General Dynamics Electric Boat,,,
Q502940,General Dynamics,P355,child organization or unit,Q502940-58F7D1BA-2DCD-4697-9D7C-3B92F6B3CE55,Q6978703,National Steel and Shipbuilding Company,,,
Q502940,General Dynamics,P355,child organization or unit,Q502940-608EF624-45D0-42E5-8B44-6E2F2A1AEDB9,Q810783,Bath Iron Works,,,
Q502940,General Dynamics,P355,child organization or unit,Q502940-7BF298A3-E434-416F-B630-6610A5E840CE,Q477016,Creative Technology,,,
Q502940,General Dynamics,P355,child organization or unit,Q502940-AADD90FC-EB56-4876-ADE2-A3F668A8F5EB,Q5531847,General Dynamics Mission Systems,,,
Q502940,General Dynamics,P355,child organization or unit,Q502940-d7eeedf9-4472-d330-5c99-4bba05d78b01,Q99371808,General Dynamics European Land Systems,,,
Q502940,General Dynamics,P355,child organization or unit,Q502940-F6720C67-59CF-4C33-BAEE-6474096401AF,Q5357420,Electric Launch Company,,,
Q502940,General Dynamics,P361,part of,Q502940-41952F42-F2F1-4762-ABEC-D4A5029EDD25,Q242345,S&P 500,P580,start time,1957-03-04T00:00:00Z
Q502940,General Dynamics,P361,part of,Q502940-9e3feace-467a-c657-7a5b-c44adb1f1e06,Q134661623,list of companies involved in the Gaza war,,,
Q502940,General Dynamics,P361,part of,Q502940-1DEFAB9A-44C2-46E0-BE79-D018B11285C5,Q1546793,S&P 100,,,
Q502940,General Dynamics,P452,industry,Q502940-31226ac5-4cc2-536b-5225-80d9c9d7a7d4,Q474200,shipbuilding,,,
Q502940,General Dynamics,P452,industry,Q502940-8B816E38-2E08-4BCB-8C9F-2FA279D522A0,Q16955053,defence industry,,,
Q502940,General Dynamics,P452,industry,Q502940-8D6D9ABC-8A5A-4AF8-83E5-F8B368956B1A,Q3477363,aerospace industry,,,
Q502940,General Dynamics,P452,industry,Q502940-fb7154c6-4c83-7ef7-b70f-59cbabcf1ef4,Q101333,mechanical engineering,,,
Q663596,Gilead Sciences,P1056,product or material produced,Q663596-023c06ae-4609-c0f0-8ee6-48f405f994f9,Q29006391,Ranexa,,,
Q663596,Gilead Sciences,P1056,product or material produced,Q663596-13397557-4c34-ccfd-d98f-dc57d0a2950f,Q47522306,Vosevi,,,
Q663596,Gilead Sciences,P1056,product or material produced,Q663596-140f4dfb-475e-c3bd-5cdb-86eeb604cea3,Q29005810,Epclusa,,,
Q663596,Gilead Sciences,P1056,product or material produced,Q663596-1e27bdaa-4a3c-07b3-6fa9-c738a89f6fa4,Q47522279,Vemlidy,,,
Q663596,Gilead Sciences,P1056,product or material produced,Q663596-30c6369a-4d7e-1e79-6abc-a9f6d78a1c19,Q29005900,Genvoya,,,
Q663596,Gilead Sciences,P1056,product or material produced,Q663596-3ea4797c-4fa7-444a-935c-a3bf6b7de79c,Q47521027,AmBisome,,,
Q663596,Gilead Sciences,P1056,product or material produced,Q663596-453b0baa-4fcf-b18d-d926-0c3589cf2cbd,Q29006763,Zydelig,,,
Q663596,Gilead Sciences,P1056,product or material produced,Q663596-49a69bc1-4485-08bf-cef8-0098d1a31fbe,Q29005922,Harvoni,,,
Q663596,Gilead Sciences,P1056,product or material produced,Q663596-525abba5-4388-3a5c-2e7a-8c39266b9d5a,Q29006657,Viread,,,
Q663596,Gilead Sciences,P1056,product or material produced,Q663596-55ecdee7-4cd7-20aa-e1d8-598ecd547afc,Q29006607,Truvada,,,
Q663596,Gilead Sciences,P1056,product or material produced,Q663596-6cfb0763-4080-181e-1598-0072d9005746,Q29005711,Descovy,,,
Q663596,Gilead Sciences,P1056,product or material produced,Q663596-7083b196-4309-4ad0-2532-2f48731e667e,Q30314851,axicabtagene ciloleucel,,,
Q663596,Gilead Sciences,P1056,product or material produced,Q663596-7364aa65-45a1-3b7e-730a-e022eaeb7fbc,Q47521759,Letairis,,,
Q663596,Gilead Sciences,P1056,product or material produced,Q663596-7ab9a13b-43f6-8a85-fc12-b416ad461883,Q29006513,Stribild,,,
Q663596,Gilead Sciences,P1056,product or material produced,Q663596-7de64409-44bf-8daa-81c6-c0dbaeb4ea17,Q55086265,Bictegravir/emtricitabine/tenofovir alafenamide,,,
Q663596,Gilead Sciences,P1056,product or material produced,Q663596-8ce50026-4290-2b3e-f966-1196b7c029a9,Q29005829,Eviplera,,,
Q663596,Gilead Sciences,P1056,product or material produced,Q663596-8dcf2d7c-41a6-629c-c482-44e66e292c7e,Q47521396,Complera,,,
Q663596,Gilead Sciences,P1056,product or material produced,Q663596-91412167-4d3f-8633-6610-54cad3815ed8,Q29006611,Tybost,,,
Q663596,Gilead Sciences,P1056,product or material produced,Q663596-97a8ae63-44b8-b2b1-5ec9-f34551dcd3e8,Q29004860,Atripla,,,
Q663596,Gilead Sciences,P1056,product or material produced,Q663596-b7e212c7-4985-d114-602e-4f691b4f8d93,Q29005792,Emtriva,,,
Q663596,Gilead Sciences,P1056,product or material produced,Q663596-bbece6d5-4dc0-f06c-6b89-807b89e8a83c,Q29006248,Odefsey,,,
Q663596,Gilead Sciences,P1056,product or material produced,Q663596-51030461-493b-9565-a2c3-f9bca686adf8,Q29004957,Cayston,,,
Q663596,Gilead Sciences,P1056,product or material produced,Q663596-0bbfe554-42dc-4e5a-b68c-86536db91dbb,Q98139660,bulevirtide,,,
Q663596,Gilead Sciences,P1056,product or material produced,Q663596-4f2779a7-4214-b5e9-7bfe-406334f7275b,Q29005930,Hepsera,,,
Q663596,Gilead Sciences,P1056,product or material produced,Q663596-574602ec-443d-9c51-c3e5-2e47ee7b2614,Q29006157,Macugen,,,
Q663596,Gilead Sciences,P1056,product or material produced,Q663596-5e07bab6-4323-b9d7-a0a8-a77f72627b52,Q29006498,Sovaldi,,,
Q663596,Gilead Sciences,P1056,product or material produced,Q663596-4031e010-4304-a829-84ef-f0844f4cff67,Q29006530,Tamiflu,,,
Q663596,Gilead Sciences,P1056,product or material produced,Q663596-627a40b5-4843-1dca-a668-084f634e0776,Q28209496,remdesivir,,,
Q663596,Gilead Sciences,P1056,product or material produced,Q663596-288a1376-45a6-a623-0806-87dd0f6fb9b7,Q7307897,Regadenoson,,,
Q663596,Gilead Sciences,P1056,product or material produced,Q663596-7106fcde-4840-37f3-1b26-449468bf5ce5,Q27268037,seladelpar,,,
Q663596,Gilead Sciences,P1056,product or material produced,Q663596-44a27873-4740-6b65-10c7-be35b8d4c162,Q105981469,lenacapavir,,,
Q663596,Gilead Sciences,P127,owned by,Q663596-d06c745e-4ee7-b794-7e15-d038e44fa11a,Q849363,The Vanguard Group,P1107,proportion,0.095
Q663596,Gilead Sciences,P127,owned by,Q663596-ec0bdd65-4301-6e40-53af-bb6f10adc93f,Q219635,BlackRock,P1107,proportion,0.095
Q663596,Gilead Sciences,P169,chief executive officer,Q663596-10edfbef-4f5b-9147-0836-d6c76e5aa91c,Q63981759,Daniel O'Day,P580,start time,2019-03-01T00:00:00Z
Q663596,Gilead Sciences,P355,child organization or unit,Q663596-6C4DB7B4-413B-448B-80FB-43ED6D471EC1,Q30343865,Gilead Sciences (Australia),,,
Q663596,Gilead Sciences,P355,child organization or unit,Q663596-7da76a7e-4c53-ca78-9aa0-ea7838cb818c,Q18343414,Kite Pharma,,,
Q663596,Gilead Sciences,P355,child organization or unit,Q663596-989AA42E-A271-4F16-A099-3E04F5B2C913,Q30338599,Gilead Sciences Ltd,,,
Q663596,Gilead Sciences,P361,part of,Q663596-0301BF4A-D377-471D-99E2-CE884BCA9752,Q242345,S&P 500,P580,start time,2004-07-01T00:00:00Z
Q663596,Gilead Sciences,P361,part of,Q663596-DCF1B337-A7F1-4068-932B-DF906719B402,Q1546793,S&P 100,,,
Q663596,Gilead Sciences,P452,industry,Q663596-C1D1C559-D17E-42E7-8CAC-6B6652383749,Q507443,pharmaceutical industry,,,
Q81965,General Motors,P1056,product or material produced,Q81965-1F2D2747-1B0A-4023-BD35-FEE5E9BC31C2,Q1420,car,,,
Q81965,General Motors,P127,owned by,Q81965-46d2ce5a-476d-7523-4694-7a7746c760ce,Q849363,The Vanguard Group,P1107,proportion,0.116
Q81965,General Motors,P127,owned by,Q81965-e058f5a8-4141-e38f-57b7-e7e1669fe8a7,Q219635,BlackRock,P1107,proportion,0.078
Q81965,General Motors,P169,chief executive officer,Q81965-5929d74f-41a3-e59e-7e89-e6cf6e37b24e,Q321441,Roger Smith,P580,start time,1981-01-01T00:00:00Z
Q81965,General Motors,P169,chief executive officer,Q81965-5929d74f-41a3-e59e-7e89-e6cf6e37b24e,Q321441,Roger Smith,P582,end time,1990-01-01T00:00:00Z
Q81965,General Motors,P169,chief executive officer,Q81965-8eb5589f-458e-46df-95a2-44099c7cfba8,Q344045,Alfred P. Sloan,P580,start time,1923-01-01T00:00:00Z
Q81965,General Motors,P169,chief executive officer,Q81965-8eb5589f-458e-46df-95a2-44099c7cfba8,Q344045,Alfred P. Sloan,P582,end time,1946-01-01T00:00:00Z
Q81965,General Motors,P169,chief executive officer,q81965-dcef122f-4f4e-2df1-8398-7f92d10b9a14,Q6779013,Mary Barra,P580,start time,2014-01-15T00:00:00Z
Q81965,General Motors,P355,child organization or unit,Q81965-4d7d05bb-4cae-f2a6-73d7-d91af21b5fbd,Q131744903,GM Performance Power Units,P580,start time,2025-01-01T00:00:00Z
Q81965,General Motors,P355,child organization or unit,Q81965-4ee2aec6-4707-f0b0-6c7f-075f84aab91f,Q59187,Vauxhall,P582,end time,2017-08-01T00:00:00Z
Q81965,General Motors,P355,child organization or unit,Q81965-6c8bea08-455d-8944-a6f3-c2435b024bb1,Q373335,GM Uzbekistan,P580,start time,2008-01-01T00:00:00Z
Q81965,General Motors,P355,child organization or unit,Q81965-6c8bea08-455d-8944-a6f3-c2435b024bb1,Q373335,GM Uzbekistan,P582,end time,2019-01-01T00:00:00Z
Q81965,General Motors,P355,child organization or unit,Q81965-9dd64b67-45b3-c3e1-2cf7-198663d8610d,Q116951874,General Aviation Corp.,P580,start time,1931-01-01T00:00:00Z
Q81965,General Motors,P355,child organization or unit,Q81965-9dd64b67-45b3-c3e1-2cf7-198663d8610d,Q116951874,General Aviation Corp.,P582,end time,1934-01-01T00:00:00Z
Q81965,General Motors,P355,child organization or unit,Q81965-add7530a-4cf8-f413-217a-fca1cdb04565,Q939291,Marquette,P580,start time,1909-01-01T00:00:00Z
Q81965,General Motors,P355,child organization or unit,Q81965-add7530a-4cf8-f413-217a-fca1cdb04565,Q939291,Marquette,P582,end time,1912-01-01T00:00:00Z
Q81965,General Motors,P355,child organization or unit,Q81965-1ad86053-4870-2637-673c-9db5fb49cfa6,Q2509797,General Motors Europe,,,
Q81965,General Motors,P355,child organization or unit,Q81965-206d2498-483e-7806-409d-23bad31b38ca,Q112728701,General Motors Specialty Vehicles,,,
Q81965,General Motors,P355,child organization or unit,Q81965-23078ad1-4d0e-123b-7ffe-ff38efb693f2,Q21160726,GM Global Technology Operations,,,
Q81965,General Motors,P355,child organization or unit,Q81965-2f3cb22f-4e88-77d6-ac1e-0b57c838c5f9,Q16571023,General Motors OBB,,,
Q81965,General Motors,P355,child organization or unit,Q81965-32CAE0A0-1692-447E-8F29-2EE00AB04637,Q3569419,OnStar,,,
Q81965,General Motors,P355,child organization or unit,Q81965-32fad212-4af0-80f4-37f1-2011a5e92efa,Q569235,Saturn Corporation,,,
Q81965,General Motors,P355,child organization or unit,Q81965-596c14ab-48d3-c6b4-851b-9c79f6c9113b,Q5513860,GM Certified Service,,,
Q81965,General Motors,P355,child organization or unit,Q81965-5c220109-46b6-2243-ad86-19a1f6f17e55,Q1475085,General Motors of Canada,,,
Q81965,General Motors,P355,child organization or unit,Q81965-6025a88d-438f-e12d-1f72-e0433001b8c8,Q5876985,General Motors of Argentina,,,
Q81965,General Motors,P355,child organization or unit,Q81965-62499438-4320-f764-29a8-b94d02719953,Q2883616,Baojun,,,
Q81965,General Motors,P355,child organization or unit,Q81965-62eb1a6f-4efa-22fb-bfa9-5cb580b367cb,Q968076,General Motors Japan,,,
Q81965,General Motors,P355,child organization or unit,Q81965-831b7c1c-4a99-d849-3c4d-fcd0c1a2e12e,Q5513853,GM Financial,,,
Q81965,General Motors,P355,child organization or unit,Q81965-8697a696-49b8-8074-e34a-e817394dc859,Q42377899,Cruise,,,
Q81965,General Motors,P355,child organization or unit,Q81965-878915d6-413c-46a7-bb07-1e15981b70ea,Q1239559,Yellow Coach Manufacturing Company,,,
Q81965,General Motors,P355,child organization or unit,Q81965-8D2FBDEE-DC29-4D70-8190-38652FFF4ACF,Q30338742,General Motors,,,
Q81965,General Motors,P355,child organization or unit,Q81965-900859c9-4331-cf67-8958-5d207dd6d871,Q16571026,General Motors de Chile,,,
Q81965,General Motors,P355,child organization or unit,Q81965-93D5FED7-FF71-4BC3-8BE3-FB33D44A516B,Q112874411,General Motors (China) Investment,,,
Q81965,General Motors,P355,child organization or unit,Q81965-9677cebc-458c-11ac-9a74-429d27afd6b4,Q5876989,General Motors de México,,,
Q81965,General Motors,P355,child organization or unit,Q81965-A3B49B4E-87D6-4648-8EEF-64DB8E97EC7B,Q29281,Holden,,,
Q81965,General Motors,P355,child organization or unit,Q81965-A9830121-1981-4D07-BCE4-A7863843629E,Q112874402,General Motors China,,,
Q81965,General Motors,P355,child organization or unit,Q81965-ae714ddd-4fc3-2b98-e0cd-916159b723ba,Q5513845,GM Defense,,,
Q81965,General Motors,P355,child organization or unit,Q81965-bf289a12-4f58-3a60-21bf-7d1febe7b2eb,Q72371228,Cadillac Europe,,,
Q81965,General Motors,P355,child organization or unit,Q81965-c3cc4f13-4a50-0924-9662-bb46a7015d45,Q5513844,General Motors Colmotores,,,
Q81965,General Motors,P355,child organization or unit,Q81965-c53197a3-4212-4598-2601-770a67586a1d,Q288170,ACDelco,,,
Q81965,General Motors,P355,child organization or unit,Q81965-de05034b-44dd-afef-347d-2a5a1dd3f98c,Q2096434,UzAuto Motors,,,
Q81965,General Motors,P355,child organization or unit,Q81965-E20CAA41-491C-4BD6-884C-B890DFBC3E2F,Q1502806,Geo,,,
Q81965,General Motors,P355,child organization or unit,Q81965-e6e98dc7-4fa3-7563-c284-eb80a2ee0dc6,Q497193,GM Korea,,,
Q81965,General Motors,P355,child organization or unit,Q81965-e9734b64-42b7-436e-ceb2-e39f8e935c96,Q5532048,General Motors India Private Limited,,,
Q81965,General Motors,P355,child organization or unit,Q81965-f723f830-4041-36f6-cb29-036377fad653,Q10752027,General Motors do Brasil,,,
Q81965,General Motors,P361,part of,Q81965-7762F207-7618-41C0-90FE-1F1BC4895867,Q242345,S&P 500,P580,start time,2013-06-06T00:00:00Z
Q81965,General Motors,P361,part of,Q81965-7B05F157-1DEA-42D8-BD09-0AF996320805,Q1546793,S&P 100,,,
Q81965,General Motors,P452,industry,q81965-931399b5-4e41-a451-43c0-4acf70a55e66,Q190117,automotive industry,,,
Q445007,Altria,P1056,product or material produced,Q445007-12608FF9-AB3B-4907-8A2C-7B06EFA096C8,Q1566,tobacco,,,
Q445007,Altria,P1056,product or material produced,Q445007-1ae92217-4192-b2ef-1135-a564e719ae94,Q44106,tobacco product,,,
Q445007,Altria,P169,chief executive officer,Q445007-64a57307-4a67-9a0a-59be-f9eda0d526d0,Q125693897,"William F. Gifford, Jr.",P580,start time,2020-04-16T00:00:00Z
Q445007,Altria,P1830,owner of,Q445007-42691ACC-1DDB-4C75-8CFC-F4F6D00C2AD4,Q1148560,Parliament,,,
Q445007,Altria,P1830,owner of,Q445007-976f3363-441f-63cc-29d8-0e35cc1eccae,Q21017093,Juul,,,
Q445007,Altria,P355,child organization or unit,Q445007-1c6fd34b-494d-26dc-5497-872f3bd7b96e,Q1726300,Philip Morris USA,,,
Q445007,Altria,P355,child organization or unit,Q445007-62f045a7-43a5-dc7c-e63d-18f5a3f54979,Q5087545,Chateau Ste. Michelle,,,
Q445007,Altria,P355,child organization or unit,Q445007-69a24f6e-480a-5f12-b759-9de15ee41be7,Q16988206,John Middleton Co.,,,
Q445007,Altria,P355,child organization or unit,Q445007-74b356be-4e12-f8be-6935-1f2a32e694b0,Q268337,U.S. Smokeless Tobacco Company,,,
Q445007,Altria,P361,part of,Q445007-0CE1456F-9565-447B-880E-F908CC0B2AE6,Q242345,S&P 500,P580,start time,1957-03-04T00:00:00Z
Q445007,Altria,P361,part of,Q445007-FBBB41DB-F147-4E28-BA20-DA0D7A4EE16C,Q1546793,S&P 100,,,
Q445007,Altria,P452,industry,Q445007-001b971b-4790-bc40-cb49-f8c6a5ab7fa6,Q907703,tobacco industry,,,
Q445007,Altria,P452,industry,Q445007-423F12BD-3BF3-4156-959A-EB29D6B696BD,Q540912,food industry,,,
Q2304693,Southern Company,P1056,product or material produced,Q2304693-2800C66F-D702-4C61-B0A7-6AE4BD1B19D9,Q12725,electricity,,,
Q2304693,Southern Company,P355,child organization or unit,Q2304693-14820383-1825-4F9D-977C-314619758FE1,Q17108791,Mississippi Power,,,
Q2304693,Southern Company,P355,child organization or unit,Q2304693-1D221690-01A0-4762-AD42-AF9663DFBC35,Q4705296,Alabama Power,,,
Q2304693,Southern Company,P355,child organization or unit,Q2304693-2D3A7A3F-2E53-4673-B36F-43D68D6A25C0,Q7569564,Southern Linc,,,
Q2304693,Southern Company,P355,child organization or unit,Q2304693-FBCD730A-3F93-4388-9FB4-AC5D957FABFB,Q5547666,Georgia Power,,,
Q2304693,Southern Company,P361,part of,Q2304693-B3AB9425-8B48-47E8-BB80-D3EE55426165,Q242345,S&P 500,P580,start time,1957-03-04T00:00:00Z
Q2304693,Southern Company,P361,part of,Q2304693-8D513FDF-84EE-4B63-B5EF-D173F83BDBD8,Q1546793,S&P 100,,,
Q2304693,Southern Company,P452,industry,Q2304693-F54BC683-CCE0-4750-8C6C-8256CBE9AF81,Q2151621,energy industry,,,
Q2304693,Southern Company,P452,industry,Q2304693-3501d8fa-4bbb-2f41-0f5b-231860460073,Q2316331,electric power industry,,,
Q7240,Lockheed Martin,P1056,product or material produced,Q7240-290F39F6-90A8-4AB5-9717-D93F1D505F0D,Q204563,zinc–bromine battery,,,
Q7240,Lockheed Martin,P127,owned by,Q7240-a2e7a86c-4acc-41e4-ae64-0741c6c8ea87,Q2037125,State Street Corporation,P585,point in time,2025-02-28T00:00:00Z
Q7240,Lockheed Martin,P127,owned by,Q7240-a2e7a86c-4acc-41e4-ae64-0741c6c8ea87,Q2037125,State Street Corporation,P1107,proportion,0.158
Q7240,Lockheed Martin,P127,owned by,Q7240-62dafae5-4ff8-9e64-5061-685da459dce7,Q849363,The Vanguard Group,P585,point in time,2025-02-28T00:00:00Z
Q7240,Lockheed Martin,P127,owned by,Q7240-62dafae5-4ff8-9e64-5061-685da459dce7,Q849363,The Vanguard Group,P1107,proportion,0.094
Q7240,Lockheed Martin,P127,owned by,Q7240-ef5e39e2-4b46-3cd8-4725-29af6f5ca52e,Q219635,BlackRock,P585,point in time,2025-02-28T00:00:00Z
Q7240,Lockheed Martin,P127,owned by,Q7240-ef5e39e2-4b46-3cd8-4725-29af6f5ca52e,Q219635,BlackRock,P1107,proportion,0.078
Q7240,Lockheed Martin,P169,chief executive officer,Q7240-9e24223d-4c2a-3e4b-7acd-aaf38861a56e,Q110610881,James D. Taiclet,P580,start time,2020-06-01T00:00:00Z
Q7240,Lockheed Martin,P1830,owner of,Q7240-6A32914A-BEB7-4627-A4DC-82E671630A7D,Q14706073,National Solar Thermal Test Facility,,,
Q7240,Lockheed Martin,P1830,owner of,Q7240-82AFBF00-11D8-4DCF-93F2-534B6285EEE7,Q47037195,Pacific Architects and Engineers,,,
Q7240,Lockheed Martin,P1830,owner of,Q7240-C967FE38-EC35-47E1-A72A-5504D6398121,Q1236833,United Launch Alliance,,,
Q7240,Lockheed Martin,P1830,owner of,Q7240-DBDBF19F-895F-4772-B099-F62853B7839E,Q1541150,United Space Alliance,,,
Q7240,Lockheed Martin,P1830,owner of,Q7240-EDAB91AC-1BFF-4605-ADB0-19C402534066,Q549189,Sikorsky Aircraft Corporation,,,
Q7240,Lockheed Martin,P1830,owner of,Q7240-FC51A707-BB0C-45EB-A8F8-007C0E675CD7,Q1683930,Real3D,,,
Q7240,Lockheed Martin,P355,child organization or unit,Q7240-0A501B3C-970C-41C7-94D2-1091419733BB,Q30290331,Lockheed Martin (United Kingdom),,,
Q7240,Lockheed Martin,P355,child organization or unit,Q7240-16C839A1-A0DB-4B78-B346-12738E642B2B,Q1627738,Lockheed Martin Aeronautics,,,
Q7240,Lockheed Martin,P355,child organization or unit,Q7240-5FEC43AB-4AE8-48B8-AFC7-AEF29CEAC5F7,Q1670373,Lockheed Martin Canada,,,
Q7240,Lockheed Martin,P355,child organization or unit,Q7240-79434B0A-EA0C-478F-B8D8-66CCC174718C,Q6665603,Lockheed Martin Mission Systems and Sensors,,,
Q7240,Lockheed Martin,P355,child organization or unit,Q7240-8CBB85C4-DC85-4E07-95BC-0E58F2BC729A,Q28974595,Lockheed Martin (Australia),,,
Q7240,Lockheed Martin,P355,child organization or unit,Q7240-9CF90942-299C-4DE9-BFD1-26F5FFD082B1,Q2913694,Lockheed Martin Space,,,
Q7240,Lockheed Martin,P355,child organization or unit,Q7240-C33E89F1-AA3E-4351-9170-8746EDCA2D3A,Q6665610,Lockheed Martin Missiles and Fire Control,,,
Q7240,Lockheed Martin,P361,part of,Q7240-54E771AA-B3F4-48E0-9D53-53C3FB3BD265,Q242345,S&P 500,,,
Q7240,Lockheed Martin,P361,part of,Q7240-c29d3ebb-4fc2-0777-8a3c-9b7c299d5359,Q134661623,list of companies involved in the Gaza war,,,
Q7240,Lockheed Martin,P361,part of,Q7240-523918A9-C718-47C1-B606-6BD7900A41B4,Q1546793,S&P 100,,,
Q7240,Lockheed Martin,P452,industry,Q7240-121083c5-49ba-fc1a-c70a-3914bc62e5e3,Q189900,information security,,,
Q7240,Lockheed Martin,P452,industry,Q7240-58139386-4a59-3ee8-d4e5-f4b1dce2999a,Q3477363,aerospace industry,,,
Q7240,Lockheed Martin,P452,industry,Q7240-700BF964-CE7D-4A6A-A005-48E220B9ED34,Q392933,weapons industry,,,
Q7240,Lockheed Martin,P452,industry,Q7240-9078e7d6-424f-d669-b3a7-299c85ae69c6,Q5358497,electronics industry,,,
Q3884,Amazon,P1056,product or material produced,Q3884-13177a2d-4ecd-e794-8f31-41435db7d53c,Q18511815,Amazon Echo,P580,start time,2016-10-26T00:00:00Z
Q3884,Amazon,P1056,product or material produced,Q3884-a9cdb19f-4601-6f32-767a-aaeff2ef9b9d,Q136469,Q136469,P580,start time,2011-09-28T00:00:00Z
Q3884,Amazon,P1056,product or material produced,Q3884-1967294f-4ebd-20b6-e5ea-d2a5a7283f4e,Q4740856,Amazon Prime Video,,,
Q3884,Amazon,P1056,product or material produced,Q3884-278b87fe-4014-2b82-c022-1865a8d83389,Q52593600,Shopbop,,,
Q3884,Amazon,P1056,product or material produced,Q3884-2d4e9c5b-4bca-5b47-41db-22d99bc563ee,Q16203668,Amazon Fire TV,,,
Q3884,Amazon,P1056,product or material produced,Q3884-32cc20d9-44c2-3d1f-aeda-96dbf795e260,Q5151724,ComiXology,,,
Q3884,Amazon,P1056,product or material produced,Q3884-3c692610-45c1-db6d-b560-bb52095f5a15,Q21086634,Amazon Prime,,,
Q3884,Amazon,P1056,product or material produced,Q3884-49971ab0-405e-9661-49bb-05fba32d86cf,Q4740834,Amazon Fresh,,,
Q3884,Amazon,P1056,product or material produced,Q3884-6d23beac-498c-d0b0-b92c-2b87eaa2f8d0,Q37312,IMDb,,,
Q3884,Amazon,P1056,product or material produced,Q3884-71cb8630-41e0-a6f0-15e6-4c07cb1d3f8f,Q456157,Amazon Web Services,,,
Q3884,Amazon,P1056,product or material produced,Q3884-888d299d-4b94-6d9c-e8a1-1483c30afdd7,Q230051,Alexa Internet,,,
Q3884,Amazon,P1056,product or material produced,Q3884-ad36c759-4bb7-6e4c-e501-ee111ed9d289,Q2593067,Amazon S3,,,
Q3884,Amazon,P1056,product or material produced,Q3884-ba261272-4049-82ef-7bce-0677d9ad6f6b,Q456078,Amazon Appstore,,,
Q3884,Amazon,P1056,product or material produced,Q3884-bf486c61-4442-8283-cc53-f8a7c267317e,Q124609769,Amazon.com,,,
Q3884,Amazon,P127,owned by,Q3884-00ae1868-47d0-44f0-e2c6-60109863ead3,Q219635,BlackRock,P585,point in time,2019-02-25T00:00:00Z
Q3884,Amazon,P127,owned by,Q3884-00ae1868-47d0-44f0-e2c6-60109863ead3,Q219635,BlackRock,P1107,proportion,0.052
Q3884,Amazon,P127,owned by,Q3884-047da791-4711-4e0d-2eae-a6c87c11785d,Q312556,Jeff Bezos,P585,point in time,2019-02-25T00:00:00Z
Q3884,Amazon,P127,owned by,Q3884-047da791-4711-4e0d-2eae-a6c87c11785d,Q312556,Jeff Bezos,P1107,proportion,0.16
Q3884,Amazon,P127,owned by,Q3884-63bf39f3-49a0-9f63-6c28-21e0c07a2b40,Q849363,The Vanguard Group,P585,point in time,2019-02-25T00:00:00Z
Q3884,Amazon,P127,owned by,Q3884-63bf39f3-49a0-9f63-6c28-21e0c07a2b40,Q849363,The Vanguard Group,P1107,proportion,0.062
Q3884,Amazon,P169,chief executive officer,q3884-14dabe86-4362-333f-c73f-901cddfd2e0b,Q312556,Jeff Bezos,P580,start time,1996-05-01T00:00:00Z
Q3884,Amazon,P169,chief executive officer,q3884-14dabe86-4362-333f-c73f-901cddfd2e0b,Q312556,Jeff Bezos,P582,end time,2021-07-05T00:00:00Z
Q3884,Amazon,P169,chief executive officer,Q3884-c7051a0b-473a-d31d-2682-0c6db1eae5a7,Q41812531,Andy Jassy,P580,start time,2021-07-06T00:00:00Z
Q3884,Amazon,P1830,owner of,Q3884-01075B38-8061-4265-B756-F54A307D0E1B,Q2359213,Goodreads,,,
Q3884,Amazon,P1830,owner of,Q3884-017B00EC-0053-499E-97D7-D8BE1D8DF65B,Q48596158,Amazon Spheres,,,
Q3884,Amazon,P1830,owner of,Q3884-033F48DE-0275-4E1F-B744-8C92048144C3,Q7719162,Book Depository,,,
Q3884,Amazon,P1830,owner of,Q3884-08039338-F84F-42AA-81F6-5211B547DC40,Q24033137,.yamaxun,,,
Q3884,Amazon,P1830,owner of,Q3884-08DD4669-5723-42D3-8755-EDAB7A161A1D,Q22906322,Amazon Books,,,
Q3884,Amazon,P1830,owner of,Q3884-090CE425-9F05-4C1F-985A-641C121CA337,Q5275948,Digital Photography Review,,,
Q3884,Amazon,P1830,owner of,Q3884-0919575F-1731-4C62-952A-6D05A1EDA2D7,Q5151724,ComiXology,,,
Q3884,Amazon,P1830,owner of,Q3884-0CD772E0-AF9A-4124-9ABB-5CF52A9870D7,Q4740860,Q4740860,,,
Q3884,Amazon,P1830,owner of,Q3884-0DE4D51E-FBC1-4197-B54E-7C7A2A64E094,Q47011664,Treasure Truck,,,
Q3884,Amazon,P1830,owner of,Q3884-0e2ea9c3-4a1a-27ad-73c3-f507d1d230d2,Q85727717,One Medical,,,
Q3884,Amazon,P1830,owner of,Q3884-1852065d-4f68-a4a9-7f38-d1e67457d785,Q68576014,INLT,,,
Q3884,Amazon,P1830,owner of,Q3884-19C0D27B-C4E4-4477-B41F-E543DE7F85A1,Q6312959,junglee.com,,,
Q3884,Amazon,P1830,owner of,Q3884-2829d7d6-4a9d-44f3-a773-93e4af4b9d98,Q98081129,Twitch Interactive,,,
Q3884,Amazon,P1830,owner of,Q3884-39832AF6-463E-41FB-A94C-A166B70FBC75,Q456157,Amazon Web Services,,,
Q3884,Amazon,P1830,owner of,Q3884-3BFCA0A3-0678-4B2C-9990-0A784DED67D4,Q2593067,Amazon S3,,,
Q3884,Amazon,P1830,owner of,Q3884-495B2376-6203-48D8-A04A-98DDF2309A2A,Q25550681,.zappos,,,
Q3884,Amazon,P1830,owner of,Q3884-4B7EF639-CDC4-4D3E-8F5F-2D58D8B98055,Q7493603,Shelfari,,,
Q3884,Amazon,P1830,owner of,Q3884-4D0897CD-4AF9-4A3B-8EFF-E15D11EF9B44,Q4740857,Amazon S3 Glacier,,,
Q3884,Amazon,P1830,owner of,Q3884-4FE6C949-9E59-4E7F-A05C-BD5FCB7A2073,Q4807249,Askville,,,
Q3884,Amazon,P1830,owner of,Q3884-57E954E6-4713-4D3F-B3FB-8E40EB93AA96,Q2665841,Double Helix Games,,,
Q3884,Amazon,P1830,owner of,Q3884-6004b9b2-4320-d9bf-4718-5b4e8d19d53f,Q655286,Gates Foundation,,,
Q3884,Amazon,P1830,owner of,Q3884-62F12C78-B142-4FDE-8397-261C151520A8,Q318128,AbeBooks,,,
Q3884,Amazon,P1830,owner of,Q3884-6EAD48E0-6082-44E6-BAB5-06A1F45A73EC,Q4048134,Reflexive Entertainment,,,
Q3884,Amazon,P1830,owner of,Q3884-74219F56-77A1-4661-9A2E-4A22E4538A92,Q366651,"Audible, Inc.",,,
Q3884,Amazon,P1830,owner of,Q3884-76B2C47F-EB52-4B0D-9F30-E7B187EA16F9,Q4042525,Amazon Lab126,,,
Q3884,Amazon,P1830,owner of,Q3884-8EF2C02B-5CAD-4614-9E9A-2DCF66646D48,Q481464,LoveFilm,,,
Q3884,Amazon,P1830,owner of,Q3884-94BB6B11-0E00-4A91-A830-944F413870ED,Q2617469,.free,,,
Q3884,Amazon,P1830,owner of,Q3884-9C8877B5-3F78-44F9-AF98-CE343CB4A6F5,Q27676067,Amazon Go,,,
Q3884,Amazon,P1830,owner of,Q3884-9DCDD04B-14DD-4D0E-83CF-E5D5E9E414E9,Q5271745,Diapers.com,,,
Q3884,Amazon,P1830,owner of,Q3884-A57DB4D7-07D6-452C-8AB1-F52990A36BCF,Q1809448,Whole Foods Market,,,
Q3884,Amazon,P1830,owner of,Q3884-A75A0547-BD47-4295-9E1E-B96A42706FA5,Q21015906,Day 1,,,
Q3884,Amazon,P1830,owner of,Q3884-B201808B-0929-43CF-BA42-2B61DAA534CB,Q1663991,Woot,,,
Q3884,Amazon,P1830,owner of,Q3884-bf5d3ea4-4038-cc0f-5480-6609c2c8ed10,Q285161,iRobot,,,
Q3884,Amazon,P1830,owner of,Q3884-C35A08CF-819A-4A98-85A5-74D596FFA903,Q28129037,Q28129037,,,
Q3884,Amazon,P1830,owner of,Q3884-CF71BBAA-D577-4B89-9D85-3A51FAD6714C,Q1628791,Amazon CloudFront,,,
Q3884,Amazon,P1830,owner of,Q3884-D42A06B0-6094-4058-ACE9-977E7FAB819D,Q5376156,endless.com,,,
Q3884,Amazon,P1830,owner of,Q3884-dcdff53d-444c-1125-48f0-5c520bc7580c,Q100711695,eero,,,
Q3884,Amazon,P1830,owner of,Q3884-DF15A569-8B20-4145-8D0E-EA270905C73A,Q230051,Alexa Internet,,,
Q3884,Amazon,P1830,owner of,Q3884-ED63C62A-1F68-4649-BC8C-167F039F2335,Q136469,Q136469,,,
Q3884,Amazon,P1830,owner of,Q3884-EE42B1CE-0822-4FF0-AC78-6AD2FFED35F0,Q42323573,Amazon HQ2,,,
Q3884,Amazon,P1830,owner of,Q3884-F85A42C0-50BC-4074-A51B-E5AAB52F6D06,Q21015905,Amazon Tower I,,,
Q3884,Amazon,P355,child organization or unit,Q3884-E3D62E03-7DE2-4A86-811F-B3D9D5BE2076,Q456157,Amazon Web Services,P1107,proportion,1
Q3884,Amazon,P355,child organization or unit,Q3884-336359b3-418e-a4b7-44ec-7732213a89ab,Q21175463,Amazon Technologies,P1107,proportion,1
Q3884,Amazon,P355,child organization or unit,Q3884-8b388d10-448f-043d-eb91-c70df046cd45,Q2665841,Double Helix Games,P580,start time,2014-02-01T00:00:00Z
Q3884,Amazon,P355,child organization or unit,Q3884-95147AAB-F5D9-49AC-A1DB-367A933505EB,Q98081129,Twitch Interactive,P580,start time,2014-08-25T00:00:00Z
Q3884,Amazon,P355,child organization or unit,Q3884-0e9f4471-4c56-44ac-b8f4-4bee6517cfc7,Q223142,Box Office Mojo,,,
Q3884,Amazon,P355,child organization or unit,Q3884-1A2DB831-5C43-476D-8906-505690C876EC,Q147505,Zappos,,,
Q3884,Amazon,P355,child organization or unit,Q3884-1AE66734-55FA-4686-8692-9D9EF0DE641E,Q4740856,Amazon Prime Video,,,
Q3884,Amazon,P355,child organization or unit,Q3884-1f5a1df4-44ea-4071-c0f9-185eb4036670,Q30315155,Body Labs,,,
Q3884,Amazon,P355,child organization or unit,Q3884-220c31a0-41eb-4ee2-b18c-8c27df77189f,Q5297222,Ring,,,
Q3884,Amazon,P355,child organization or unit,Q3884-29cf488c-493f-3193-1c17-8bc4def22475,Q6418754,Amazon Robotics,,,
Q3884,Amazon,P355,child organization or unit,Q3884-3a0cf4fc-49c5-9473-4041-b52cfa52fe30,Q22688437,Souq.com,,,
Q3884,Amazon,P355,child organization or unit,Q3884-4805db4f-4dc5-9f1e-4ac9-882be1c70532,Q7719162,Book Depository,,,
Q3884,Amazon,P355,child organization or unit,Q3884-4f994de6-4c8d-6b9d-09ad-aea282fda4a9,Q366651,"Audible, Inc.",,,
Q3884,Amazon,P355,child organization or unit,Q3884-5a99b469-41f1-23c5-b449-a56a79b200cf,Q7581878,Sqrrl,,,
Q3884,Amazon,P355,child organization or unit,Q3884-655e8dfb-4c49-6bf5-18f2-f4505bec6688,Q22906322,Amazon Books,,,
Q3884,Amazon,P355,child organization or unit,Q3884-6777d392-4225-0ec0-566a-2cb5b3d02bd6,Q1809448,Whole Foods Market,,,
Q3884,Amazon,P355,child organization or unit,Q3884-86676f18-42f1-4c58-e830-b84e9884fdee,Q2359213,Goodreads,,,
Q3884,Amazon,P355,child organization or unit,Q3884-86897d3c-4ad4-37b4-8d90-de168ab9628b,Q4740865,Amazon Publishing,,,
Q3884,Amazon,P355,child organization or unit,Q3884-8B052F4E-6973-4A4D-9067-2677FB5D530E,Q5271745,Diapers.com,,,
Q3884,Amazon,P355,child organization or unit,Q3884-8d1b7f15-4cd4-ffba-36a6-a1db182615ec,Q5449851,Graphiq,,,
Q3884,Amazon,P355,child organization or unit,Q3884-90a4ed7f-4848-b1b4-6545-6c861c4b20d7,Q4043414,MGM Holdings,,,
Q3884,Amazon,P355,child organization or unit,Q3884-992f7dd1-42b1-fddd-8d88-a4c531cd50d5,Q5275948,Digital Photography Review,,,
Q3884,Amazon,P355,child organization or unit,Q3884-9E04FA2A-7F3A-4730-AFAC-3A152D4AEEA2,Q73136962,Amazon Czech Republic Services,,,
Q3884,Amazon,P355,child organization or unit,Q3884-9e70f85c-49d2-8c56-e642-6a68e77e3c2d,Q4740868,Amazon MGM Studios,,,
Q3884,Amazon,P355,child organization or unit,Q3884-A2E48F05-1D98-4D9E-BEB6-1FC98BE30CB8,Q46973305,"IMDb.com, Inc.",,,
Q3884,Amazon,P355,child organization or unit,Q3884-a622b023-4cb0-8730-6596-6df5e3e905fc,Q4042525,Amazon Lab126,,,
Q3884,Amazon,P355,child organization or unit,Q3884-a7b4bcec-497c-93db-57c5-b872bb7b50d9,Q28129037,Q28129037,,,
Q3884,Amazon,P355,child organization or unit,Q3884-b92185ea-48d8-3164-8e38-04d76fd54ac4,Q1663991,Woot,,,
Q3884,Amazon,P355,child organization or unit,Q3884-D65AE741-C623-4156-B1C1-60A0C2C05206,Q73136791,Amazon Europe Core,,,
Q3884,Amazon,P355,child organization or unit,Q3884-d951d53e-49da-e4eb-1ff4-8401338068f6,Q67937344,Amazon Logistics,,,
Q3884,Amazon,P355,child organization or unit,Q3884-EA5F6BA5-2880-46F3-81A9-FD0135428DC0,Q230051,Alexa Internet,,,
Q3884,Amazon,P355,child organization or unit,Q3884-EC8E993E-C9EB-45A7-A5B5-0D8FA88B96EE,Q58196054,Amazon Logistic Prague,,,
Q3884,Amazon,P355,child organization or unit,Q3884-f034730b-486f-6a14-20d5-29f816cc7c78,Q4740834,Amazon Fresh,,,
Q3884,Amazon,P355,child organization or unit,Q3884-f287e325-453c-b753-9d95-eb7594e7b555,Q101521965,Amazon University Esports,,,
Q3884,Amazon,P355,child organization or unit,Q3884-f7dd07f1-4b2b-20ff-5ac5-70976b45c34c,Q15279566,Amazon Prime Air,,,
Q3884,Amazon,P355,child organization or unit,Q3884-fde820d4-445c-a515-1121-a65362f3a27c,Q48732422,Amazon Air,,,
Q3884,Amazon,P355,child organization or unit,Q3884-FE88D0E3-0BEE-47C5-BFD5-1B4CBB2EB3FD,Q280457,A9.com,,,
Q3884,Amazon,P361,part of,Q3884-1ca5762a-40c8-e3c1-3238-fbe26099dc22,Q3122864,Big Tech,,,
Q3884,Amazon,P361,part of,Q3884-28CAB6B6-3246-4859-AFBB-CBAD289162B2,Q773026,Dow Jones Global Titans 50,,,
Q3884,Amazon,P361,part of,Q3884-550e43e7-4b0a-a8a2-a920-d10067592646,Q242345,S&P 500,,,
Q3884,Amazon,P361,part of,Q3884-5c7de94e-435d-c6d3-9141-7a5d49613bb4,Q507306,Nasdaq-100,,,
Q3884,Amazon,P361,part of,Q3884-e3399678-4eac-2962-6cff-56ef95426222,Q1546793,S&P 100,,,
Q3884,Amazon,P361,part of,Q3884-b9d41b80-41d2-dcdd-50f7-3a21b542bd83,Q134661623,list of companies involved in the Gaza war,,,
Q3884,Amazon,P361,part of,Q3884-E2BC5944-4D34-4168-9FAC-F678EF84724D,Q133989581,Silicon Six,,,
Q3884,Amazon,P361,part of,Q3884-3c72cbf8-488e-834d-9ae1-941df76fcf31,Q180816,Dow Jones Industrial Average,,,
Q3884,Amazon,P452,industry,Q3884-0ed8da5c-4d1a-5f98-2875-1da06d8e691e,Q193424,web service,,,
Q3884,Amazon,P452,industry,Q3884-279442a3-4dc3-dacc-985b-056dd1490474,Q126793,retail,,,
Q3884,Amazon,P452,industry,Q3884-ba56b300-4b32-6339-8c93-df99ed32d1ed,Q5892272,web hosting service,,,
Q3884,Amazon,P452,industry,Q3884-c16b3d5e-43c9-42fb-40ea-ef80c3d8bcae,Q484847,e-commerce,,,
Q306764,Abbott Laboratories,P169,chief executive officer,Q306764-34efaf41-4bec-0fa3-bd49-6b74a700aca7,Q281657,Miles D. White,P580,start time,1999-01-01T00:00:00Z
Q306764,Abbott Laboratories,P169,chief executive officer,Q306764-34efaf41-4bec-0fa3-bd49-6b74a700aca7,Q281657,Miles D. White,P582,end time,2020-01-01T00:00:00Z
Q306764,Abbott Laboratories,P169,chief executive officer,Q306764-756200ad-4c6d-ce7c-d6ca-088fe5f733a4,Q95569597,Robert B. Ford,P580,start time,2020-01-01T00:00:00Z
Q306764,Abbott Laboratories,P355,child organization or unit,Q306764-375EE88C-D249-4B88-A2F7-9272F8373B57,Q28974642,Abbott (Germany),,,
Q306764,Abbott Laboratories,P355,child organization or unit,Q306764-490E6389-8E0E-479D-83F3-3D1A57FB441A,Q28974641,Abbott (South Korea),,,
Q306764,Abbott Laboratories,P355,child organization or unit,Q306764-5C994AC5-6E50-4809-84B8-1458FBF0F18E,Q28974643,Abbott (United Kingdom),,,
Q306764,Abbott Laboratories,P355,child organization or unit,Q306764-7fcb35bd-4cff-a1d4-7467-0b1f788e0e32,Q104702270,Abbott Rapid Diagnostics Jena GmbH,,,
Q306764,Abbott Laboratories,P355,child organization or unit,Q306764-81315056-0E52-4639-9A50-0F2B8C574E90,Q28974637,Abbott Spain,,,
Q306764,Abbott Laboratories,P355,child organization or unit,Q306764-a4d797bb-4e6d-f52b-fc37-702377394729,Q55454561,Abbott (Chile),,,
Q306764,Abbott Laboratories,P355,child organization or unit,Q306764-BA1C30AC-C4C3-436A-9EEF-D87D1FB8540B,Q28974638,Abbott (Canada),,,
Q306764,Abbott Laboratories,P355,child organization or unit,Q306764-C7401776-A007-49FD-8A00-92A54E465D4A,Q11284799,Abbott Japan,,,
Q306764,Abbott Laboratories,P361,part of,Q306764-31c1bfe3-4ccd-9ca3-2a5c-1bed6d777e96,Q242345,S&P 500,,,
Q306764,Abbott Laboratories,P361,part of,Q306764-4994F8A8-D3C6-455F-B692-36D7698689A6,Q1546793,S&P 100,,,
Q306764,Abbott Laboratories,P452,industry,Q306764-36eac0e9-460f-118b-041c-5964d6adb174,Q63383285,medical technology industry,,,
Q12857502,Mondelez International,P1056,product or material produced,Q12857502-F50E55E1-6BAF-49C0-94EC-7E2E161931DA,Q941518,comfit,,,
Q12857502,Mondelez International,P127,owned by,Q12857502-2b7d725a-4a35-f7a4-a946-e0ecc0858162,Q505275,Capital Group Companies,P585,point in time,2019-11-28T00:00:00Z
Q12857502,Mondelez International,P127,owned by,Q12857502-2b7d725a-4a35-f7a4-a946-e0ecc0858162,Q505275,Capital Group Companies,P1107,proportion,0.033
Q12857502,Mondelez International,P127,owned by,Q12857502-4f6ebb5c-4891-b542-a593-6b48afe6616c,Q849363,The Vanguard Group,P585,point in time,2015-09-30T00:00:00Z
Q12857502,Mondelez International,P127,owned by,Q12857502-4f6ebb5c-4891-b542-a593-6b48afe6616c,Q849363,The Vanguard Group,P1107,proportion,0.0549
Q12857502,Mondelez International,P127,owned by,Q12857502-be47cc73-4478-af6d-f60f-07aa157f18df,Q28860712,Lindsell Train,P585,point in time,2019-11-28T00:00:00Z
Q12857502,Mondelez International,P127,owned by,Q12857502-be47cc73-4478-af6d-f60f-07aa157f18df,Q28860712,Lindsell Train,P1107,proportion,0.0224
Q12857502,Mondelez International,P169,chief executive officer,Q12857502-a410f9c7-463a-67c0-f110-d66157f3905a,Q2474757,Dirk Van de Put,P39,position held,Q140686
Q12857502,Mondelez International,P169,chief executive officer,Q12857502-a410f9c7-463a-67c0-f110-d66157f3905a,Q2474757,Dirk Van de Put,P39,position held,Q484876
Q12857502,Mondelez International,P169,chief executive officer,Q12857502-a410f9c7-463a-67c0-f110-d66157f3905a,Q2474757,Dirk Van de Put,P580,start time,2017-11-01T00:00:00Z
Q12857502,Mondelez International,P169,chief executive officer,Q12857502-a410f9c7-463a-67c0-f110-d66157f3905a,Q2474757,Dirk Van de Put,P580,start time,2018-04-01T00:00:00Z
Q12857502,Mondelez International,P355,child organization or unit,Q12857502-04C8B006-AA5B-4161-B6D4-9D487950D284,Q638523,Tassimo,,,
Q12857502,Mondelez International,P355,child organization or unit,Q12857502-468991A4-BA77-4C1A-9DE1-776F130BB162,Q29002343,Mondelēz International (Singapore),,,
Q12857502,Mondelez International,P355,child organization or unit,Q12857502-7EFEC79D-20AD-4692-A59A-BCF3C03167FB,Q2468046,Jacobs,,,
Q12857502,Mondelez International,P355,child organization or unit,Q12857502-84BA21D4-3901-4B97-9277-7AD5B17E750A,Q2932616,Cadbury France,,,
Q12857502,Mondelez International,P355,child organization or unit,Q12857502-8a80819f-4c14-2e3f-73de-7c4326f2c37e,Q124624628,Honey Maid,,,
Q12857502,Mondelez International,P355,child organization or unit,Q12857502-91C111F7-6FB1-4F5C-9B81-4B637400A2DE,Q29002342,Mondelēz International (United Kingdom),,,
Q12857502,Mondelez International,P355,child organization or unit,Q12857502-95c6801b-4ae1-5dc5-284d-837cefe1e348,Q1545718,Nabisco,,,
Q12857502,Mondelez International,P355,child organization or unit,Q12857502-986de33a-4162-fb5c-1b61-dc1d4e68ff14,Q62098652,Mondelez France SAS,,,
Q12857502,Mondelez International,P355,child organization or unit,Q12857502-B93DEE51-FB9E-4B06-A9FA-533148D8DAA9,Q29002344,Mondelēz International (Canada),,,
Q12857502,Mondelez International,P355,child organization or unit,Q12857502-C5446384-6DBC-475E-8B6A-D2F8ED42A7F7,Q2376804,Chocolat Poulain,,,
Q12857502,Mondelez International,P355,child organization or unit,Q12857502-CA5A203C-701D-4D43-8B61-F5A9FE6931A7,Q779511,Lefèvre-Utile,,,
Q12857502,Mondelez International,P355,child organization or unit,Q12857502-DC106D69-1474-4F2D-9FF1-25FC22EAF12C,Q1453800,Freia,,,
Q12857502,Mondelez International,P355,child organization or unit,Q12857502-F2F71C5A-8066-4321-A15A-6F44224630DB,Q6677525,Cadbury,,,
Q12857502,Mondelez International,P355,child organization or unit,Q12857502-F8708F43-2C8A-43DF-9D03-E1C9DBBB7B22,Q30343760,Mondelēz International (Germany),,,
Q12857502,Mondelez International,P361,part of,Q12857502-EF364EDE-E41C-4330-9D2E-7B77E048C9D5,Q507306,Nasdaq-100,P585,point in time,2026-03-01T00:00:00Z
Q12857502,Mondelez International,P361,part of,Q12857502-7C72238C-D24F-4451-9581-09E859726D7F,Q242345,S&P 500,,,
Q12857502,Mondelez International,P361,part of,Q12857502-fa6d5e5d-4816-8fc5-068c-4e84555ca21e,Q4905444,Big Chocolate,,,
Q12857502,Mondelez International,P361,part of,Q12857502-764EFDDF-C66D-47FF-9EA6-3990C9732166,Q1546793,S&P 100,,,
Q12857502,Mondelez International,P452,industry,Q12857502-1340fc62-4100-d918-12fa-c6d37a8b209b,Q540912,food industry,,,
Q483551,Q483551,P1056,product or material produced,Q483551-3189E3FB-7B3B-4F53-8162-B35B6B681247,Q180846,supermarket,,,
Q483551,Q483551,P127,owned by,Q483551-16a2b40e-4ec5-42a1-2181-7d859f191e76,Q849363,The Vanguard Group,P1107,proportion,0.0451
Q483551,Q483551,P127,owned by,Q483551-4bb179af-4810-0239-f7df-4cfe46314abd,Q2037125,State Street Corporation,P1107,proportion,0.0215
Q483551,Q483551,P127,owned by,Q483551-88de2cbe-46bd-32e9-3e30-807af2de7994,Q219635,BlackRock,P1107,proportion,0.0304
Q483551,Q483551,P127,owned by,Q483551-f81971e3-40c1-89a8-7b4b-d55156d638fc,Q17343056,Walton Enterprises,P1107,proportion,0.4795
Q483551,Q483551,P169,chief executive officer,Q483551-0d9996d8-490e-c20a-c047-45fd8a753378,Q1933118,Mike Duke,P580,start time,2009-01-01T00:00:00Z
Q483551,Q483551,P169,chief executive officer,Q483551-0d9996d8-490e-c20a-c047-45fd8a753378,Q1933118,Mike Duke,P582,end time,2014-01-01T00:00:00Z
Q483551,Q483551,P169,chief executive officer,Q483551-6b177a0b-420d-d7a6-bacc-1494ede9293b,Q5234167,David Glass,P580,start time,1988-01-01T00:00:00Z
Q483551,Q483551,P169,chief executive officer,Q483551-6b177a0b-420d-d7a6-bacc-1494ede9293b,Q5234167,David Glass,P582,end time,2000-01-01T00:00:00Z
Q483551,Q483551,P169,chief executive officer,Q483551-89fb45b8-4bf2-07a8-c9fb-f8c55911e315,Q16196595,Doug McMillon,P580,start time,2014-01-01T00:00:00Z
Q483551,Q483551,P169,chief executive officer,Q483551-89fb45b8-4bf2-07a8-c9fb-f8c55911e315,Q16196595,Doug McMillon,P7452,reason for preferred rank,Q71536244
Q483551,Q483551,P169,chief executive officer,Q483551-ac31e02b-4594-91f4-51a8-46c363e0c4e7,Q478758,Lee Scott,P580,start time,2000-01-01T00:00:00Z
Q483551,Q483551,P169,chief executive officer,Q483551-ac31e02b-4594-91f4-51a8-46c363e0c4e7,Q478758,Lee Scott,P582,end time,2009-01-01T00:00:00Z
Q483551,Q483551,P169,chief executive officer,Q483551-e763e8c8-4479-e4aa-ba83-97537a13c6e3,Q497827,Sam Walton,P580,start time,1962-01-01T00:00:00Z
Q483551,Q483551,P169,chief executive officer,Q483551-e763e8c8-4479-e4aa-ba83-97537a13c6e3,Q497827,Sam Walton,P582,end time,1988-01-01T00:00:00Z
Q483551,Q483551,P1830,owner of,Q483551-F86A944A-112F-4CF5-BCD3-F777827FBBEA,Q3108542,Seiyu Group,P582,end time,2009-02-01T00:00:00Z
Q483551,Q483551,P1830,owner of,Q483551-F86A944A-112F-4CF5-BCD3-F777827FBBEA,Q3108542,Seiyu Group,P1107,proportion,1
Q483551,Q483551,P1830,owner of,Q483551-fa3e1976-46d3-e38e-5f8a-8110ed6f2659,Q118314236,Seiyu Holdings Co.,P580,start time,2021-03-01T00:00:00Z
Q483551,Q483551,P1830,owner of,Q483551-fa3e1976-46d3-e38e-5f8a-8110ed6f2659,Q118314236,Seiyu Holdings Co.,P1107,proportion,0.15
Q483551,Q483551,P1830,owner of,Q483551-25D28010-EF4F-45EB-AA20-333C1288BC7A,Q26972795,.samsclub,,,
Q483551,Q483551,P1830,owner of,Q483551-319A66EB-C297-43A8-B603-A5168AFE2AA0,Q1972120,Sam's Club,,,
Q483551,Q483551,P1830,owner of,Q483551-342AAF03-1D2A-4F33-A3B0-5FC5600E5921,Q3365858,Bodega Aurrera,,,
Q483551,Q483551,P1830,owner of,Q483551-35C1D471-54C1-45D7-8079-74DC8EE46A85,Q5687056,Hayneedle,,,
Q483551,Q483551,P1830,owner of,Q483551-553F63D0-3BAC-45D7-9AA2-46418D13424B,Q46438789,Shoes.com,,,
Q483551,Q483551,P1830,owner of,Q483551-57D87B9E-7BF3-4C58-AB38-CAE5C74A7B6D,Q4804093,Asda Mobile,,,
Q483551,Q483551,P1830,owner of,Q483551-7BC77F75-2EC0-4D81-A82F-6F6B3EC8ACCE,Q22079907,Jet.com,,,
Q483551,Q483551,P1830,owner of,Q483551-7D16396D-8528-4372-BA09-FBB4FDFDA2B8,Q4940907,BIG Bompreço,,,
Q483551,Q483551,P1830,owner of,Q483551-9247A462-ED08-4862-AB2E-236ABBE01176,Q10382887,TodoDia,,,
Q483551,Q483551,P1830,owner of,Q483551-D60F3FB4-7C1F-4038-91A0-85E5A9A9C1A9,Q26911051,.george,,,
Q483551,Q483551,P1830,owner of,Q483551-F9772DC4-4A10-4E37-ACED-A04DE55AF312,Q10328812,Mercadorama,,,
Q483551,Q483551,P355,child organization or unit,Q483551-05f7185e-4c28-a5d6-98de-719cfdaf99f0,Q1645718,Walmart Canada,P1107,proportion,1
Q483551,Q483551,P355,child organization or unit,Q483551-5b09c92d-4afa-b85f-6e65-1db94e650291,Q297410,Asda,P1107,proportion,1
Q483551,Q483551,P355,child organization or unit,Q483551-750809af-4f98-3120-eaab-8dada65b56f5,Q1064887,Walmart de México y Centroamérica,P1107,proportion,0.71
Q483551,Q483551,P355,child organization or unit,Q483551-87411199-4595-0d8a-cea7-dad4225f2393,Q5283104,Q5283104,P1107,proportion,1
Q483551,Q483551,P355,child organization or unit,Q483551-c78d82c6-4428-66f8-99ad-3f7ecdf9da1d,Q118314236,Seiyu Holdings Co.,P580,start time,2009-03-01T00:00:00Z
Q483551,Q483551,P355,child organization or unit,Q483551-c78d82c6-4428-66f8-99ad-3f7ecdf9da1d,Q118314236,Seiyu Holdings Co.,P8554,earliest end date,2021-03-01T00:00:00Z
Q483551,Q483551,P355,child organization or unit,Q483551-cfde6606-46db-6c9c-fa5c-ba536651313f,Q3297791,Massmart,P1107,proportion,0.51
Q483551,Q483551,P355,child organization or unit,Q483551-ee14bc9b-4fda-30ec-28f5-c41ed0a0a1e7,Q1972120,Sam's Club,P1107,proportion,1
Q483551,Q483551,P355,child organization or unit,Q483551-0EA45F86-95A4-4A87-A76E-90D933985E8E,Q3816562,Walmart Labs,,,
Q483551,Q483551,P355,child organization or unit,Q483551-2daa3d72-4be8-e317-ac68-f189d0e4e45d,Q1381966,Flipkart,,,
Q483551,Q483551,P355,child organization or unit,Q483551-2dee39f8-4e9a-9c26-04c9-e63ffa182ec6,Q22121904,Walmart Nicaragua,,,
Q483551,Q483551,P355,child organization or unit,Q483551-38CA09AF-733D-452B-8E13-465C6C57FF24,Q30338489,Walmart UK,,,
Q483551,Q483551,P355,child organization or unit,Q483551-5538CDFB-EE10-4447-AD4F-23FDE955620A,Q6949810,Más Club,,,
Q483551,Q483551,P355,child organization or unit,Q483551-7229EABB-C1B5-400B-B1A9-FC90F8505C4A,Q6770960,Marketside,,,
Q483551,Q483551,P355,child organization or unit,Q483551-7597ddb5-413b-6601-fdce-600ef872c752,Q3108542,Seiyu Group,,,
Q483551,Q483551,P355,child organization or unit,Q483551-7AC74CFB-D179-4D6B-B95D-6D1D2A7BAAD7,Q4804093,Asda Mobile,,,
Q483551,Q483551,P355,child organization or unit,Q483551-8BA918DA-7C4F-4B04-BBFB-6D301520979D,Q16845747,Hypermart USA,,,
Q483551,Q483551,P355,child organization or unit,Q483551-91DF7E10-A244-46C0-952D-5601D6D2A73B,Q4746234,Amigo Supermarkets,,,
Q483551,Q483551,P355,child organization or unit,Q483551-C06B3AD8-887C-4DFB-BD8B-AB134B063D2F,Q7963529,Walmart Neighborhood Market,,,
Q483551,Q483551,P355,child organization or unit,Q483551-CE508C2C-9D0C-44DD-B7A0-5FEEFD406B8C,Q6711261,Lider,,,
Q483551,Q483551,P355,child organization or unit,Q483551-e3dec87f-4821-b6d8-3ebb-4a9dc9fd3b2f,Q22079907,Jet.com,,,
Q483551,Q483551,P355,child organization or unit,Q483551-FE0CABCD-9DBF-405B-AE22-92ECE92FDB7C,Q5371838,Fandango,,,
Q483551,Q483551,P355,child organization or unit,Q483551-BB800EE5-A003-408F-AA2B-0EBF7718EA78,Q140482254,Walmart Energy,,,
Q483551,Q483551,P361,part of,Q483551-6D70F42E-47B0-451B-87C5-A67EB918D685,Q773026,Dow Jones Global Titans 50,,,
Q483551,Q483551,P361,part of,Q483551-b7e4343c-4fe7-94f8-079b-398b3e620476,Q242345,S&P 500,,,
Q483551,Q483551,P361,part of,Q483551-f2d707a2-40c3-8121-e1d2-8f88e3be0e84,Q180816,Dow Jones Industrial Average,,,
Q483551,Q483551,P361,part of,Q483551-DE3C1E01-8746-4269-9CDC-F0093858E9E1,Q1546793,S&P 100,,,
Q483551,Q483551,P361,part of,Q483551-AA8ED601-3E14-42F5-9A08-112478298E43,Q507306,Nasdaq-100,,,
Q483551,Q483551,P452,industry,Q483551-121da878-479d-ca65-27f9-edea0e4773d9,Q16766413,big-box store,,,
Q483551,Q483551,P452,industry,Q483551-731CCECE-66E6-4B0B-97F9-4FF5C66D4EE4,Q126793,retail,,,
Q483551,Q483551,P452,industry,Q483551-97e66603-4c2c-2872-c3cf-bc356cf675be,Q220695,wholesale,,,
Q483551,Q483551,P452,industry,Q483551-994626f4-48c8-b480-f29d-ece9d3b91556,Q507619,retail chain,,,
Q194360,American Express,P127,owned by,Q194360-fb68a60f-4056-58cb-fb84-4d7bb6e1591c,Q217583,Berkshire Hathaway,P585,point in time,2025-03-03T00:00:00Z
Q194360,American Express,P127,owned by,Q194360-fb68a60f-4056-58cb-fb84-4d7bb6e1591c,Q217583,Berkshire Hathaway,P1107,proportion,0.216
Q194360,American Express,P127,owned by,Q194360-e7786a87-491f-09e8-1fb5-d47396716fbf,Q849363,The Vanguard Group,P585,point in time,2025-03-03T00:00:00Z
Q194360,American Express,P127,owned by,Q194360-e7786a87-491f-09e8-1fb5-d47396716fbf,Q849363,The Vanguard Group,P1107,proportion,0.067
Q194360,American Express,P127,owned by,Q194360-a547db62-44b4-d791-9d02-d24480313aed,Q219635,BlackRock,P585,point in time,2025-03-03T00:00:00Z
Q194360,American Express,P127,owned by,Q194360-a547db62-44b4-d791-9d02-d24480313aed,Q219635,BlackRock,P1107,proportion,0.063
Q194360,American Express,P169,chief executive officer,Q194360-8703356b-4e0d-15af-c978-55c3fd4d9b3e,Q52272598,Stephen Squeri,P580,start time,2018-01-01T00:00:00Z
Q194360,American Express,P169,chief executive officer,Q194360-b50dc4dc-437b-1a68-6c08-717ec5318a87,Q5677222,Harvey Golub,P580,start time,1993-01-01T00:00:00Z
Q194360,American Express,P169,chief executive officer,Q194360-b50dc4dc-437b-1a68-6c08-717ec5318a87,Q5677222,Harvey Golub,P582,end time,2001-01-01T00:00:00Z
Q194360,American Express,P1830,owner of,Q194360-487B93E1-6267-413F-B7A1-31ED17B1EF2C,Q4745959,Amex House,,,
Q194360,American Express,P1830,owner of,Q194360-D3F815D6-5389-442F-A36D-2C0F5CB2F283,Q2074091,200 Vesey Street,,,
Q194360,American Express,P361,part of,Q194360-128f9451-4a23-5ad9-2cfd-c65e94a82e12,Q242345,S&P 500,,,
Q194360,American Express,P361,part of,Q194360-c161dab9-4e2a-7e77-8e87-1c613b9a6da3,Q1546793,S&P 100,,,
Q194360,American Express,P361,part of,Q194360-D7A27F02-4113-4F39-94CE-2F2E4CAC768F,Q180816,Dow Jones Industrial Average,,,
Q194360,American Express,P452,industry,Q194360-292CD0AF-A809-4AB5-9F18-55560A765838,Q29584334,"financial service activities, except insurance and pension funding",,,
Q194360,American Express,P452,industry,Q194360-4034eaa2-4e74-dbb3-244f-e8319bb00e6d,Q837171,financial services,,,
Q194360,American Express,P452,industry,Q194360-d112c670-40e0-0ca3-c132-e4d490e25003,Q3043893,payment card industry,,,
Q744149,Wells Fargo,P1056,product or material produced,Q744149-ACF88EA5-E6F3-4747-82CD-C2AC8287AF7B,Q1586573,insurance contract,,,
Q744149,Wells Fargo,P127,owned by,Q744149-2b3cf7b4-4d06-bea5-10b5-0642af073373,Q219635,BlackRock,P585,point in time,2014-12-31T00:00:00Z
Q744149,Wells Fargo,P127,owned by,Q744149-2b3cf7b4-4d06-bea5-10b5-0642af073373,Q219635,BlackRock,P1107,proportion,0.056
Q744149,Wells Fargo,P127,owned by,Q744149-2f31c0dd-47f7-7ea6-8b84-9c5685f47b25,Q217583,Berkshire Hathaway,P585,point in time,2014-12-31T00:00:00Z
Q744149,Wells Fargo,P127,owned by,Q744149-2f31c0dd-47f7-7ea6-8b84-9c5685f47b25,Q217583,Berkshire Hathaway,P1107,proportion,0.095
Q744149,Wells Fargo,P127,owned by,Q744149-dd3efe46-4b0f-68c7-c867-0894241a490d,Q849363,The Vanguard Group,P585,point in time,2014-12-31T00:00:00Z
Q744149,Wells Fargo,P127,owned by,Q744149-dd3efe46-4b0f-68c7-c867-0894241a490d,Q849363,The Vanguard Group,P1107,proportion,0.052
Q744149,Wells Fargo,P169,chief executive officer,q744149-99f03dd6-4761-267e-4f72-82efecf4a36f,Q18386868,Charlie Scharf,,,
Q744149,Wells Fargo,P1830,owner of,Q744149-120CEA91-7640-499B-A4A5-7DE3F5494A00,Q7797911,Three Wells Fargo Center,,,
Q744149,Wells Fargo,P1830,owner of,Q744149-5CC88B98-EB54-4D55-BC92-233C72350FF3,Q3041087,Duke Energy Center,,,
Q744149,Wells Fargo,P1830,owner of,Q744149-93FCE81D-BCCC-4951-B019-8F7CD46FA3BA,Q7958765,Wells Fargo Tower,,,
Q744149,Wells Fargo,P1830,owner of,Q744149-A01A5FAB-4C20-4DAD-AFE8-CB38E413DF15,Q57767,Wells Fargo Plaza,,,
Q744149,Wells Fargo,P1830,owner of,Q744149-A1E8AC46-4A00-4E01-9782-39772BF9850C,Q7981650,Wells Fargo Building,,,
Q744149,Wells Fargo,P1830,owner of,Q744149-D70472AD-D6B9-48CF-ACA0-58EF7985D249,Q1749785,Southeast Financial Center,,,
Q744149,Wells Fargo,P1830,owner of,Q744149-EDD9E2DF-0E7D-4374-8295-C2F4A9A38BBF,Q1415262,Wachovia,,,
Q744149,Wells Fargo,P355,child organization or unit,Q744149-398E23D2-D7BD-4DF0-A1AF-E89105BEB674,Q1415262,Wachovia,P580,start time,2008-12-31T00:00:00Z
Q744149,Wells Fargo,P355,child organization or unit,Q744149-ad7b5ee8-4493-88b9-2383-538d00c704c6,Q108933753,Wells Fargo Private Bank,,,
Q744149,Wells Fargo,P355,child organization or unit,Q744149-decf85a6-4090-edb2-84a9-645239e74838,Q7981643,Wells Fargo Advisors,,,
Q744149,Wells Fargo,P361,part of,Q744149-38C7BCAE-2897-42DD-9E2A-1560DF7CF546,Q242345,S&P 500,,,
Q744149,Wells Fargo,P361,part of,Q744149-8AC4387E-D484-48EF-9034-CC09601CD34F,Q1546793,S&P 100,,,
Q744149,Wells Fargo,P452,industry,Q744149-32e5c8b2-40c5-2999-14b4-0336221060e2,Q57774188,financial sector,,,
Q744149,Wells Fargo,P452,industry,Q744149-8e6a3bac-46c0-3cec-2373-ec87ccc68dfc,Q806718,economics of banking,,,
Q744149,Wells Fargo,P452,industry,Q744149-a845e0cc-4fc1-761a-ee39-589e81a7d98d,Q837171,financial services,,,
Q7455653,ServiceNow,P361,part of,Q7455653-E4AE3222-05A8-40FA-AE25-5D490F440934,Q242345,S&P 500,P580,start time,2019-11-21T00:00:00Z
Q7455653,ServiceNow,P361,part of,Q7455653-CC8998E0-A392-47BB-A0A4-0963D914AF0D,Q1546793,S&P 100,,,
Q7455653,ServiceNow,P452,industry,Q7455653-0258D0FC-9F73-4A37-9937-9429B72D1AA6,Q1318054,enterprise software,,,
Q193412,Texas Instruments,P127,owned by,Q193412-c04fbb0d-4cd3-924d-4da3-678a02d46b5c,Q849363,The Vanguard Group,P585,point in time,2025-02-20T00:00:00Z
Q193412,Texas Instruments,P127,owned by,Q193412-c04fbb0d-4cd3-924d-4da3-678a02d46b5c,Q849363,The Vanguard Group,P1107,proportion,0.1004
Q193412,Texas Instruments,P127,owned by,Q193412-790e02ea-463b-8e02-2c09-157981732c88,Q219635,BlackRock,P585,point in time,2025-02-20T00:00:00Z
Q193412,Texas Instruments,P127,owned by,Q193412-790e02ea-463b-8e02-2c09-157981732c88,Q219635,BlackRock,P1107,proportion,0.085
Q193412,Texas Instruments,P1830,owner of,Q193412-82A375AF-F61E-4104-A26B-54A082465BC7,Q432492,National Semiconductor,,,
Q193412,Texas Instruments,P355,child organization or unit,Q193412-371fa358-4a06-9386-ee19-c6b9bd713f25,Q432492,National Semiconductor,P580,start time,2009-01-01T00:00:00Z
Q193412,Texas Instruments,P355,child organization or unit,Q193412-788970af-4180-565f-d8f3-90b658a9cdce,Q5101586,Chipcon,P580,start time,2006-01-01T00:00:00Z
Q193412,Texas Instruments,P355,child organization or unit,Q193412-d3ebbe30-4b4d-28f8-38fd-75f07fc9e712,Q5000308,Burr-Brown Corporation,P580,start time,2000-01-01T00:00:00Z
Q193412,Texas Instruments,P355,child organization or unit,Q193412-d7a49289-4dd3-2b91-ee24-1ba871d022b6,Q6703265,Luminary Micro,P580,start time,2009-01-01T00:00:00Z
Q193412,Texas Instruments,P355,child organization or unit,Q193412-029E6CE3-BF2B-4554-86AC-486F47BA56A7,Q30338289,Texas Instruments (Norway),,,
Q193412,Texas Instruments,P355,child organization or unit,Q193412-68B9B9FB-E9F0-4BF5-941E-66AA163D9C2C,Q30338290,Texas Instruments (Germany),,,
Q193412,Texas Instruments,P355,child organization or unit,Q193412-73936F08-E7F0-4FEC-8F1E-2EA00891E65E,Q30274072,Texas Instruments (Switzerland),,,
Q193412,Texas Instruments,P355,child organization or unit,Q193412-B284DB81-8184-40C4-8710-2480569EE1E3,Q30343793,Texas Instruments (Netherlands),,,
Q193412,Texas Instruments,P355,child organization or unit,Q193412-B525CE02-0881-483B-A17B-3D34A4BA269E,Q30343791,Texas Instruments (France),,,
Q193412,Texas Instruments,P355,child organization or unit,Q193412-D5F34A47-3409-4C80-B17E-869CD3B185FA,Q30338291,Texas Instruments (Japan),,,
Q193412,Texas Instruments,P355,child organization or unit,Q193412-DD2D01A7-F220-46EA-98AC-C8F02484949C,Q29002327,Texas Instruments (Ireland),,,
Q193412,Texas Instruments,P361,part of,Q193412-8e21bff9-4d99-63eb-d5b2-5d0b97a3b478,Q1546793,S&P 100,,,
Q193412,Texas Instruments,P361,part of,Q193412-b1779454-4201-5f30-706d-04517aa614a7,Q242345,S&P 500,,,
Q193412,Texas Instruments,P361,part of,Q193412-cb65bd17-477b-8dd4-e4e2-f67d4637ef3b,Q507306,Nasdaq-100,,,
Q193412,Texas Instruments,P452,industry,Q193412-7a935ddc-4fdf-0447-18a1-da501fed5830,Q31087,calculator,,,
Q193412,Texas Instruments,P452,industry,Q193412-80b4065a-4a04-8616-de26-6421b988e563,Q11650,electronics,,,
Q193412,Texas Instruments,P452,industry,Q193412-9551e284-4880-015d-264b-cfa8ef9a7ecd,Q2986369,semiconductor industry,,,
Q116452644,"Netflix, Inc.",P1056,product or material produced,Q116452644-52f49726-4175-0a2c-da6b-a7da6884b4d9,Q116452597,FAST Speed Test,,,
Q116452644,"Netflix, Inc.",P1056,product or material produced,Q116452644-6fba1a21-4d28-09c7-4968-d756353dc3b3,Q907311,Netflix,,,
Q116452644,"Netflix, Inc.",P1056,product or material produced,Q116452644-b3fa6356-46ce-9079-535f-499493d4f898,Q100741960,FAST.com,,,
Q116452644,"Netflix, Inc.",P127,owned by,Q116452644-0A7A3435-43D5-48AB-82C4-B5E99F372014,Q219635,BlackRock,P585,point in time,2016-04-11T00:00:00Z
Q116452644,"Netflix, Inc.",P127,owned by,Q116452644-0A7A3435-43D5-48AB-82C4-B5E99F372014,Q219635,BlackRock,P1107,proportion,0.0571
Q116452644,"Netflix, Inc.",P127,owned by,Q116452644-1142F291-FBD6-44D1-A134-B3631D3C57BC,Q505275,Capital Group Companies,P585,point in time,2016-04-11T00:00:00Z
Q116452644,"Netflix, Inc.",P127,owned by,Q116452644-1142F291-FBD6-44D1-A134-B3631D3C57BC,Q505275,Capital Group Companies,P1107,proportion,0.0808
Q116452644,"Netflix, Inc.",P127,owned by,Q116452644-49E831DD-E4EC-4BBF-AA0E-213DC69C03D5,Q334204,Morgan Stanley,P585,point in time,2016-04-11T00:00:00Z
Q116452644,"Netflix, Inc.",P127,owned by,Q116452644-49E831DD-E4EC-4BBF-AA0E-213DC69C03D5,Q334204,Morgan Stanley,P1107,proportion,0.0534
Q116452644,"Netflix, Inc.",P127,owned by,Q116452644-4CED33E2-EB5D-4B60-B9A3-967B8F2034EA,Q849363,The Vanguard Group,P585,point in time,2021-04-08T00:00:00Z
Q116452644,"Netflix, Inc.",P127,owned by,Q116452644-4CED33E2-EB5D-4B60-B9A3-967B8F2034EA,Q849363,The Vanguard Group,P1107,proportion,7.49
Q116452644,"Netflix, Inc.",P127,owned by,Q116452644-86F2521D-0F0B-446A-8A32-18346E001CDF,Q7306657,Reed Hastings,P585,point in time,2016-04-11T00:00:00Z
Q116452644,"Netflix, Inc.",P127,owned by,Q116452644-86F2521D-0F0B-446A-8A32-18346E001CDF,Q7306657,Reed Hastings,P1107,proportion,0.0294
Q116452644,"Netflix, Inc.",P127,owned by,Q116452644-A2CFF647-51FF-4486-9ADD-CA27ABD9A8BF,Q219635,BlackRock,P585,point in time,2021-04-08T00:00:00Z
Q116452644,"Netflix, Inc.",P127,owned by,Q116452644-A2CFF647-51FF-4486-9ADD-CA27ABD9A8BF,Q219635,BlackRock,P1107,proportion,6.48
Q116452644,"Netflix, Inc.",P127,owned by,Q116452644-C5B04756-88EF-4AA1-BFFC-A743604AA788,Q85750542,Capital Research Global Investors,P585,point in time,2021-04-08T00:00:00Z
Q116452644,"Netflix, Inc.",P127,owned by,Q116452644-C5B04756-88EF-4AA1-BFFC-A743604AA788,Q85750542,Capital Research Global Investors,P1107,proportion,6.82
Q116452644,"Netflix, Inc.",P127,owned by,Q116452644-DB979919-5924-4A97-B4A5-A1F0AEAD3767,Q849363,The Vanguard Group,P585,point in time,2016-04-11T00:00:00Z
Q116452644,"Netflix, Inc.",P127,owned by,Q116452644-DB979919-5924-4A97-B4A5-A1F0AEAD3767,Q849363,The Vanguard Group,P1107,proportion,0.0557
Q116452644,"Netflix, Inc.",P169,chief executive officer,Q116452644-17BE93F4-EB6B-4433-BBE4-14DAFEA80158,Q7306657,Reed Hastings,P580,start time,1998-09-01T00:00:00Z
Q116452644,"Netflix, Inc.",P169,chief executive officer,Q116452644-17BE93F4-EB6B-4433-BBE4-14DAFEA80158,Q7306657,Reed Hastings,P582,end time,2023-01-13T00:00:00Z
Q116452644,"Netflix, Inc.",P169,chief executive officer,Q116452644-7597ACF7-7D21-4091-A19B-AE6326DFEE63,Q19661212,Ted Sarandos,P580,start time,2020-07-14T00:00:00Z
Q116452644,"Netflix, Inc.",P355,child organization or unit,Q116452644-0bcff72c-4d5c-85f4-332f-873abbf5c97b,Q133672732,Netflix Norway,,,
Q116452644,"Netflix, Inc.",P355,child organization or unit,Q116452644-170D673A-A07E-4BCE-84BA-23C34E95AEA1,Q16578556,Millarworld,,,
Q116452644,"Netflix, Inc.",P355,child organization or unit,Q116452644-36ff8747-4a21-8b23-31e0-9e8f65e53daa,Q133686488,Netflix Iceland,,,
Q116452644,"Netflix, Inc.",P355,child organization or unit,Q116452644-4A9254A0-9C77-45ED-AD91-D73264B86C08,Q16981507,StoryBots,,,
Q116452644,"Netflix, Inc.",P355,child organization or unit,Q116452644-4CCB4A08-8C5D-4CDF-AD45-3B3B85413AB5,Q104414180,Netflix Animation Studios,,,
Q116452644,"Netflix, Inc.",P355,child organization or unit,Q116452644-73055943-4e02-df3d-9718-49818468528a,Q133678555,Netflix Denmark,,,
Q116452644,"Netflix, Inc.",P355,child organization or unit,Q116452644-7626f36e-4a32-dd02-26cd-3c312c7119ad,Q116452781,Netflix Holdings UK Limited,,,
Q116452644,"Netflix, Inc.",P355,child organization or unit,Q116452644-AC66F851-3C39-4A40-B7A3-CCFEB20FA514,Q116908492,Netflix Studios,,,
Q116452644,"Netflix, Inc.",P355,child organization or unit,Q116452644-b5238123-4b4f-6072-e471-0d56609781e5,Q133673753,Netflix Finland,,,
Q116452644,"Netflix, Inc.",P355,child organization or unit,Q116452644-beeed146-44ad-2ac4-7898-aa3b258a6314,Q124253051,Netflix G.K.,,,
Q116452644,"Netflix, Inc.",P355,child organization or unit,Q116452644-CCBE1E2A-3661-4FD3-AFBD-6DDE9FF0DC1F,Q85740583,Albuquerque Studios,,,
Q116452644,"Netflix, Inc.",P355,child organization or unit,Q116452644-d0a8f93f-4377-0b09-4dcd-4aab426942da,Q111633420,Netflix Russia,,,
Q116452644,"Netflix, Inc.",P355,child organization or unit,Q116452644-dc0dae01-4c01-758d-0b42-1cca76f88331,Q116452767,Netflix International B.V.,,,
Q116452644,"Netflix, Inc.",P355,child organization or unit,Q116452644-f350a614-4d00-bf9a-a921-2756334c3abf,Q111633432,Netflix Sweden,,,
Q116452644,"Netflix, Inc.",P355,child organization or unit,Q116452644-1dbd2224-4c04-51af-e5b9-259770d5b976,Q140007291,Netflix Australia Pty Ltd,,,
Q116452644,"Netflix, Inc.",P361,part of,Q116452644-015dd04b-40ba-53cc-d38d-c721f4ec69c7,Q1546793,S&P 100,,,
Q116452644,"Netflix, Inc.",P361,part of,Q116452644-5ab180bf-4c5b-8cd7-ea34-4aefde087e3b,Q507306,Nasdaq-100,,,
Q116452644,"Netflix, Inc.",P452,industry,Q116452644-262B2E94-9C3D-43DE-BBA8-71CACBB85E7F,Q1415356,film distribution,,,
Q116452644,"Netflix, Inc.",P452,industry,Q116452644-5713605A-6FAE-404B-BEBC-9E5A1DB6A68F,Q2024501,DVD-by-mail,,,
Q116452644,"Netflix, Inc.",P452,industry,Q116452644-6A14B784-956C-4660-8BE4-D52AFC9B6464,Q220499,streaming media,,,
Q116452644,"Netflix, Inc.",P452,industry,Q116452644-E668B2DF-00EC-48B3-82E1-60B5342823AF,Q932586,film production,,,
Q116452644,"Netflix, Inc.",P452,industry,Q116452644-FFBB697B-4213-4228-9DD4-54B3249C2CE9,Q1407228,television production,,,
Q739084,U.S. Bancorp,P1056,product or material produced,Q739084-0fc472c4-4459-7f60-3438-43e3c00f87a1,Q182076,credit,,,
Q739084,U.S. Bancorp,P1056,product or material produced,Q739084-27820c5c-4834-a7af-b8b8-2a73282c80a0,Q1363554,financial analysis,,,
Q739084,U.S. Bancorp,P1056,product or material produced,Q739084-6667dfa7-4f73-d985-7d24-be009469db03,Q476115,private equity,,,
Q739084,U.S. Bancorp,P1056,product or material produced,Q739084-6e5db514-4990-d321-005c-00f4434dc78e,Q4290,investment,,,
Q739084,U.S. Bancorp,P1056,product or material produced,Q739084-AB2C1CD1-44DE-48C5-8A82-185110540499,Q161380,credit card,,,
Q739084,U.S. Bancorp,P127,owned by,Q739084-3629ABB1-96BE-4ED6-B328-2EF5326D139F,Q217583,Berkshire Hathaway,,,
Q739084,U.S. Bancorp,P169,chief executive officer,Q739084-468b2e35-4b80-b1c4-d2fa-c568fec2ee32,Q58425865,Andrew J. Cecere,P580,start time,2017-01-01T00:00:00Z
Q739084,U.S. Bancorp,P169,chief executive officer,Q739084-468b2e35-4b80-b1c4-d2fa-c568fec2ee32,Q58425865,Andrew J. Cecere,P582,end time,2025-04-01T00:00:00Z
Q739084,U.S. Bancorp,P169,chief executive officer,Q739084-a5f3f9c1-4a31-7828-3ebd-8ed5a1c4290d,Q117249105,Gunjan Kedia,P580,start time,2025-04-01T00:00:00Z
Q739084,U.S. Bancorp,P1830,owner of,Q739084-E80A7A80-6188-43CD-AABE-E49C34E4BC6B,Q3487098,U.S. Bank Center,,,
Q739084,U.S. Bancorp,P355,child organization or unit,Q739084-a8bc3f0d-41a6-9241-f6ae-0890aad552a7,Q138534823,U.S. Bank NA,,,
Q739084,U.S. Bancorp,P361,part of,Q739084-122302C2-B7A4-41B9-97CA-F1AFD400B995,Q242345,S&P 500,,,
Q739084,U.S. Bancorp,P361,part of,Q739084-817B72F8-F395-4134-AF97-AC5C82D72180,Q1546793,S&P 100,,,
Q739084,U.S. Bancorp,P452,industry,Q739084-7da567d7-427c-1f30-ceb8-295cb6752d8d,Q837171,financial services,,,
Q739084,U.S. Bancorp,P452,industry,Q739084-cd7dd7b3-4b9f-23f8-a407-711340d0df32,Q57774188,financial sector,,,
Q739084,U.S. Bancorp,P452,industry,Q739084-d6f1cce6-4c2d-ee29-327a-e91a1131b0d8,Q806718,economics of banking,,,
Q37156,IBM,P127,owned by,Q37156-5eaa4698-4315-5422-ecc1-a61d01dd686a,Q849363,The Vanguard Group,P585,point in time,2015-09-30T00:00:00Z
Q37156,IBM,P127,owned by,Q37156-5eaa4698-4315-5422-ecc1-a61d01dd686a,Q849363,The Vanguard Group,P1107,proportion,0.0598
Q37156,IBM,P127,owned by,Q37156-9b89e22b-48a7-56d7-277b-63b56bde5ac9,Q217583,Berkshire Hathaway,P585,point in time,2015-09-30T00:00:00Z
Q37156,IBM,P127,owned by,Q37156-9b89e22b-48a7-56d7-277b-63b56bde5ac9,Q217583,Berkshire Hathaway,P1107,proportion,0.0845
Q37156,IBM,P127,owned by,Q37156-d8622f1a-4ae1-1a6a-e9c2-56ffb026a4e0,Q2037125,State Street Corporation,P585,point in time,2015-09-30T00:00:00Z
Q37156,IBM,P127,owned by,Q37156-d8622f1a-4ae1-1a6a-e9c2-56ffb026a4e0,Q2037125,State Street Corporation,P1107,proportion,0.0508
Q37156,IBM,P169,chief executive officer,Q37156-016c3b24-4bc4-4586-402d-8ee0a44cc7f6,Q435716,"Thomas John Watson, Sr.",P580,start time,1914-01-01T00:00:00Z
Q37156,IBM,P169,chief executive officer,Q37156-016c3b24-4bc4-4586-402d-8ee0a44cc7f6,Q435716,"Thomas John Watson, Sr.",P582,end time,1956-01-01T00:00:00Z
Q37156,IBM,P169,chief executive officer,Q37156-5fc054a0-4031-1e1e-4e8c-c543c4cfcf9b,Q7668816,Q7668816,P580,start time,1971-01-01T00:00:00Z
Q37156,IBM,P169,chief executive officer,Q37156-5fc054a0-4031-1e1e-4e8c-c543c4cfcf9b,Q7668816,Q7668816,P582,end time,1973-01-01T00:00:00Z
Q37156,IBM,P169,chief executive officer,Q37156-862fa8d4-4e80-2b4e-5dbc-8f84ee1d1d24,Q1700049,John Fellows Akers,P580,start time,1985-01-01T00:00:00Z
Q37156,IBM,P169,chief executive officer,Q37156-862fa8d4-4e80-2b4e-5dbc-8f84ee1d1d24,Q1700049,John Fellows Akers,P582,end time,1993-01-01T00:00:00Z
Q37156,IBM,P169,chief executive officer,Q37156-a41c9112-48ee-4769-26d6-99357d75ded0,Q46000,Thomas Watson,P580,start time,1956-01-01T00:00:00Z
Q37156,IBM,P169,chief executive officer,Q37156-a41c9112-48ee-4769-26d6-99357d75ded0,Q46000,Thomas Watson,P582,end time,1971-01-01T00:00:00Z
Q37156,IBM,P169,chief executive officer,Q37156-a8afaf69-4578-afb0-e417-33696bdeed24,Q1443067,Frank T. Cary,P580,start time,1973-01-01T00:00:00Z
Q37156,IBM,P169,chief executive officer,Q37156-a8afaf69-4578-afb0-e417-33696bdeed24,Q1443067,Frank T. Cary,P582,end time,1981-01-01T00:00:00Z
Q37156,IBM,P169,chief executive officer,Q37156-c1102edd-4f76-bd43-f2f8-9153a9765dda,Q49971,Ginni Rometty,P580,start time,2012-01-01T00:00:00Z
Q37156,IBM,P169,chief executive officer,Q37156-c1102edd-4f76-bd43-f2f8-9153a9765dda,Q49971,Ginni Rometty,P582,end time,2020-04-01T00:00:00Z
Q37156,IBM,P169,chief executive officer,Q37156-c396a0d9-4c5d-0efd-c388-b88ffd3d6dc5,Q1363852,Louis V. Gerstner,P580,start time,1993-01-01T00:00:00Z
Q37156,IBM,P169,chief executive officer,Q37156-c396a0d9-4c5d-0efd-c388-b88ffd3d6dc5,Q1363852,Louis V. Gerstner,P582,end time,2002-01-01T00:00:00Z
Q37156,IBM,P169,chief executive officer,Q37156-ebb85f72-4070-2c7b-1b32-9954132e365c,Q782805,Samuel J. Palmisano,P580,start time,2002-01-01T00:00:00Z
Q37156,IBM,P169,chief executive officer,Q37156-ebb85f72-4070-2c7b-1b32-9954132e365c,Q782805,Samuel J. Palmisano,P582,end time,2011-01-01T00:00:00Z
Q37156,IBM,P169,chief executive officer,Q37156-fb51dafb-4ff4-d7e2-80d1-59b935b8923a,Q84053114,Arvind Krishna,P580,start time,2020-04-01T00:00:00Z
Q37156,IBM,P169,chief executive officer,Q37156-fbf559e4-4ba1-6144-5f36-825f3c3a5b33,Q1701260,John R. Opel,P580,start time,1981-01-01T00:00:00Z
Q37156,IBM,P169,chief executive officer,Q37156-fbf559e4-4ba1-6144-5f36-825f3c3a5b33,Q1701260,John R. Opel,P582,end time,1985-01-01T00:00:00Z
Q37156,IBM,P1830,owner of,Q37156-08800784-AA12-4C8C-BA4C-4FBDB5823FA5,Q1107048,Cognos,,,
Q37156,IBM,P1830,owner of,Q37156-3CCB4DB6-2F39-4AE4-9B11-4E7670EE76F7,Q1093541,IBM Cloud Video,,,
Q37156,IBM,P1830,owner of,Q37156-435DB6E8-C9C6-463D-B3AB-21C822F11E1B,Q16928019,Mark sense,,,
Q37156,IBM,P1830,owner of,Q37156-4D43C00F-12DC-4F2B-90FC-D801B9173FCA,Q7426030,Satellite Business Systems,,,
Q37156,IBM,P1830,owner of,Q37156-5D2C00EE-0E39-41B5-97CB-834583CEDBA5,Q476208,IBM Thomas J. Watson Research Center,,,
Q37156,IBM,P1830,owner of,Q37156-6D584A49-7BCA-4984-B863-4F5B81B552FD,Q909169,Lotus Software,,,
Q37156,IBM,P1830,owner of,Q37156-72F1D37A-4941-4D4F-A953-52F5D1481A3C,Q3734920,IBM Somers Office Complex,,,
Q37156,IBM,P1830,owner of,Q37156-73C8258F-5E77-42A7-ABEA-1BDC1BF5AD44,Q7848207,Trusteer,,,
Q37156,IBM,P1830,owner of,Q37156-80712422-E009-437D-B9CB-3C46C6FA7AED,Q5968771,"IBM Building, Johannesburg",,,
Q37156,IBM,P1830,owner of,Q37156-BA295710-A31C-4237-9797-50BB0B32E2E6,Q5968862,IBM Information Management Software,,,
Q37156,IBM,P1830,owner of,Q37156-D2FD1582-2862-4FB2-B06B-6011C846C0EC,Q5969004,IBM Rochester,,,
Q37156,IBM,P1830,owner of,Q37156-E8ECC604-F080-49C3-8319-C1D1FFFF3145,Q689176,Telelogic,,,
Q37156,IBM,P1830,owner of,Q37156-F46F76E4-B97D-47E6-915D-F5DB49A25CCF,Q5009716,Coded Character Set Identifier,,,
Q37156,IBM,P355,child organization or unit,Q37156-0e9a5636-4f39-0e6c-1153-7d9b3c8e5215,Q16323757,IBM Denmark,P1107,proportion,1
Q37156,IBM,P355,child organization or unit,Q37156-19c9b861-4c88-ef21-fbab-a573a7ba5b00,Q28974610,IBM France,P1107,proportion,1
Q37156,IBM,P355,child organization or unit,Q37156-234689DD-4A0C-4EAF-8336-C5FCCBF47CC2,Q30338816,IBM Egypt Business Support Services,P1107,proportion,1
Q37156,IBM,P355,child organization or unit,Q37156-2dec0f59-4341-9593-b37e-3dd042c674b3,Q12195302,Object Technology International,P580,start time,1996-01-01T00:00:00Z
Q37156,IBM,P355,child organization or unit,Q37156-2dec0f59-4341-9593-b37e-3dd042c674b3,Q12195302,Object Technology International,P582,end time,2003-01-01T00:00:00Z
Q37156,IBM,P355,child organization or unit,Q37156-3B32DDA2-6490-4D42-831B-872A93F0BB5A,Q5968851,IBM India Private Limited,P1107,proportion,1
Q37156,IBM,P355,child organization or unit,Q37156-5BB9BE4D-7B8B-47E7-B21E-9D7D139311EA,Q28974613,Companhia IBM Portuguesa,P1107,proportion,1
Q37156,IBM,P355,child organization or unit,Q37156-9bd0b362-4a47-98fc-886a-b9e9731f2138,Q29906663,IBM Nederland,P1107,proportion,1
Q37156,IBM,P355,child organization or unit,Q37156-bad54ec3-4b40-4326-1a03-fbd40a1ab00a,Q485593,Red Hat,P580,start time,2019-07-09T00:00:00Z
Q37156,IBM,P355,child organization or unit,Q37156-E074B218-D372-4FA1-B3A3-FC1EE429FB20,Q30338814,IBM Germany,P1107,proportion,1
Q37156,IBM,P355,child organization or unit,Q37156-fa7329c4-4cf1-84cf-e3ed-e25f7d86d1db,Q7553838,SoftLayer,P1107,proportion,1
Q37156,IBM,P355,child organization or unit,Q37156-23121A65-8E5E-43C8-B603-9DEC4B1592F3,Q909169,Lotus Software,,,
Q37156,IBM,P355,child organization or unit,Q37156-2C07290F-45CC-48AF-A1D9-BCD390FDB654,Q890447,Internet Security Systems,,,
Q37156,IBM,P355,child organization or unit,Q37156-4D86A19A-0D9A-4169-B374-4B33AD091592,Q41567073,IBM Česká republika,,,
Q37156,IBM,P355,child organization or unit,Q37156-AA84D151-6F77-4A80-B5E5-B6847A4BA731,Q3146518,IBM Research,,,
Q37156,IBM,P355,child organization or unit,Q37156-c282d4dc-4c7a-139a-f991-d0d02ecc6bc2,Q1653092,IBM Canada,,,
Q37156,IBM,P355,child organization or unit,Q37156-C6D12D5C-5ADD-4BAD-93AF-492FA051D825,Q18378690,IBM Bluemix,,,
Q37156,IBM,P355,child organization or unit,Q37156-ce4d7c83-49bf-c78b-7583-28c53a61f683,Q24904684,The Weather Company,,,
Q37156,IBM,P355,child organization or unit,Q37156-F38E8EE2-2E8F-4476-81D9-22B2E332448F,Q11976627,IBM Norge,,,
Q37156,IBM,P355,child organization or unit,Q37156-f3bc3e27-4592-7bf4-baee-9aefa5c7badf,Q5968953,IBM Israel,,,
Q37156,IBM,P355,child organization or unit,Q37156-F9DFBB97-F5FC-40CF-8292-D22447DCEA9C,Q1493633,Rational Software,,,
Q37156,IBM,P361,part of,Q37156-9bcfa65a-4ef1-6384-a0b5-4ab8bdb5e6f2,Q242345,S&P 500,,,
Q37156,IBM,P361,part of,Q37156-E1A6DE62-504D-433A-BFF1-1D01C90C8BDF,Q180816,Dow Jones Industrial Average,,,
Q37156,IBM,P361,part of,Q37156-f34231cb-4cbd-df4c-2bdd-172c2013cfa5,Q773026,Dow Jones Global Titans 50,,,
Q37156,IBM,P361,part of,Q37156-1b0bea2b-4891-2675-de84-7bc3b0ef646d,Q134661623,list of companies involved in the Gaza war,,,
Q37156,IBM,P361,part of,Q37156-680593EB-46E7-42E9-BCA9-730A3393B076,Q1546793,S&P 100,,,
Q37156,IBM,P452,industry,q37156-4519d3d5-4c20-26ef-57ab-4bf56f98a52e,Q880371,software industry,,,
Q37156,IBM,P452,industry,q37156-cb88a47d-43a3-18cf-bbf9-ab96586c1d64,Q1067601,computer industry,,,
Q37156,IBM,P452,industry,q37156-e6df8c76-483b-bb92-edac-cb68ddec628a,Q1481411,IT service management,,,
Q37156,IBM,P452,industry,q37156-e7b7faa9-4ee9-7b11-3d74-f6aca62c60b1,Q1540863,information technology consulting,,,
Q37156,IBM,P452,industry,Q37156-e9a4a803-4241-e5c2-2b75-140596370bcf,Q132898730,computer hardware industry,,,
Q1066028,Charles Schwab Corporation,P355,child organization or unit,Q1066028-d0b2d83d-40f7-8409-9d1b-5dbf486f9828,Q106299981,CyBerCorp,,,
Q1066028,Charles Schwab Corporation,P361,part of,Q1066028-8E73FBC3-1DE0-4F9E-9761-63D63FB22C51,Q242345,S&P 500,P580,start time,1997-06-02T00:00:00Z
Q1066028,Charles Schwab Corporation,P361,part of,Q1066028-B244D246-0E93-45BD-B7EA-BE78B863B4A2,Q1546793,S&P 100,,,
Q1066028,Charles Schwab Corporation,P452,industry,Q1066028-84194a49-4f10-7fd2-c14f-1ff234da3d58,Q837171,financial services,,,
Q780442,Uber,P127,owned by,Q780442-72a44347-4f5f-ccc8-2932-ac40bb98bc05,Q334204,Morgan Stanley,P585,point in time,2022-03-01T00:00:00Z
Q780442,Uber,P127,owned by,Q780442-72a44347-4f5f-ccc8-2932-ac40bb98bc05,Q334204,Morgan Stanley,P1107,proportion,0.0512
Q780442,Uber,P169,chief executive officer,Q780442-003c49a0-48b6-1dd0-f287-e0b8120679e2,Q5221979,Dara Khosrowshahi,P580,start time,2017-08-28T00:00:00Z
Q780442,Uber,P169,chief executive officer,Q780442-2bf180e9-4525-ff0c-2bdf-45257992b910,Q7836291,Travis Kalanick,P580,start time,2011-01-01T00:00:00Z
Q780442,Uber,P169,chief executive officer,Q780442-2bf180e9-4525-ff0c-2bdf-45257992b910,Q7836291,Travis Kalanick,P582,end time,2017-06-20T00:00:00Z
Q780442,Uber,P355,child organization or unit,Q780442-9049DBAD-FFC5-49B9-9054-AC960BD0693F,Q21462723,Uber Eats,,,
Q780442,Uber,P355,child organization or unit,Q780442-4C041032-5BC5-40A7-AE5C-760A90F95127,Q60229362,Uber Movement,,,
Q780442,Uber,P355,child organization or unit,Q780442-3957173D-3A19-4E48-8995-AEF2D9E149D4,Q61058574,Uber Fleet,,,
Q780442,Uber,P355,child organization or unit,Q780442-90AEE1A1-C4F0-47B0-8A18-E5A4FC46633B,Q61058590,Uber rideshare service,,,
Q780442,Uber,P355,child organization or unit,Q780442-f8db1c84-404f-5977-5370-3e8a120d3ae6,Q118496306,deCarta,P580,start time,2015-01-01T00:00:00Z
Q780442,Uber,P355,child organization or unit,Q780442-f8db1c84-404f-5977-5370-3e8a120d3ae6,Q118496306,deCarta,P582,end time,http://www.wikidata.org/.well-known/genid/4c4d9fa01b2c8f88fc1518cd9d5b5781
Q780442,Uber,P361,part of,Q780442-7aac08e5-4cf7-903d-1fac-75ab26289552,Q242345,S&P 500,P580,start time,2023-12-18T00:00:00Z
Q780442,Uber,P361,part of,Q780442-0b960dc7-4ffb-6a0b-7cdc-3a10482ec4c7,Q51711208,gig economy,,,
Q780442,Uber,P452,industry,Q780442-024e0c89-41f5-79a1-601b-27bc9ae8ce56,Q11661,information technology,,,
Q780442,Uber,P452,industry,Q780442-a5397914-47e9-54e3-84eb-9c7843fb9953,Q23582374,peer-to-peer ridesharing,,,
Q941127,Salesforce,P1056,product or material produced,Q941127-0f080080-42a2-c363-02e8-0a65c6877c88,Q1142726,intelligent agent,,,
Q941127,Salesforce,P1056,product or material produced,Q941127-1182bc2c-43db-9981-8ece-912c45488d1b,Q483639,cloud computing,,,
Q941127,Salesforce,P1056,product or material produced,Q941127-2f624622-41fc-9bf4-d6a7-58e2bbea8799,Q1155133,email marketing,,,
Q941127,Salesforce,P1056,product or material produced,Q941127-33aa3eae-4af4-e723-331f-4a4792e6d876,Q132451509,AI agent,,,
Q941127,Salesforce,P1056,product or material produced,Q941127-532a3368-4847-b101-2344-a61426f5e356,Q1318054,enterprise software,,,
Q941127,Salesforce,P1056,product or material produced,Q941127-57496e67-4b96-3c20-f1fb-1436c02a05ac,Q787422,automation technology,,,
Q941127,Salesforce,P1056,product or material produced,Q941127-753bac63-4269-026d-597d-d43d6df37c0c,Q48997925,Customer data platform,,,
Q941127,Salesforce,P1056,product or material produced,Q941127-7f2d27b3-48e7-99ea-d3a4-7ba0653d0bf1,Q484847,e-commerce,,,
Q941127,Salesforce,P1056,product or material produced,Q941127-7ff3c8c2-4d4c-4ef8-c690-fdae856ef700,Q115602131,Salesforce,,,
Q941127,Salesforce,P1056,product or material produced,Q941127-8690dcaa-4a28-089a-af2d-1fe73b7f5d60,Q7543013,Small business software,,,
Q941127,Salesforce,P1056,product or material produced,Q941127-8becdfdc-40ae-11dc-7271-63f2a26d2026,Q485396,analytics,,,
Q941127,Salesforce,P1056,product or material produced,Q941127-8cd69c5e-4619-ad71-a12e-39b24da30d41,Q17103526,marketing automation,,,
Q941127,Salesforce,P1056,product or material produced,Q941127-9ba208ae-4b77-b7f4-92fb-607f2c4e5060,Q7100437,Order management system,,,
Q941127,Salesforce,P1056,product or material produced,Q941127-9cb84c26-4f75-0314-5932-fe0f2e8985ba,Q95988573,customer relationship management software,,,
Q941127,Salesforce,P1056,product or material produced,Q941127-aaa1e3b2-45d0-8927-1dbc-d381b7a015c6,Q1254596,software as a service,,,
Q941127,Salesforce,P1056,product or material produced,Q941127-ccb7253d-4a25-ce5b-d014-459d794095cf,Q1665471,integration platform,,,
Q941127,Salesforce,P1056,product or material produced,Q941127-e09aa661-4857-2878-f12a-e5f2b1e47243,Q22906601,B2B e-commerce,,,
Q941127,Salesforce,P1056,product or material produced,Q941127-e3abd7f4-4fc9-89f0-ae11-8864af13eb87,Q1358071,virtual agent,,,
Q941127,Salesforce,P1056,product or material produced,Q941127-f144cbfe-4a31-06e0-5b48-de2651be2b60,Q5597177,data visualization software,,,
Q941127,Salesforce,P1056,product or material produced,Q941127-f6658955-4955-d8be-8379-9d3ffef99674,Q11660,artificial intelligence,,,
Q941127,Salesforce,P1056,product or material produced,Q941127-4fd2d0be-47f1-c5b9-ad99-f07ef3cca8c4,Q2350702,Heroku,,,
Q941127,Salesforce,P127,owned by,Q941127-D976AE6B-61F1-4460-B0E8-E118EE78E5B0,Q1521908,Marc Benioff,,,
Q941127,Salesforce,P169,chief executive officer,Q941127-0c9f1448-45e9-8277-d621-542eb1434bfb,Q1521908,Marc Benioff,P580,start time,1999-03-01T00:00:00Z
Q941127,Salesforce,P1830,owner of,Q941127-300bb514-4a0a-b35d-6b65-d74ccd14dd31,Q17130715,Slack,,,
Q941127,Salesforce,P1830,owner of,Q941127-5a382b20-49e2-45c9-b7d4-2e7825277f99,Q6933868,MuleSoft,,,
Q941127,Salesforce,P1830,owner of,Q941127-a09ac6e6-4252-6e53-cb98-383f74a2ba3d,Q7673435,"Tableau Software, Inc.",,,
Q941127,Salesforce,P1830,owner of,Q941127-5aeab3de-4073-31e7-f007-72d3fad6f28f,Q3495447,Stack Exchange,,,
Q941127,Salesforce,P1830,owner of,Q941127-a45851cd-44ac-ef16-fe93-ea37a8198f75,Q5419210,Salesforce Marketing Cloud,,,
Q941127,Salesforce,P1830,owner of,Q941127-8128ae71-4f0d-f5d7-106a-e89698573089,Q115754955,AppExchange,,,
Q941127,Salesforce,P1830,owner of,Q941127-6d5a18e5-45d6-8e08-fbdc-65089cbfb1aa,Q5255058,Demandware,,,
Q941127,Salesforce,P355,child organization or unit,Q941127-1070812a-4783-69ed-267c-54502659b466,Q16889191,VLocity,,,
Q941127,Salesforce,P355,child organization or unit,Q941127-13a2627b-4d9e-0640-50e8-d647cfe55f60,Q5255058,Demandware,,,
Q941127,Salesforce,P355,child organization or unit,Q941127-31f727ba-40d1-0e02-a10a-cd01a453e45d,Q6933868,MuleSoft,,,
Q941127,Salesforce,P355,child organization or unit,Q941127-3c06bd05-4443-0a06-4b0f-47f5b71dfb6e,Q7808625,Slack Technologies,,,
Q941127,Salesforce,P355,child organization or unit,Q941127-471a029c-4ca4-3f93-8e0b-3af87ec07393,Q20539341,Quip,,,
Q941127,Salesforce,P355,child organization or unit,Q941127-959a04c0-4ad1-a340-b995-6199572a25bf,Q5132401,ClickSoftware Technologies,,,
Q941127,Salesforce,P355,child organization or unit,Q941127-b4d6931a-4856-add0-8f76-5bdf1b9f5ff0,Q7673435,"Tableau Software, Inc.",,,
Q941127,Salesforce,P355,child organization or unit,Q941127-CF8B5A2A-1204-442D-A459-FCB2337F39D5,Q2350702,Heroku,,,
Q941127,Salesforce,P355,child organization or unit,Q941127-d5c88837-4731-0fe9-bf63-76f2623f60d6,Q60675300,Krux,,,
Q941127,Salesforce,P355,child organization or unit,Q941127-feccb7c3-42fb-438d-ca7d-276df07d0b5b,Q5419210,Salesforce Marketing Cloud,,,
Q941127,Salesforce,P361,part of,Q941127-53F3EEED-18C0-4209-851B-55D475A8CBC8,Q242345,S&P 500,P580,start time,2008-09-15T00:00:00Z
Q941127,Salesforce,P361,part of,Q941127-1BA850D7-29A1-4F5A-A9D1-DB2DC0488110,Q1546793,S&P 100,,,
Q941127,Salesforce,P361,part of,Q941127-76008a85-433b-9e13-2f20-9802ab97d891,Q180816,Dow Jones Industrial Average,,,
Q941127,Salesforce,P452,industry,Q941127-0d0e9cec-46ee-f040-f2c8-dbf9b3abe55e,Q1142726,intelligent agent,,,
Q941127,Salesforce,P452,industry,Q941127-2964625b-4efd-4589-753b-2d538297e0e9,Q880371,software industry,,,
Q941127,Salesforce,P452,industry,Q941127-6b58f9aa-4241-3a49-b329-663826d96745,Q1254596,software as a service,,,
Q941127,Salesforce,P452,industry,Q941127-7b43b8c4-4230-c987-9ef3-2579453b412f,Q1155133,email marketing,,,
Q941127,Salesforce,P452,industry,Q941127-97abc3d9-4847-688b-cc01-a33fe86c7f01,Q483639,cloud computing,,,
Q941127,Salesforce,P452,industry,Q941127-9d88e546-40cc-8647-2590-9779ce2e8c85,Q485643,customer relationship management,,,
Q941127,Salesforce,P452,industry,Q941127-b82ba01c-4204-1e63-efe1-710be7cf751b,Q1318054,enterprise software,,,
Q941127,Salesforce,P452,industry,Q941127-c30d2465-4fbd-42ca-a656-069e8928cdb0,Q184199,automation,,,
Q941127,Salesforce,P452,industry,Q941127-eda2acc3-4ed8-019b-e808-bbc39ade307c,Q485396,analytics,,,
Q682759,Linde Group,P355,child organization or unit,Q682759-7AB38AC3-9CF3-480D-A228-312CAC85EB34,Q30338631,Linde,,,
Q682759,Linde Group,P355,child organization or unit,Q682759-885d33d6-420d-795e-5a43-e50f80b254e3,Q422013,AGA AB,,,
Q682759,Linde Group,P355,child organization or unit,Q682759-9C3BF1B3-AB93-44F1-93EC-8CE1CF89DEBC,Q72927795,Linde,,,
Q682759,Linde Group,P355,child organization or unit,Q682759-af449f61-47fd-0022-a213-3fed9c5395bc,Q902780,Praxair,,,
Q682759,Linde Group,P355,child organization or unit,Q682759-fe5d16e9-44a2-d3cc-72a0-f262d16f2241,Q96596471,REMEO® Center Regensburg,,,
Q682759,Linde Group,P361,part of,Q682759-1259AD35-93F3-48BA-9EAF-0BB9812E4B4B,Q874430,CDAX,,,
Q682759,Linde Group,P361,part of,Q682759-bf96c203-45e1-e77a-70cf-11aa7c5c9cb4,Q242345,S&P 500,,,
Q682759,Linde Group,P361,part of,Q682759-D9792304-7D97-4AC3-9EF5-101B85C01154,Q1546793,S&P 100,,,
Q682759,Linde Group,P361,part of,Q682759-13def15b-446c-ac71-ce15-07e013214f6d,Q981010,EURO STOXX 50,P580,start time,2018-09-24T00:00:00Z
Q682759,Linde Group,P361,part of,Q682759-13def15b-446c-ac71-ce15-07e013214f6d,Q981010,EURO STOXX 50,P582,end time,2023-02-27T00:00:00Z
Q682759,Linde Group,P361,part of,Q682759-13def15b-446c-ac71-ce15-07e013214f6d,Q981010,EURO STOXX 50,P1365,replaces,Q66048
Q682759,Linde Group,P361,part of,Q682759-13def15b-446c-ac71-ce15-07e013214f6d,Q981010,EURO STOXX 50,P1366,replaced by,Q45568
Q682759,Linde Group,P361,part of,Q682759-13def15b-446c-ac71-ce15-07e013214f6d,Q981010,EURO STOXX 50,P1534,end cause,Q108714663
Q682759,Linde Group,P361,part of,Q682759-6dbf1ad2-4a83-3593-1db0-489655f08cd1,Q1230458,DivDAX,P580,start time,2015-03-23T00:00:00Z
Q682759,Linde Group,P361,part of,Q682759-6dbf1ad2-4a83-3593-1db0-489655f08cd1,Q1230458,DivDAX,P582,end time,2015-09-21T00:00:00Z
Q682759,Linde Group,P361,part of,Q682759-6dbf1ad2-4a83-3593-1db0-489655f08cd1,Q1230458,DivDAX,P1365,replaces,Q9325
Q682759,Linde Group,P361,part of,Q682759-6dbf1ad2-4a83-3593-1db0-489655f08cd1,Q1230458,DivDAX,P1366,replaced by,Q658173
Q682759,Linde Group,P361,part of,Q682759-7a1b62be-464d-481f-70c2-ccf650f63213,Q1230458,DivDAX,P580,start time,2010-03-22T00:00:00Z
Q682759,Linde Group,P361,part of,Q682759-7a1b62be-464d-481f-70c2-ccf650f63213,Q1230458,DivDAX,P582,end time,2011-09-19T00:00:00Z
Q682759,Linde Group,P361,part of,Q682759-7a1b62be-464d-481f-70c2-ccf650f63213,Q1230458,DivDAX,P1365,replaces,Q9325
Q682759,Linde Group,P361,part of,Q682759-7a1b62be-464d-481f-70c2-ccf650f63213,Q1230458,DivDAX,P1366,replaced by,Q27530
Q682759,Linde Group,P361,part of,Q682759-7a2eac9a-4bab-fc33-e2bc-12a40136bbe9,Q1230458,DivDAX,P580,start time,2016-03-21T00:00:00Z
Q682759,Linde Group,P361,part of,Q682759-7a2eac9a-4bab-fc33-e2bc-12a40136bbe9,Q1230458,DivDAX,P582,end time,2017-10-25T00:00:00Z
Q682759,Linde Group,P361,part of,Q682759-7a2eac9a-4bab-fc33-e2bc-12a40136bbe9,Q1230458,DivDAX,P1365,replaces,Q138133
Q682759,Linde Group,P361,part of,Q682759-7a2eac9a-4bab-fc33-e2bc-12a40136bbe9,Q1230458,DivDAX,P1366,replaced by,Q682759
Q682759,Linde Group,P361,part of,Q682759-83EA6846-9BD1-4282-B386-F8500B0A9D44,Q155718,DAX,P580,start time,2018-01-01T00:00:00Z
Q682759,Linde Group,P361,part of,Q682759-83EA6846-9BD1-4282-B386-F8500B0A9D44,Q155718,DAX,P582,end time,2023-02-27T00:00:00Z
Q682759,Linde Group,P361,part of,Q682759-83EA6846-9BD1-4282-B386-F8500B0A9D44,Q155718,DAX,P1366,replaced by,Q157617
Q682759,Linde Group,P361,part of,Q682759-83EA6846-9BD1-4282-B386-F8500B0A9D44,Q155718,DAX,P1534,end cause,Q108714663
Q682759,Linde Group,P361,part of,Q682759-b1d39534-4f71-6282-4bf6-190c9bd6a0ba,Q1230458,DivDAX,P580,start time,2017-10-25T00:00:00Z
Q682759,Linde Group,P361,part of,Q682759-b1d39534-4f71-6282-4bf6-190c9bd6a0ba,Q1230458,DivDAX,P582,end time,2019-09-23T00:00:00Z
Q682759,Linde Group,P361,part of,Q682759-b1d39534-4f71-6282-4bf6-190c9bd6a0ba,Q1230458,DivDAX,P1365,replaces,Q682759
Q682759,Linde Group,P361,part of,Q682759-b1d39534-4f71-6282-4bf6-190c9bd6a0ba,Q1230458,DivDAX,P1366,replaced by,Q156578
Q682759,Linde Group,P361,part of,Q682759-e6159834-4078-27cf-a20d-63bf4a53445c,Q10366645,Stoxx Europe 600 Index,P582,end time,2023-02-27T00:00:00Z
Q682759,Linde Group,P361,part of,Q682759-e6159834-4078-27cf-a20d-63bf4a53445c,Q10366645,Stoxx Europe 600 Index,P1366,replaced by,Q22077794
Q682759,Linde Group,P361,part of,Q682759-e6159834-4078-27cf-a20d-63bf4a53445c,Q10366645,Stoxx Europe 600 Index,P1534,end cause,Q108714663
Q682759,Linde Group,P361,part of,Q682759-E71F701C-2001-4438-A21B-149D46C62238,Q1230458,DivDAX,P580,start time,1999-09-20T00:00:00Z
Q682759,Linde Group,P361,part of,Q682759-E71F701C-2001-4438-A21B-149D46C62238,Q1230458,DivDAX,P582,end time,2005-09-19T00:00:00Z
Q682759,Linde Group,P361,part of,Q682759-E71F701C-2001-4438-A21B-149D46C62238,Q1230458,DivDAX,P1366,replaced by,Q9325
Q682759,Linde Group,P452,industry,Q682759-B68E4561-25CE-4E7E-B9EF-2C3E1A820A9F,Q207652,chemical industry,,,
Q487907,Bank of America,P1056,product or material produced,Q487907-09b76d5c-4de5-d997-3423-ad4eacf2d98e,Q873442,asset management,,,
Q487907,Bank of America,P1056,product or material produced,Q487907-2091f765-4506-538f-0bd8-cf52ecb183a0,Q43183,insurance,,,
Q487907,Bank of America,P1056,product or material produced,Q487907-447d0ec3-4ce6-9edb-df5c-d15f3bd3f1a3,Q837171,financial services,,,
Q487907,Bank of America,P1056,product or material produced,Q487907-b101c012-4034-ae5f-7aba-15130b8c780e,Q182076,credit,,,
Q487907,Bank of America,P127,owned by,Q487907-3545b3bd-4f29-807d-ffbc-d71f70e5c16f,Q849363,The Vanguard Group,P585,point in time,2019-02-11T00:00:00Z
Q487907,Bank of America,P127,owned by,Q487907-3545b3bd-4f29-807d-ffbc-d71f70e5c16f,Q849363,The Vanguard Group,P1107,proportion,0.068
Q487907,Bank of America,P127,owned by,Q487907-469558d5-4039-b0ed-e3ec-28d73f198486,Q219635,BlackRock,P585,point in time,2019-02-11T00:00:00Z
Q487907,Bank of America,P127,owned by,Q487907-469558d5-4039-b0ed-e3ec-28d73f198486,Q219635,BlackRock,P1107,proportion,0.062
Q487907,Bank of America,P127,owned by,Q487907-938001ce-4b43-e288-f48c-c27ef8d9cebf,Q217583,Berkshire Hathaway,P585,point in time,2019-02-14T00:00:00Z
Q487907,Bank of America,P127,owned by,Q487907-938001ce-4b43-e288-f48c-c27ef8d9cebf,Q217583,Berkshire Hathaway,P1107,proportion,0.095
Q487907,Bank of America,P169,chief executive officer,Q487907-0460586c-4736-7057-ba9f-0b098f051613,Q912811,Brian Moynihan,,,
Q487907,Bank of America,P1830,owner of,Q487907-1922962D-C4E6-4BF3-B98C-64F8991AD3D6,Q806669,TC Energy Center,,,
Q487907,Bank of America,P1830,owner of,Q487907-20A3B700-F33B-45C1-B00F-86725050447B,Q5447564,Fifth Third Center,,,
Q487907,Bank of America,P1830,owner of,Q487907-5F6B0220-555F-4474-B680-2BE566A36DD8,Q328505,Bank of America Tower,,,
Q487907,Bank of America,P1830,owner of,Q487907-6D04B4E6-E702-43B9-AD33-480F34BD40BF,Q1287969,Prince of Wales Bridge,,,
Q487907,Bank of America,P1830,owner of,Q487907-7A7556A3-0430-400C-8578-475278C4BB85,Q499486,Bank of America Plaza,,,
Q487907,Bank of America,P1830,owner of,Q487907-A8E3365D-902C-47B9-B7FB-AF8C5F3883A5,Q4856031,Arvest Tower,,,
Q487907,Bank of America,P1830,owner of,Q487907-BC9DC840-4CBA-4A80-BAD5-55FD3FE297BC,Q4856038,Bank of America Plaza,,,
Q487907,Bank of America,P1830,owner of,Q487907-C17555F8-EAD5-4236-9920-C5DF24051F8E,Q334122,Merrill,,,
Q487907,Bank of America,P1830,owner of,Q487907-C358988E-93AD-41B3-A0B1-326304DA92F6,Q7610570,Stephen Sondheim Theatre,,,
Q487907,Bank of America,P1830,owner of,Q487907-F5327CAD-BE92-4D8C-BDAB-2FAA6084D273,Q586913,Bank of America Financial Center,,,
Q487907,Bank of America,P1830,owner of,Q487907-FC7B9126-4CDD-4E15-8CC6-687525A690A8,Q4546763,108 North State Street,,,
Q487907,Bank of America,P355,child organization or unit,Q487907-082DA17F-8DEC-4615-BB58-0A9DF722AD32,Q7440350,Seafirst Bank,P580,start time,1983-01-01T00:00:00Z
Q487907,Bank of America,P355,child organization or unit,Q487907-082DA17F-8DEC-4615-BB58-0A9DF722AD32,Q7440350,Seafirst Bank,P582,end time,1999-09-27T00:00:00Z
Q487907,Bank of America,P355,child organization or unit,Q487907-DEE1AC77-BAE1-405F-8B52-92948239F86C,Q334122,Merrill,P580,start time,2009-01-01T00:00:00Z
Q487907,Bank of America,P355,child organization or unit,Q487907-3BD6CA7E-46A3-45FF-A63E-671D710178E6,Q6014129,Incapital,,,
Q487907,Bank of America,P355,child organization or unit,Q487907-5709FBCA-C520-47A7-9734-D0C087BD776E,Q5375988,Endeavour Foundation,,,
Q487907,Bank of America,P355,child organization or unit,Q487907-95937798-F614-439A-97AA-264B6454AF1C,Q3719120,Bank of America Merrill Lynch,,,
Q487907,Bank of America,P355,child organization or unit,Q487907-E9CCB067-A94A-4E87-B9BE-25174F319454,Q5453029,1st Franklin Financial,,,
Q487907,Bank of America,P361,part of,Q487907-b9e88e7e-426a-9aed-7cac-5f7427e1c7bf,Q242345,S&P 500,,,
Q487907,Bank of America,P361,part of,Q487907-27CC5EB5-8313-49C8-BDB0-95164D36EFAF,Q1546793,S&P 100,,,
Q487907,Bank of America,P452,industry,Q487907-0fd5c686-4e28-383d-c290-fd53d87f362b,Q1666934,International Standard Industrial Classification,,,
Q487907,Bank of America,P452,industry,Q487907-57B4A875-BB86-4CE6-BBE4-7132F9E7AA29,Q57774188,financial sector,,,
Q487907,Bank of America,P452,industry,Q487907-ca2ba303-4d18-5654-3c3e-1d90345c631a,Q837171,financial services,,,
Q1318848,Intuit,P1056,product or material produced,Q1318848-5e17cec4-48a1-ac0e-e802-6c3122e2e6e0,Q14477864,TurboTax,,,
Q1318848,Intuit,P1056,product or material produced,Q1318848-ccad4c45-4c49-dea6-48f5-26df45b01a0d,Q7271951,QuickBooks,,,
Q1318848,Intuit,P1830,owner of,Q1318848-13da1151-4d86-b991-3a04-9b0764b64589,Q7271951,QuickBooks,,,
Q1318848,Intuit,P1830,owner of,Q1318848-34af581e-4e6e-fd30-1830-0ff608059305,Q14477864,TurboTax,,,
Q1318848,Intuit,P1830,owner of,Q1318848-3512ecbb-4db7-ac8c-0329-ca1d6985f5f5,Q1421368,Mint,,,
Q1318848,Intuit,P1830,owner of,Q1318848-4fdeb09d-4e73-56c0-79c0-781f0b5b7dd3,Q5183722,Credit Karma,,,
Q1318848,Intuit,P1830,owner of,Q1318848-5410d686-4268-946f-13f4-17b0e6826bcf,Q6735673,Mailchimp,,,
Q1318848,Intuit,P361,part of,Q1318848-22556DC5-E484-4939-B9A0-2D39F2D47F96,Q242345,S&P 500,,,
Q1318848,Intuit,P361,part of,Q1318848-C3DCE12B-18BA-4B29-87FE-E2757B5970CF,Q1546793,S&P 100,,,
Q1318848,Intuit,P452,industry,Q1318848-54B6F669-1BDA-42EE-8FA5-F93977D102A9,Q1318054,enterprise software,,,
Q319642,Chevron Corporation,P1056,product or material produced,Q319642-2D05677A-0AB0-437D-BF81-6495F2574BCF,Q2131789,lithium grease,,,
Q319642,Chevron Corporation,P169,chief executive officer,Q319642-dc1575e8-4bbe-a6a5-6256-680a1d7f68e1,Q48562446,Mike Wirth,P580,start time,2018-01-01T00:00:00Z
Q319642,Chevron Corporation,P1830,owner of,Q319642-00F82E44-E871-437F-BE69-8CDCBC8DD943,Q2807962,1500 Louisiana Street,,,
Q319642,Chevron Corporation,P1830,owner of,Q319642-0E988A14-A675-4AEF-A780-6D0DE3FF4E0B,Q775060,Texaco,,,
Q319642,Chevron Corporation,P1830,owner of,Q319642-15BE3775-ED5F-428C-8EB5-D86D5764470F,Q28669136,Coalinga Solar Power Plant,,,
Q319642,Chevron Corporation,P1830,owner of,Q319642-B518E599-FFE1-4B5F-BE2F-33F711F71D28,Q5094438,Chevron Phillips Chemical,,,
Q319642,Chevron Corporation,P355,child organization or unit,Q319642-0CB61B70-44FD-478A-98D9-5445BD045B11,Q30338412,Chevron (Canada),,,
Q319642,Chevron Corporation,P355,child organization or unit,Q319642-11a51340-4737-c95b-ac87-7ffee3b02625,Q30274058,Chevron (Netherlands),,,
Q319642,Chevron Corporation,P355,child organization or unit,Q319642-4282a27e-41e9-02dc-2f57-d2535cbfcaa3,Q775060,Texaco,,,
Q319642,Chevron Corporation,P355,child organization or unit,Q319642-c25572aa-44be-f836-7409-8e138d726970,Q64224605,ExtraMile,,,
Q319642,Chevron Corporation,P355,child organization or unit,Q319642-E791AF5B-7DD7-40AF-9E2B-BF377512E3EB,Q30338413,Chevron (Australia),,,
Q319642,Chevron Corporation,P361,part of,Q319642-4443DBC4-EB1D-4AA1-9D4E-4779BC0A9135,Q180816,Dow Jones Industrial Average,,,
Q319642,Chevron Corporation,P361,part of,Q319642-4c5aff31-4719-606c-6618-94242f529ff8,Q242345,S&P 500,,,
Q319642,Chevron Corporation,P361,part of,Q319642-6ADB8CD8-9503-4645-9AE0-5FDCAB8F5D96,Q773026,Dow Jones Global Titans 50,,,
Q319642,Chevron Corporation,P361,part of,Q319642-9522cace-4707-5c90-f498-09935ea13dfc,Q1165860,Seven Sisters,,,
Q319642,Chevron Corporation,P361,part of,Q319642-5274f84f-44cc-b4c3-3274-b6625b5d467d,Q134661623,list of companies involved in the Gaza war,,,
Q319642,Chevron Corporation,P361,part of,Q319642-E9B49DE5-1116-40AD-868C-893F51C10D8E,Q1546793,S&P 100,,,
Q319642,Chevron Corporation,P452,industry,Q319642-caaca3aa-4892-38d2-cb35-13bf04da7a96,Q862571,petroleum industry,,,
Q496302,Deere & Company,P1056,product or material produced,Q496302-19b5171d-4242-e9d3-70ee-0077b5fad2d8,Q182661,excavator,,,
Q496302,Deere & Company,P1056,product or material produced,Q496302-2e9f3470-4967-6f2a-793b-a2f6456e2f09,Q1943369,telescopic handler,,,
Q496302,Deere & Company,P1056,product or material produced,Q496302-371a3ab2-4b95-5ebf-ec82-d2b2d0400232,Q39495,tractor,,,
Q496302,Deere & Company,P1056,product or material produced,Q496302-74048a24-4315-f9dd-92a0-1ae2003602ad,Q228073,sugarcane harvester,,,
Q496302,Deere & Company,P1056,product or material produced,Q496302-8561e4f2-46d3-2870-2449-3d87a944e86d,Q174174,diesel engine,,,
Q496302,Deere & Company,P1056,product or material produced,Q496302-85e6c384-44b5-96f6-4143-2f5ac70c45f1,Q217694,grader,,,
Q496302,Deere & Company,P1056,product or material produced,Q496302-a51d6fde-47d7-716b-019d-c7da63b66147,Q1470547,skid-steer loader,,,
Q496302,Deere & Company,P1056,product or material produced,Q496302-a679cec3-4fd2-5697-1a27-4a31d44637ee,Q948917,backhoe,,,
Q496302,Deere & Company,P1056,product or material produced,Q496302-d71754c3-4be0-b5bf-913f-bb071ec1f6e1,Q811644,cotton picker,,,
Q496302,Deere & Company,P1056,product or material produced,Q496302-ddc51887-4eec-943f-1df3-2d5881c54bab,Q26886,combine harvester,,,
Q496302,Deere & Company,P1056,product or material produced,Q496302-f9149833-4529-8e97-6f03-3a38e545966f,Q1900188,forage harvester,,,
Q496302,Deere & Company,P1056,product or material produced,Q496302-2bbe26a2-4b8d-5e31-8772-8c3a573b8128,Q1575003,harvester,,,
Q496302,Deere & Company,P1056,product or material produced,Q496302-f3a6bc61-4ddd-80ab-d219-3c2b9ecff2de,Q616007,forwarder,,,
Q496302,Deere & Company,P1056,product or material produced,Q496302-36735569-4063-2586-1c35-b2b382e4ebf7,Q2577718,skidder,,,
Q496302,Deere & Company,P169,chief executive officer,Q496302-77ce0632-465f-b71e-8d8c-136a6a7748b6,Q114359175,John May,P580,start time,2019-11-04T00:00:00Z
Q496302,Deere & Company,P169,chief executive officer,Q496302-bb51bb9b-4281-5c61-2ed7-96d58eecc1d3,Q116969393,Charles Deere Wiman,P580,start time,1928-01-01T00:00:00Z
Q496302,Deere & Company,P169,chief executive officer,Q496302-bb51bb9b-4281-5c61-2ed7-96d58eecc1d3,Q116969393,Charles Deere Wiman,P582,end time,1955-01-01T00:00:00Z
Q496302,Deere & Company,P1830,owner of,Q496302-a97bb6f2-4c97-4798-6b48-c5cdb1d5672e,Q98642757,John Deere,,,
Q496302,Deere & Company,P1830,owner of,Q496302-B9594362-3BBC-419E-97EE-4CAB0422C9AE,Q14687681,John Deere House and Shop,,,
Q496302,Deere & Company,P355,child organization or unit,Q496302-446F8501-EE85-4BED-A7EA-3EE71703968E,Q30273364,John Deere (Germany),,,
Q496302,Deere & Company,P355,child organization or unit,Q496302-887036bc-4f82-5a58-3f69-32446907201f,Q102982432,John Deere Forestry Oy,,,
Q496302,Deere & Company,P361,part of,Q496302-0B5D9C91-D83A-4C36-A614-8B31FC935259,Q242345,S&P 500,P580,start time,1957-03-04T00:00:00Z
Q496302,Deere & Company,P361,part of,Q496302-125AB03B-FE83-44D3-A9C4-A28EA8A1BC00,Q1546793,S&P 100,,,
Q496302,Deere & Company,P452,industry,Q496302-64865E36-478B-4A24-B3D3-5D83D3FEE853,Q1957908,manufacture of machinery and equipment,,,
Q37158,Starbucks,P1056,product or material produced,Q37158-ebd9c836-4c5a-fefd-a105-642fb2b580f0,Q8486,coffee,,,
Q37158,Starbucks,P1056,product or material produced,Q37158-f7956eb1-4d1d-4b29-406e-2876e77306a0,Q766148,Frappuccino,,,
Q37158,Starbucks,P169,chief executive officer,Q37158-8d23b9ca-436d-f32f-2ccb-81f56c9e154d,Q6396617,Kevin Johnson,P580,start time,2017-04-03T00:00:00Z
Q37158,Starbucks,P169,chief executive officer,Q37158-8d23b9ca-436d-f32f-2ccb-81f56c9e154d,Q6396617,Kevin Johnson,P582,end time,2023-04-01T00:00:00Z
Q37158,Starbucks,P169,chief executive officer,Q37158-bc0afc82-4d4b-261a-8c5b-d22852e60b67,Q64745663,Laxman Narasimhan,P580,start time,2023-04-01T00:00:00Z
Q37158,Starbucks,P169,chief executive officer,Q37158-bc0afc82-4d4b-261a-8c5b-d22852e60b67,Q64745663,Laxman Narasimhan,P582,end time,2024-08-01T00:00:00Z
Q37158,Starbucks,P169,chief executive officer,Q37158-c10c0183-4cd1-8bbf-85b2-dadf90002fbd,Q472330,Howard Schultz,P580,start time,1982-01-01T00:00:00Z
Q37158,Starbucks,P169,chief executive officer,Q37158-c10c0183-4cd1-8bbf-85b2-dadf90002fbd,Q472330,Howard Schultz,P582,end time,2017-04-03T00:00:00Z
Q37158,Starbucks,P169,chief executive officer,Q37158-c77ab16e-4420-504e-47b2-a19e2966dc3a,Q117249140,Brian Niccol,P580,start time,2024-09-09T00:00:00Z
Q37158,Starbucks,P1830,owner of,Q37158-0ee0f77c-4e5a-4834-baf3-196700999eb5,Q849363,The Vanguard Group,P1107,proportion,0.0998
Q37158,Starbucks,P1830,owner of,Q37158-6316ddff-4827-6208-87b2-6f851cae4ac7,Q85750542,Capital Research Global Investors,P1107,proportion,0.0752
Q37158,Starbucks,P1830,owner of,Q37158-83966fd3-4d1b-a1f0-cbf2-978108ea8058,Q219635,BlackRock,P1107,proportion,0.0691
Q37158,Starbucks,P1830,owner of,Q37158-abb391a1-48b6-c9e4-6ae9-c93a54a16fbc,Q135981623,Capital World Group,P1107,proportion,0.0683
Q37158,Starbucks,P1830,owner of,Q37158-be797574-48c5-7df6-ebf5-f0079e306720,Q472330,Howard Schultz,P1107,proportion,0.0215
Q37158,Starbucks,P1830,owner of,Q37158-AE5CCC33-5C7F-4ACA-92AD-7D6F9914FE64,Q766329,Seattle's Best Coffee,,,
Q37158,Starbucks,P1830,owner of,Q37158-F6FB28B9-1BA1-4C8D-972A-090CA605148E,Q795386,Teavana,,,
Q37158,Starbucks,P355,child organization or unit,Q37158-4426f47f-4a2d-2c69-4145-e10f8a270288,Q766329,Seattle's Best Coffee,,,
Q37158,Starbucks,P355,child organization or unit,Q37158-607f605b-4560-60d0-8930-96aab354815f,Q766351,Tazo,,,
Q37158,Starbucks,P355,child organization or unit,Q37158-6a2ee6aa-4231-7b4f-f4b7-8b1159737eed,Q767349,Ethos Water,,,
Q37158,Starbucks,P355,child organization or unit,Q37158-95b48b5a-4082-33b3-635d-4e2892fe88a2,Q795386,Teavana,,,
Q37158,Starbucks,P361,part of,Q37158-1CA1EB25-E30E-48B4-9E47-C45B5171E24E,Q507306,Nasdaq-100,P585,point in time,2026-02-01T00:00:00Z
Q37158,Starbucks,P361,part of,Q37158-0b42adc7-436b-211c-a091-c20f7aba0a1b,Q507306,Nasdaq-100,,,
Q37158,Starbucks,P361,part of,Q37158-2b31ca30-43ab-955c-32b6-abc688c33d95,Q1546793,S&P 100,,,
Q37158,Starbucks,P361,part of,Q37158-675acc5f-4227-3376-aee1-26da80b5f114,Q242345,S&P 500,,,
Q37158,Starbucks,P452,industry,Q37158-c9973adc-465a-01ef-3664-7ae23c95aa39,Q10302044,coffee industry,,,
Q1373493,Lowe's,P1056,product or material produced,Q1373493-5F8EAB5A-A6C6-4393-9633-C62C180D7D69,Q212920,home appliance,,,
Q1373493,Lowe's,P169,chief executive officer,Q1373493-2f18385a-4d97-f688-d12c-e08b4b6f2b3f,Q22279080,Marvin Ellison,,,
Q1373493,Lowe's,P361,part of,Q1373493-9EB4D30F-1B83-498A-A5CF-1282363B9585,Q242345,S&P 500,,,
Q1373493,Lowe's,P361,part of,Q1373493-25A6EC01-73CE-432D-BFC1-0872B832ADC9,Q1546793,S&P 100,,,
Q1373493,Lowe's,P452,industry,Q1373493-23a7014b-4f84-456b-7d1f-f3474add095c,Q811530,hardware store,,,
Q2047336,Palantir Technologies,P127,owned by,Q2047336-90c3f9f7-4bde-6a34-0792-eee0b0b9154e,Q19560940,Q19560940,P585,point in time,2025-04-11T00:00:00Z
Q2047336,Palantir Technologies,P127,owned by,Q2047336-90c3f9f7-4bde-6a34-0792-eee0b0b9154e,Q19560940,Q19560940,P1107,proportion,11.1
Q2047336,Palantir Technologies,P127,owned by,Q2047336-21b097d5-4605-ff5c-bec6-6ca4af2028b9,Q705525,Peter Thiel,P585,point in time,2025-04-11T00:00:00Z
Q2047336,Palantir Technologies,P127,owned by,Q2047336-21b097d5-4605-ff5c-bec6-6ca4af2028b9,Q705525,Peter Thiel,P1107,proportion,8.1
Q2047336,Palantir Technologies,P127,owned by,Q2047336-4eebfa5b-416b-ff6f-abf8-74a9ed9a41b6,Q849363,The Vanguard Group,P585,point in time,2025-04-11T00:00:00Z
Q2047336,Palantir Technologies,P127,owned by,Q2047336-4eebfa5b-416b-ff6f-abf8-74a9ed9a41b6,Q849363,The Vanguard Group,P1107,proportion,4.9
Q2047336,Palantir Technologies,P127,owned by,Q2047336-fe4acc85-4e94-10d8-206a-cd908ac74640,Q219635,BlackRock,P585,point in time,2025-04-11T00:00:00Z
Q2047336,Palantir Technologies,P127,owned by,Q2047336-fe4acc85-4e94-10d8-206a-cd908ac74640,Q219635,BlackRock,P1107,proportion,3.5
Q2047336,Palantir Technologies,P169,chief executive officer,Q2047336-e98e3c92-4dfa-e6f1-9a9a-411f6e959480,Q19560940,Q19560940,,,
Q2047336,Palantir Technologies,P355,child organization or unit,Q2047336-a67b1238-4e53-5efe-1920-e604a31de540,Q63380917,Palantir Technologies France,,,
Q2047336,Palantir Technologies,P361,part of,Q2047336-9ABBF5E6-39B6-4DC4-855B-993E0976AC42,Q507306,Nasdaq-100,P585,point in time,2026-02-01T00:00:00Z
Q2047336,Palantir Technologies,P361,part of,Q2047336-1137d542-4e76-d8bc-7692-c1325da07cd2,Q921581,Russell 1000 Index,,,
Q2047336,Palantir Technologies,P361,part of,Q2047336-38e75f4d-40c9-f7b5-315e-8f85d00c550a,Q134661623,list of companies involved in the Gaza war,,,
Q2047336,Palantir Technologies,P361,part of,Q2047336-89C7986B-1F0A-4967-9E4A-339CC9983EDA,Q1546793,S&P 100,,,
Q2047336,Palantir Technologies,P452,industry,Q2047336-FB2C4E10-52DB-4691-93BE-4F724B45E0C5,Q97466014,data analytics software industry,,,
Q2047336,Palantir Technologies,P452,industry,Q2047336-7366f650-4293-d6b4-c8f7-59d23b6f1c67,Q1425056,mass surveillance,,,
Q2047336,Palantir Technologies,P452,industry,Q2047336-63a6d7e6-41d4-421c-9922-6017ab3d820c,Q651476,computer and network surveillance,,,
Q2047336,Palantir Technologies,P452,industry,Q2047336-2160af12-42a5-d5a4-919f-26395e811b40,Q1059178,open-source intelligence,,,
Q632240,Eli Lilly and Company,P1056,product or material produced,Q632240-12F87508-BA48-459F-8759-EE3CA4DEC6EE,Q12140,medication,,,
Q632240,Eli Lilly and Company,P169,chief executive officer,Q632240-8b6c9cc1-4d0a-36c8-59b2-55452ffa4580,Q16144345,Sidney Taurel,P580,start time,1998-07-01T00:00:00Z
Q632240,Eli Lilly and Company,P169,chief executive officer,Q632240-8b6c9cc1-4d0a-36c8-59b2-55452ffa4580,Q16144345,Sidney Taurel,P582,end time,2008-03-31T00:00:00Z
Q632240,Eli Lilly and Company,P169,chief executive officer,Q632240-9484ac92-48ba-08e3-90f2-3878d4c1dc9e,Q6224507,John C. Lechleiter,P580,start time,2008-04-01T00:00:00Z
Q632240,Eli Lilly and Company,P169,chief executive officer,Q632240-9484ac92-48ba-08e3-90f2-3878d4c1dc9e,Q6224507,John C. Lechleiter,P582,end time,2016-12-31T00:00:00Z
Q632240,Eli Lilly and Company,P169,chief executive officer,Q632240-a921361e-4911-45e4-96ee-7925e7befa84,Q1630242,Randall L. Tobias,P580,start time,1993-01-01T00:00:00Z
Q632240,Eli Lilly and Company,P169,chief executive officer,Q632240-a921361e-4911-45e4-96ee-7925e7befa84,Q1630242,Randall L. Tobias,P582,end time,1998-06-30T00:00:00Z
Q632240,Eli Lilly and Company,P169,chief executive officer,Q632240-da691ef9-47bf-e000-6510-801af7f3b5e9,Q118706826,David A. Ricks,P580,start time,2017-01-01T00:00:00Z
Q632240,Eli Lilly and Company,P1830,owner of,Q632240-52102441-9CBD-4933-BC08-8E24425F0D3C,Q7051051,"Norfolk House, Basingstoke",,,
Q632240,Eli Lilly and Company,P355,child organization or unit,Q632240-019CFC8B-30F0-4F19-85A3-31C7069020B3,Q29123574,Eli Lilly (Canada),,,
Q632240,Eli Lilly and Company,P355,child organization or unit,Q632240-07D0F7B9-3003-4B48-8632-EAD68BAFA9D4,Q30338568,Eli Lilly (Singapore),,,
Q632240,Eli Lilly and Company,P355,child organization or unit,Q632240-12C8BC29-4088-4965-B72F-828231C3981A,Q43896148,Eli Lilly,,,
Q632240,Eli Lilly and Company,P355,child organization or unit,Q632240-4E08B0F6-DEBC-4B70-8A10-2047392FE71B,Q30338570,Eli Lilly (India),,,
Q632240,Eli Lilly and Company,P355,child organization or unit,Q632240-4ECC0E23-ACB2-4A25-8674-A1007471DBFE,Q29123569,Eli Lilly (United Kingdom),,,
Q632240,Eli Lilly and Company,P355,child organization or unit,Q632240-B6894F40-3561-413A-9767-2CDD5A6466C2,Q30338566,Eli Lilly (Germany),,,
Q632240,Eli Lilly and Company,P355,child organization or unit,Q632240-d2f6759c-4655-8d91-4696-56f1a3fefe22,Q106999751,Lilly France,,,
Q632240,Eli Lilly and Company,P355,child organization or unit,Q632240-D842B76C-B2B8-433A-A47D-C6485602EDC4,Q30338571,Lilly (China),,,
Q632240,Eli Lilly and Company,P361,part of,Q632240-7E52F330-AA61-4FD9-ABE8-D7ADAD3E0858,Q242345,S&P 500,,,
Q632240,Eli Lilly and Company,P361,part of,Q632240-BBCFA0ED-5614-42CE-B682-07DCA9941889,Q1546793,S&P 100,,,
Q632240,Eli Lilly and Company,P452,industry,Q632240-5A951B87-D3C6-4B39-911A-A1E276DF71AA,Q507443,pharmaceutical industry,,,
Q470517,Amgen,P1056,product or material produced,Q470517-483DD2D3-B4D3-41FF-AEDA-E322363CC8AD,Q28209017,erenumab,,,
Q470517,Amgen,P355,child organization or unit,Q470517-61BF3553-060F-445A-B4C2-1E7B290CF7EC,Q30270695,Amgen (Netherlands),,,
Q470517,Amgen,P355,child organization or unit,Q470517-C2DE5B2B-FEEB-4DCB-B419-146BADD0E37E,Q30338474,Amgen (Germany),,,
Q470517,Amgen,P355,child organization or unit,Q470517-E737E18A-622A-4394-A758-27A2F15EF7B5,Q30338472,Amgen (Canada),,,
Q470517,Amgen,P355,child organization or unit,Q470517-f8f487a7-485e-e869-ebce-35e772fd8194,Q106999641,Amgen (France),,,
Q470517,Amgen,P361,part of,Q470517-15E6976C-59A6-4D34-8062-2F61699053A8,Q507306,Nasdaq-100,,,
Q470517,Amgen,P361,part of,Q470517-194495FE-4DE4-487F-9A7F-84365394598A,Q242345,S&P 500,,,
Q470517,Amgen,P361,part of,Q470517-B9B7EFF6-65D4-4886-8733-907542A05B76,Q773026,Dow Jones Global Titans 50,,,
Q470517,Amgen,P361,part of,Q470517-4C418C71-1E90-45B4-B311-6176198BF8C6,Q1546793,S&P 100,,,
Q470517,Amgen,P361,part of,Q470517-3161ded1-4d93-2299-2ec6-3eca217ae571,Q180816,Dow Jones Industrial Average,,,
Q470517,Amgen,P452,industry,Q470517-9995B899-002F-4157-82D5-AAE75C2FE762,Q507443,pharmaceutical industry,,,
Q1159256,Danaher Corporation,P127,owned by,Q1159256-3c999d2f-4ea3-d8b4-dec9-4583e3d9a9b8,Q849363,The Vanguard Group,P1107,proportion,0.0486
Q1159256,Danaher Corporation,P127,owned by,Q1159256-6cb186d7-4310-7305-2d87-3bd878faf61b,Q3511946,T. Rowe Price,P1107,proportion,0.1209
Q1159256,Danaher Corporation,P127,owned by,Q1159256-952600a1-4ed3-12a2-081b-998431d088be,Q1411292,Fidelity Investments,P1107,proportion,0.0528
Q1159256,Danaher Corporation,P127,owned by,Q1159256-24d0fa86-4ab4-566a-4449-158830f48ee2,Q7615005,Steven Rales,,,
Q1159256,Danaher Corporation,P127,owned by,Q1159256-856002f7-406d-f4a4-386c-afd753720995,Q6881360,Mitchell Rales,,,
Q1159256,Danaher Corporation,P355,child organization or unit,Q1159256-d9e5711c-4b98-5c48-0591-e260de92f896,Q6042815,Integrated DNA Technologies,P580,start time,2018-03-19T00:00:00Z
Q1159256,Danaher Corporation,P355,child organization or unit,Q1159256-E1CCAB7F-FD1A-4095-9077-9559F8F7D981,Q479952,Beckman Coulter,P580,start time,2012-01-01T00:00:00Z
Q1159256,Danaher Corporation,P355,child organization or unit,Q1159256-2607A0A2-EA10-4881-BED8-7B42EEF7E24C,Q30338120,Danaher (Singapore),,,
Q1159256,Danaher Corporation,P355,child organization or unit,Q1159256-3E062B9B-187C-4297-BC24-238AED8E166E,Q30338119,Danaher (Germany),,,
Q1159256,Danaher Corporation,P355,child organization or unit,Q1159256-4764bed9-4eb3-4846-ed03-0a56fa1da0a1,Q672725,Nobel Biocare,,,
Q1159256,Danaher Corporation,P355,child organization or unit,Q1159256-4DC5B188-45BD-4795-A1FA-CBD3BEB6FFCB,Q29110550,Danaher (China),,,
Q1159256,Danaher Corporation,P355,child organization or unit,Q1159256-6568D984-E9C8-49AE-9CAE-2A1D9904A238,Q30338116,Danaher (Sweden),,,
Q1159256,Danaher Corporation,P355,child organization or unit,Q1159256-86781BA1-3FD0-4D1C-A7AE-F2C581415FF5,Q29110551,Danaher (Australia),,,
Q1159256,Danaher Corporation,P355,child organization or unit,Q1159256-9BA8AB42-764D-43F6-9E24-C7F5682E882F,Q30343753,Danaher (Switzerland),,,
Q1159256,Danaher Corporation,P355,child organization or unit,Q1159256-A8450DD5-7203-4A96-BC54-E16DED6AE9E5,Q29110549,Danaher (United Kingdom),,,
Q1159256,Danaher Corporation,P361,part of,Q1159256-DC87AC79-0AE3-401F-A770-948741982AE4,Q242345,S&P 500,,,
Q1159256,Danaher Corporation,P361,part of,Q1159256-16BE7B22-7E66-42A1-AD8D-965DF8E7CEEF,Q1546793,S&P 100,,,
Q1159256,Danaher Corporation,P452,industry,Q1159256-DE789C17-10F5-484F-8D9B-FC2992A21E70,Q778575,conglomerate,,,
Q898208,Honeywell,P169,chief executive officer,Q898208-37512058-4dec-3e8c-881e-a7689c9b73d8,Q25141716,Darius Adamczyk,P580,start time,2017-03-01T00:00:00Z
Q898208,Honeywell,P169,chief executive officer,Q898208-37512058-4dec-3e8c-881e-a7689c9b73d8,Q25141716,Darius Adamczyk,P582,end time,2023-06-01T00:00:00Z
Q898208,Honeywell,P169,chief executive officer,Q898208-c2b56c35-40c0-7526-fc9b-3519ca803ed5,Q115735611,Vimal Kapur,P580,start time,2023-06-01T00:00:00Z
Q898208,Honeywell,P355,child organization or unit,Q898208-038caf3b-43de-fd18-6544-b492cdcb48ae,Q116045641,Honeywell Safety and Productivity Solutions,,,
Q898208,Honeywell,P355,child organization or unit,Q898208-3226f745-4ea0-4122-646d-0d085875488b,Q1626886,Honeywell Specialty Chemicals Seelze,,,
Q898208,Honeywell,P355,child organization or unit,Q898208-36991332-7443-413A-A00E-B4913C69CBB2,Q28999490,Honeywell (Australia),,,
Q898208,Honeywell,P355,child organization or unit,Q898208-44cbb94b-4748-6eef-940c-b706f67899c0,Q124004796,Honeywell Building Technologies,,,
Q898208,Honeywell,P355,child organization or unit,Q898208-55830f98-4289-74c0-4865-ffc746915dc4,Q5893992,Q5893992,,,
Q898208,Honeywell,P355,child organization or unit,Q898208-5EA0B614-0896-4B59-B314-98D89DFB6B7F,Q28999466,Honeywell,,,
Q898208,Honeywell,P355,child organization or unit,Q898208-7C124EEC-9380-4174-BD43-75D013245121,Q28999477,Honeywell (Germany),,,
Q898208,Honeywell,P355,child organization or unit,Q898208-8796E870-8EE1-4AF3-8F24-BA27D6DBFD15,Q30338773,Honeywell (India),,,
Q898208,Honeywell,P355,child organization or unit,Q898208-8BFD391C-9D9A-40B2-8537-1769852F8DFC,Q30343895,Honeywell (Netherlands),,,
Q898208,Honeywell,P355,child organization or unit,Q898208-A522D8FA-5D18-4F87-AF8A-F7B7BFAA1E36,Q30343897,Honeywell (Switzerland),,,
Q898208,Honeywell,P355,child organization or unit,Q898208-d1198828-4560-be90-2315-45c1347b90e5,Q1333882,Elster Group,,,
Q898208,Honeywell,P355,child organization or unit,Q898208-D17EBA3C-52A7-4842-9CFF-32784B19AFE7,Q30338771,Honeywell (Canada),,,
Q898208,Honeywell,P355,child organization or unit,Q898208-D8ED1BB6-1E5D-4DCD-96AF-1B26C4B04536,Q30338775,Honeywell (France),,,
Q898208,Honeywell,P361,part of,Q898208-CCBFBE50-6F8A-434E-B882-E5FEB597B8A8,Q242345,S&P 500,,,
Q898208,Honeywell,P361,part of,Q898208-112b9d3d-4708-72d7-dc25-a5e89b0c53cc,Q134661623,list of companies involved in the Gaza war,,,
Q898208,Honeywell,P361,part of,Q898208-2269358F-FE12-4D06-9272-AB7BC62AE2FD,Q1546793,S&P 100,,,
Q898208,Honeywell,P361,part of,Q898208-4226f3e7-40f1-1ded-5dd5-145dcab2a29f,Q180816,Dow Jones Industrial Average,,,
Q898208,Honeywell,P452,industry,Q898208-01661d3d-4c62-b908-c069-01df8e5b4bb0,Q207652,chemical industry,,,
Q898208,Honeywell,P452,industry,Q898208-402ed3e0-402c-be5a-ef6f-3cd7b73e01a8,Q10861389,manufacturing industry,,,
Q898208,Honeywell,P452,industry,Q898208-40bbae3f-4ad1-39ac-a55d-db2264088451,Q1824206,supply chain,,,
Q898208,Honeywell,P452,industry,Q898208-40e83572-4b7e-8df6-529b-62e29ec3666d,Q15067276,health care industry,,,
Q898208,Honeywell,P452,industry,Q898208-5fdbafd5-418a-f2d4-b279-f8c95cba2d86,Q126793,retail,,,
Q898208,Honeywell,P452,industry,Q898208-B02687AF-02E3-4680-852C-8E281AB39521,Q3477363,aerospace industry,,,
Q898208,Honeywell,P452,industry,Q898208-c2ac3d7f-4295-5335-eb8b-79c8aa600e57,Q48782917,industrial safety,,,
Q544847,Qualcomm,P1056,product or material produced,Q544847-25f457fe-43a2-6876-7fae-04cca2565f9e,Q3966,computer hardware,,,
Q544847,Qualcomm,P1056,product or material produced,Q544847-5dda5f56-48e5-8eb5-80ff-3ef4663e0fb2,Q1193262,Qualcomm Snapdragon,,,
Q544847,Qualcomm,P1056,product or material produced,Q544847-6CBBD999-9FF7-4F30-A9B1-81A3B6271B3B,Q7397,software,,,
Q544847,Qualcomm,P1056,product or material produced,Q544847-8e8f994c-42e1-0347-3df5-79232498724b,Q863516,Binary Runtime Environment for Wireless,,,
Q544847,Qualcomm,P1056,product or material produced,Q544847-A38311EF-1504-49F1-BF4E-53757BAAD069,Q1546066,networking hardware,,,
Q544847,Qualcomm,P169,chief executive officer,Q544847-2c8ec9ab-4914-207c-c15d-6eda2f02e38d,Q110471964,Cristiano Amon,P580,start time,2021-06-30T00:00:00Z
Q544847,Qualcomm,P169,chief executive officer,Q544847-f4d7c1df-455d-ac47-7dff-1f498a584a38,Q18634617,Steve Mollenkopf,P580,start time,2013-12-01T00:00:00Z
Q544847,Qualcomm,P169,chief executive officer,Q544847-f4d7c1df-455d-ac47-7dff-1f498a584a38,Q18634617,Steve Mollenkopf,P582,end time,2021-06-30T00:00:00Z
Q544847,Qualcomm,P1830,owner of,Q544847-37FC574E-C2C2-45E2-BA73-7FC4F8BB13C5,Q1083858,Qualcomm Atheros,,,
Q544847,Qualcomm,P1830,owner of,Q544847-3C8C6C89-BFFB-4AE3-A117-FB84B382B3C1,Q7997980,WiPower,,,
Q544847,Qualcomm,P355,child organization or unit,Q544847-3c0ffd29-4afc-52cd-7065-4864aef83da6,Q112112396,Qualcomm Communications SARL,,,
Q544847,Qualcomm,P355,child organization or unit,Q544847-628ed529-4b51-bcbf-6ac2-9f621f0fded0,Q21122254,Qualcomm MEMS Technologies,,,
Q544847,Qualcomm,P355,child organization or unit,Q544847-C6B854A4-D66E-4E92-952C-6291F3B0D3BB,Q30338539,Qualcomm (Canada),,,
Q544847,Qualcomm,P355,child organization or unit,Q544847-ece20ad3-486e-9bb2-df55-e422e0a8f2f6,Q1083858,Qualcomm Atheros,,,
Q544847,Qualcomm,P355,child organization or unit,Q544847-F01ABB03-30B4-4834-8A5C-EDF46C4837B6,Q28974281,Qualcomm (United Kingdom),,,
Q544847,Qualcomm,P361,part of,Q544847-1EB52421-FDC9-4840-BBFF-C8E266A1ADC6,Q507306,Nasdaq-100,P585,point in time,2026-02-01T00:00:00Z
Q544847,Qualcomm,P361,part of,Q544847-f30390d0-4233-0ec6-fe15-5d1648ad7685,Q242345,S&P 500,,,
Q544847,Qualcomm,P361,part of,Q544847-8D8FC7D4-CC2A-4340-8768-6AA9CC7BEBAB,Q1546793,S&P 100,,,
Q544847,Qualcomm,P452,industry,Q544847-0A2CDBBF-E495-48DA-BF61-0B3A000A902E,Q418,telecommunications,,,
Q544847,Qualcomm,P452,industry,Q544847-468eadba-4c40-1b6a-c968-26f84b8bc171,Q2986369,semiconductor industry,,,
Q544847,Qualcomm,P452,industry,Q544847-5fb28d08-4c00-e495-3abc-3fde9c0c4f0c,Q872,radio,,,
Q159433,3M,P127,owned by,Q159433-96cf2cb8-4d4f-392c-dc71-4eb80cd5d232,Q849363,The Vanguard Group,P585,point in time,2025-02-28T00:00:00Z
Q159433,3M,P127,owned by,Q159433-96cf2cb8-4d4f-392c-dc71-4eb80cd5d232,Q849363,The Vanguard Group,P1107,proportion,0.0889
Q159433,3M,P127,owned by,Q159433-76d9ecd7-4539-1901-536b-6a89dd83f6cf,Q219635,BlackRock,P585,point in time,2025-02-28T00:00:00Z
Q159433,3M,P127,owned by,Q159433-76d9ecd7-4539-1901-536b-6a89dd83f6cf,Q219635,BlackRock,P1107,proportion,0.076
Q159433,3M,P127,owned by,Q159433-82d75a15-4d30-c265-d5ce-48dd453c84b3,Q2037125,State Street Corporation,P585,point in time,2025-02-28T00:00:00Z
Q159433,3M,P127,owned by,Q159433-82d75a15-4d30-c265-d5ce-48dd453c84b3,Q2037125,State Street Corporation,P1107,proportion,0.051
Q159433,3M,P169,chief executive officer,Q159433-9986d059-4d67-92dd-8e3d-6979945d24aa,Q85815710,William M. Brown,P580,start time,2024-05-01T00:00:00Z
Q159433,3M,P169,chief executive officer,Q159433-fade6f0b-4f34-83f6-f561-7948fbcc0e48,Q94016219,Mike Roman,P580,start time,2018-07-01T00:00:00Z
Q159433,3M,P169,chief executive officer,Q159433-fade6f0b-4f34-83f6-f561-7948fbcc0e48,Q94016219,Mike Roman,P582,end time,2024-05-01T00:00:00Z
Q159433,3M,P1830,owner of,Q159433-326FB8D4-8130-4BEE-9885-E70A588DEA9F,Q259589,Scotch tape,,,
Q159433,3M,P1830,owner of,Q159433-AF56861F-660A-461A-AF79-5E5F19026549,Q181331,Post-it,,,
Q159433,3M,P355,child organization or unit,Q159433-373D5F1D-2266-4244-B815-75392FBB5760,Q30256766,3M (Germany),,,
Q159433,3M,P355,child organization or unit,Q159433-3AB4E349-961B-4999-8B71-1489A93E088A,Q28974625,3M (Israel),,,
Q159433,3M,P355,child organization or unit,Q159433-76A76C30-9891-4CED-8284-EA0C9D40A81B,Q30284639,3M (France),,,
Q159433,3M,P355,child organization or unit,Q159433-8D986281-AF4A-481C-BBF4-23A3D549E6B9,Q30289694,3M (United Kingdom),,,
Q159433,3M,P355,child organization or unit,Q159433-d8b3a744-44c1-086d-4383-bd5399c2e175,Q21167972,3M Innovative Properties,,,
Q159433,3M,P355,child organization or unit,Q159433-F492375E-9053-477E-867C-8B8172E747CE,Q28974623,3M (Canada),,,
Q159433,3M,P361,part of,q159433-34926cb7-4324-126e-0ec6-9a02375b55c0,Q180816,Dow Jones Industrial Average,,,
Q159433,3M,P361,part of,Q159433-56226A43-3FB8-4198-9DCF-4EFD5FE80F0A,Q773026,Dow Jones Global Titans 50,,,
Q159433,3M,P361,part of,Q159433-e018f987-47a9-8dec-c43f-39c9870a6abd,Q242345,S&P 500,,,
Q159433,3M,P361,part of,Q159433-52AD1F10-F9C5-453E-AB3F-B275AAC10651,Q1546793,S&P 100,,,
Q159433,3M,P452,industry,Q159433-d453dbb4-4a97-b723-e2e8-04870d83f0c0,Q56573357,consumer goods industry,,,
Q159433,3M,P452,industry,Q159433-fcb64c28-4181-b9a2-276b-856e7bb6d7a0,Q2064531,occupational safety,,,
Q159433,3M,P452,industry,Q159433-0d9b8edc-406d-b73f-ff3c-0a7a48c6b08c,Q1945600,mining industry,,,
Q1113804,Comcast,P1056,product or material produced,Q1113804-CDC61372-D3FB-4D0A-93F7-E2F049FB3C77,Q184452,cable television,,,
Q1113804,Comcast,P169,chief executive officer,Q1113804-558D09F6-3E7E-4619-A051-D8D6A6A6A04D,Q4964404,Brian L. Roberts,,,
Q1113804,Comcast,P355,child organization or unit,Q1113804-182f16d9-4d55-7442-bb87-7f420d2be022,Q60740233,Comcast Ventures,,,
Q1113804,Comcast,P355,child organization or unit,Q1113804-B963E891-D72C-4B08-B2F9-9434B637AF01,Q918390,Sky Group,,,
Q1113804,Comcast,P355,child organization or unit,Q1113804-EAF7B4BC-DB9A-4251-B5B1-B63AC6714A06,Q724759,NBCUniversal,,,
Q1113804,Comcast,P361,part of,Q1113804-1596ab5e-459a-74bb-71b2-f576ee270e4d,Q507306,Nasdaq-100,,,
Q1113804,Comcast,P361,part of,Q1113804-cc4a114b-4360-173c-7f92-98438294178c,Q242345,S&P 500,,,
Q1113804,Comcast,P361,part of,Q1113804-CB857FDC-6AC8-4EED-9670-5DA78970FE81,Q1546793,S&P 100,,,
Q1113804,Comcast,P452,industry,Q1113804-1DCF6F83-4F3D-4B31-A284-79F51ECBB107,Q2401742,telecommunications,,,
Q193326,Goldman Sachs,P1056,product or material produced,Q193326-99912B80-F574-47F5-BA9E-56280D4D70AF,Q319845,investment bank,,,
Q193326,Goldman Sachs,P1056,product or material produced,Q193326-b0f24eb4-4827-e27f-26fa-57d433f33f43,Q873442,asset management,,,
Q193326,Goldman Sachs,P127,owned by,Q193326-4fd2b906-4aba-88ac-54df-45cbf59ea4cc,Q849363,The Vanguard Group,P585,point in time,2025-02-24T00:00:00Z
Q193326,Goldman Sachs,P127,owned by,Q193326-4fd2b906-4aba-88ac-54df-45cbf59ea4cc,Q849363,The Vanguard Group,P1107,proportion,0.0919
Q193326,Goldman Sachs,P127,owned by,Q193326-f335fdd5-4306-d771-b582-87977efbdb7a,Q219635,BlackRock,P585,point in time,2025-02-24T00:00:00Z
Q193326,Goldman Sachs,P127,owned by,Q193326-f335fdd5-4306-d771-b582-87977efbdb7a,Q219635,BlackRock,P1107,proportion,0.074
Q193326,Goldman Sachs,P127,owned by,Q193326-f541129d-4323-0670-0074-e4e4e78e79ca,Q2037125,State Street Corporation,P585,point in time,2025-02-24T00:00:00Z
Q193326,Goldman Sachs,P127,owned by,Q193326-f541129d-4323-0670-0074-e4e4e78e79ca,Q2037125,State Street Corporation,P1107,proportion,0.0631
Q193326,Goldman Sachs,P169,chief executive officer,Q193326-10d69226-4399-6b68-b9da-6db629a5856c,Q1359151,Lloyd Blankfein,P580,start time,2006-05-01T00:00:00Z
Q193326,Goldman Sachs,P169,chief executive officer,Q193326-10d69226-4399-6b68-b9da-6db629a5856c,Q1359151,Lloyd Blankfein,P582,end time,2018-09-01T00:00:00Z
Q193326,Goldman Sachs,P169,chief executive officer,Q193326-4b7c5913-4ed7-478e-bd06-e9b260c0ae17,Q29641838,David M. Solomon,P580,start time,2018-10-01T00:00:00Z
Q193326,Goldman Sachs,P1830,owner of,Q193326-09251552-2E3D-41F7-8A99-5C2695F0CC6F,Q24282966,MONETA Bank,,,
Q193326,Goldman Sachs,P1830,owner of,Q193326-095C54AD-B666-4D45-8BEF-97F6D6540D7C,Q5324991,EagleBank,,,
Q193326,Goldman Sachs,P1830,owner of,Q193326-2828D5B1-2830-4EBC-9908-5F88DBCB3655,Q2274634,Getlink,,,
Q193326,Goldman Sachs,P1830,owner of,Q193326-53418B86-D5FD-4206-927D-3913C5B7F6AC,Q116002,200 West Street,,,
Q193326,Goldman Sachs,P1830,owner of,Q193326-6DB37DC4-9BA0-4AB1-825E-23896BEE531A,Q2275601,30 Hudson Street,,,
Q193326,Goldman Sachs,P1830,owner of,Q193326-947E9164-B2F8-4601-A877-359BCA7790D7,Q1241260,Ørsted,,,
Q193326,Goldman Sachs,P1830,owner of,Q193326-F1B53491-D292-49AC-A95D-1A10C5F91119,Q1023871,CMC Markets,,,
Q193326,Goldman Sachs,P361,part of,Q193326-3c4eba90-4c73-3711-612b-6759293cef0f,Q242345,S&P 500,,,
Q193326,Goldman Sachs,P361,part of,Q193326-B3A2CA5F-CC96-48FF-B280-CCB5AC319972,Q180816,Dow Jones Industrial Average,,,
Q193326,Goldman Sachs,P361,part of,Q193326-2B400298-40E8-4498-A42D-C9AE951F35AC,Q1546793,S&P 100,,,
Q193326,Goldman Sachs,P452,industry,Q193326-1150ee97-4b1d-5a02-01e9-997596c9b8ef,Q1666934,International Standard Industrial Classification,P585,point in time,0419-01-01T00:00:00Z
Q193326,Goldman Sachs,P452,industry,Q193326-513B5B0E-CAF9-460D-B053-7A5FC7D27FEB,Q29584334,"financial service activities, except insurance and pension funding",,,
Q193326,Goldman Sachs,P452,industry,Q193326-9ACD4B97-3B26-4025-9F51-6503BBB25F93,Q57774188,financial sector,,,
Q193326,Goldman Sachs,P452,industry,Q193326-9ebd733a-4c5a-114d-e1f1-c664c8e06aaa,Q837171,financial services,,,
Q14662364,AbbVie,P1056,product or material produced,Q14662364-55583037-496c-5325-411e-9c07d8c1bd36,Q179661,therapy,,,
Q14662364,AbbVie,P1056,product or material produced,Q14662364-D42A205F-4964-47F2-A82B-1819E5393C4A,Q12140,medication,,,
Q14662364,AbbVie,P127,owned by,Q14662364-60db07f9-4368-eb9e-2a3c-ede1b46e5f5d,Q849363,The Vanguard Group,P585,point in time,2024-12-31T00:00:00Z
Q14662364,AbbVie,P127,owned by,Q14662364-60db07f9-4368-eb9e-2a3c-ede1b46e5f5d,Q849363,The Vanguard Group,P1107,proportion,9.06
Q14662364,AbbVie,P127,owned by,Q14662364-4bf4dfa8-4484-188e-a982-ff64001e7f61,Q219635,BlackRock,P585,point in time,2024-12-31T00:00:00Z
Q14662364,AbbVie,P127,owned by,Q14662364-4bf4dfa8-4484-188e-a982-ff64001e7f61,Q219635,BlackRock,P1107,proportion,8.09
Q14662364,AbbVie,P169,chief executive officer,Q14662364-4b323562-4681-2d57-c38d-a0f95d1c7a1b,Q125257078,Robert A. Michael,P580,start time,2024-07-01T00:00:00Z
Q14662364,AbbVie,P169,chief executive officer,Q14662364-7f8ec4d5-4179-f0ba-6b6c-d1ea240fe180,Q63410046,Richard A. Gonzalez,P580,start time,2013-01-01T00:00:00Z
Q14662364,AbbVie,P169,chief executive officer,Q14662364-7f8ec4d5-4179-f0ba-6b6c-d1ea240fe180,Q63410046,Richard A. Gonzalez,P582,end time,2024-07-01T00:00:00Z
Q14662364,AbbVie,P355,child organization or unit,Q14662364-54B41B7B-8407-4BF9-9232-80CBF938E7C3,Q29002457,AbbVie (Bahamas),,,
Q14662364,AbbVie,P355,child organization or unit,Q14662364-82270f09-4211-40f9-cb0c-37267ddc8b11,Q29002441,AbbVie (Bermuda),,,
Q14662364,AbbVie,P355,child organization or unit,Q14662364-83508C27-9157-4A9E-8D90-378DB9947499,Q29002439,AbbVie Deutschland GmbH & Co. KG,,,
Q14662364,AbbVie,P355,child organization or unit,Q14662364-994a7d16-44d1-5ee2-2942-9a70dd826aaa,Q58206524,AbbVie s.r.o.,,,
Q14662364,AbbVie,P355,child organization or unit,Q14662364-b6e4f09d-4a85-e0c1-c734-57412673c959,Q52479381,AbbVie GK,,,
Q14662364,AbbVie,P355,child organization or unit,Q14662364-ed48db69-4172-ab2d-1f07-b89c581cad27,Q130314552,AbbVie (Australia),,,
Q14662364,AbbVie,P361,part of,Q14662364-11918f0a-4c75-2a33-7166-162248804e3e,Q1546793,S&P 100,,,
Q14662364,AbbVie,P361,part of,Q14662364-82ba7575-4e72-06e7-6c41-1d0512f421a0,Q242345,S&P 500,,,
Q14662364,AbbVie,P452,industry,Q14662364-3C5D7170-F704-4E06-80EA-FF21DEC70463,Q507443,pharmaceutical industry,,,
Q14662364,AbbVie,P452,industry,Q14662364-d5a1930a-4276-0296-ce37-a92d22ff81d4,Q7108,biotechnology,,,
Q3295867,The Coca-Cola Company,P1056,product or material produced,Q3295867-29e18dd7-436e-55dc-c23a-da57b45231eb,Q2813,Coca-Cola,,,
Q3295867,The Coca-Cola Company,P1056,product or material produced,Q3295867-3F0FC9C4-1486-4CEF-8B97-FBC51CDE0B85,Q154,alcoholic beverage,,,
Q3295867,The Coca-Cola Company,P1056,product or material produced,Q3295867-49692F02-F016-4B27-A4D1-9060A95B86B4,Q2647467,non-alcoholic beverage,,,
Q3295867,The Coca-Cola Company,P1056,product or material produced,Q3295867-5061f7b2-4ca4-8327-4ac7-94fb5190ba28,Q147538,soft drink,,,
Q3295867,The Coca-Cola Company,P1056,product or material produced,Q3295867-a708dc81-4c59-56e8-e072-8ba5e0d5d0f7,Q206978,Sprite,,,
Q3295867,The Coca-Cola Company,P1056,product or material produced,Q3295867-c872870d-4e45-6bc6-073c-c29abe82a729,Q125972107,Fanta Orange,,,
Q3295867,The Coca-Cola Company,P1056,product or material produced,Q3295867-d535fbb3-4c13-caa7-bf3b-c200cec78ba9,Q1815345,Diet Coke,,,
Q3295867,The Coca-Cola Company,P127,owned by,Q3295867-8b480bbb-49e6-ed03-c0d5-6ebd09425abc,Q970769,Norges Bank,P1107,proportion,0.0123
Q3295867,The Coca-Cola Company,P127,owned by,Q3295867-32042d15-47fd-2e00-e310-9dc5fafdbaaa,Q849363,The Vanguard Group,P585,point in time,2019-12-31T00:00:00Z
Q3295867,The Coca-Cola Company,P127,owned by,Q3295867-32042d15-47fd-2e00-e310-9dc5fafdbaaa,Q849363,The Vanguard Group,P1107,proportion,0.0739
Q3295867,The Coca-Cola Company,P127,owned by,Q3295867-3205adc3-439b-8b7e-ba7d-bf2a263a3f23,Q219635,BlackRock,P585,point in time,2019-12-31T00:00:00Z
Q3295867,The Coca-Cola Company,P127,owned by,Q3295867-3205adc3-439b-8b7e-ba7d-bf2a263a3f23,Q219635,BlackRock,P1107,proportion,0.0639
Q3295867,The Coca-Cola Company,P127,owned by,Q3295867-5e21e3ff-4e1c-8b14-12b5-67976f710a66,Q217583,Berkshire Hathaway,P585,point in time,2019-12-31T00:00:00Z
Q3295867,The Coca-Cola Company,P127,owned by,Q3295867-5e21e3ff-4e1c-8b14-12b5-67976f710a66,Q217583,Berkshire Hathaway,P1107,proportion,0.0932
Q3295867,The Coca-Cola Company,P127,owned by,Q3295867-7d5d4647-4c1c-cd48-f64d-26746cdf325c,Q217583,Berkshire Hathaway,P585,point in time,2025-12-31T00:00:00Z
Q3295867,The Coca-Cola Company,P127,owned by,Q3295867-7d5d4647-4c1c-cd48-f64d-26746cdf325c,Q217583,Berkshire Hathaway,P1107,proportion,0.093
Q3295867,The Coca-Cola Company,P127,owned by,Q3295867-0744fe97-4244-0a0a-50c5-bf0faa38215e,Q849363,The Vanguard Group,P585,point in time,2025-12-31T00:00:00Z
Q3295867,The Coca-Cola Company,P127,owned by,Q3295867-0744fe97-4244-0a0a-50c5-bf0faa38215e,Q849363,The Vanguard Group,P1107,proportion,0.0871
Q3295867,The Coca-Cola Company,P127,owned by,Q3295867-28e8e0e2-42d5-9f9a-d3c8-7bb472b121b7,Q219635,BlackRock,P585,point in time,2025-12-31T00:00:00Z
Q3295867,The Coca-Cola Company,P127,owned by,Q3295867-28e8e0e2-42d5-9f9a-d3c8-7bb472b121b7,Q219635,BlackRock,P1107,proportion,0.0741
Q3295867,The Coca-Cola Company,P127,owned by,Q3295867-38721de7-4c71-71a9-dbc7-7c8f74ddd0cd,Q2037125,State Street Corporation,P585,point in time,2025-12-31T00:00:00Z
Q3295867,The Coca-Cola Company,P127,owned by,Q3295867-38721de7-4c71-71a9-dbc7-7c8f74ddd0cd,Q2037125,State Street Corporation,P1107,proportion,0.039
Q3295867,The Coca-Cola Company,P127,owned by,Q3295867-ee2cac0b-4081-c38f-e81d-d0bff6ebae68,Q1411292,Fidelity Investments,P585,point in time,2025-12-31T00:00:00Z
Q3295867,The Coca-Cola Company,P127,owned by,Q3295867-ee2cac0b-4081-c38f-e81d-d0bff6ebae68,Q1411292,Fidelity Investments,P1107,proportion,0.0256
Q3295867,The Coca-Cola Company,P127,owned by,Q3295867-16db928c-42ce-3022-2522-060ec1de0e0b,Q334204,Morgan Stanley,P585,point in time,2025-12-31T00:00:00Z
Q3295867,The Coca-Cola Company,P127,owned by,Q3295867-16db928c-42ce-3022-2522-060ec1de0e0b,Q334204,Morgan Stanley,P1107,proportion,0.0217
Q3295867,The Coca-Cola Company,P127,owned by,Q3295867-078a7b59-49bc-443e-a30b-b3d6902c5025,Q105773164,Geode Capital Management,P585,point in time,2025-12-31T00:00:00Z
Q3295867,The Coca-Cola Company,P127,owned by,Q3295867-078a7b59-49bc-443e-a30b-b3d6902c5025,Q105773164,Geode Capital Management,P1107,proportion,0.0209
Q3295867,The Coca-Cola Company,P127,owned by,Q3295867-32e36869-4fcd-2cc2-5bde-bfb14dda6ee1,Q1066028,Charles Schwab Corporation,P585,point in time,2025-12-31T00:00:00Z
Q3295867,The Coca-Cola Company,P127,owned by,Q3295867-32e36869-4fcd-2cc2-5bde-bfb14dda6ee1,Q1066028,Charles Schwab Corporation,P1107,proportion,0.0166
Q3295867,The Coca-Cola Company,P127,owned by,Q3295867-f0273a8c-4819-6708-5cc2-c924f0b5e8a9,Q2633403,J.P. Morgan & Co.,P585,point in time,2025-12-31T00:00:00Z
Q3295867,The Coca-Cola Company,P127,owned by,Q3295867-f0273a8c-4819-6708-5cc2-c924f0b5e8a9,Q2633403,J.P. Morgan & Co.,P1107,proportion,0.0163
Q3295867,The Coca-Cola Company,P127,owned by,Q3295867-8b480bbb-49e6-ed03-c0d5-6ebd09425abc,Q970769,Norges Bank,P585,point in time,2025-12-31T00:00:00Z
Q3295867,The Coca-Cola Company,P169,chief executive officer,Q3295867-7a047a27-40e2-e34d-324c-b45ea0ef6bda,Q27839505,James Quincey,P580,start time,2018-01-01T00:00:00Z
Q3295867,The Coca-Cola Company,P169,chief executive officer,Q3295867-c9458d8d-4661-085f-bd7e-f03363687927,Q369000,E. Neville Isdell,P580,start time,2004-01-01T00:00:00Z
Q3295867,The Coca-Cola Company,P169,chief executive officer,Q3295867-c9458d8d-4661-085f-bd7e-f03363687927,Q369000,E. Neville Isdell,P582,end time,2008-01-01T00:00:00Z
Q3295867,The Coca-Cola Company,P169,chief executive officer,Q3295867-efe4f6b5-4d98-d541-370b-f2d5a8dee98e,Q1392181,Muhtar Kent,P580,start time,2008-01-01T00:00:00Z
Q3295867,The Coca-Cola Company,P169,chief executive officer,Q3295867-efe4f6b5-4d98-d541-370b-f2d5a8dee98e,Q1392181,Muhtar Kent,P582,end time,2018-01-01T00:00:00Z
Q3295867,The Coca-Cola Company,P355,child organization or unit,Q3295867-3E9CD806-D9EC-40AE-B223-964455D166DA,Q17762567,Coca-Cola Norge AS,,,
Q3295867,The Coca-Cola Company,P355,child organization or unit,Q3295867-a8b13c76-4ade-0c8d-2380-380a401f687c,Q5139059,Coca-Cola Europacific Aboitiz Philippines,,,
Q3295867,The Coca-Cola Company,P355,child organization or unit,Q3295867-0df0add3-44c0-564b-18e6-b9ff79aa923b,Q2981189,Coca-Cola Amatil,P1107,proportion,0.308
Q3295867,The Coca-Cola Company,P355,child organization or unit,Q3295867-0f34bd1f-4eb6-a9b0-2b4c-120bcc78948b,Q608845,Costa Coffee,P580,start time,2019-01-01T00:00:00Z
Q3295867,The Coca-Cola Company,P355,child organization or unit,Q3295867-0f34bd1f-4eb6-a9b0-2b4c-120bcc78948b,Q608845,Costa Coffee,P1107,proportion,1
Q3295867,The Coca-Cola Company,P355,child organization or unit,Q3295867-32145592-4a0e-8e43-8b68-2189161404c8,Q3052066,Coca-Cola Andina,P580,start time,1996-09-05T00:00:00Z
Q3295867,The Coca-Cola Company,P355,child organization or unit,Q3295867-32145592-4a0e-8e43-8b68-2189161404c8,Q3052066,Coca-Cola Andina,P1107,proportion,0.073
Q3295867,The Coca-Cola Company,P355,child organization or unit,Q3295867-39ba2566-4ea1-16cd-aa74-9fcf19aaca9d,Q1206056,Minute Maid,P580,start time,1960-09-09T00:00:00Z
Q3295867,The Coca-Cola Company,P355,child organization or unit,Q3295867-39ba2566-4ea1-16cd-aa74-9fcf19aaca9d,Q1206056,Minute Maid,P1107,proportion,1
Q3295867,The Coca-Cola Company,P355,child organization or unit,Q3295867-51f874f8-41a0-92a6-b303-52d8e7831c5e,Q18636508,Coca-Cola Beverages Africa,P1107,proportion,0.68
Q3295867,The Coca-Cola Company,P355,child organization or unit,Q3295867-649fd3af-4ff8-eb51-6be2-4244ca5cfd21,Q5139058,"Coca-Cola Consolidated, Inc.",P1107,proportion,0.35
Q3295867,The Coca-Cola Company,P355,child organization or unit,Q3295867-65ac536e-4c10-465a-a1eb-d6d2e2cac94f,Q1104910,Coca-Cola HBC,P1107,proportion,0.23
Q3295867,The Coca-Cola Company,P355,child organization or unit,Q3295867-6b0c07d2-414a-f698-1fdd-2d17167a16c2,Q21178899,Fuze Beverage,P580,start time,2007-02-01T00:00:00Z
Q3295867,The Coca-Cola Company,P355,child organization or unit,Q3295867-6df0bfe4-49bf-ec3f-87d0-07b733538846,Q99639096,Equatorial Coca-Cola Bottling Company,P1107,proportion,0.3
Q3295867,The Coca-Cola Company,P355,child organization or unit,Q3295867-6fbcb649-4451-3538-b19d-1c584620bc3c,Q28685058,Coca-Cola Bottlers Japan Holdings,P1107,proportion,0.156
Q3295867,The Coca-Cola Company,P355,child organization or unit,Q3295867-6fc6da30-4b0d-4f6d-74c8-50506a348a41,Q16988436,Coca-Cola İçecek,P1107,proportion,0.191
Q3295867,The Coca-Cola Company,P355,child organization or unit,Q3295867-89b9e5ce-48f3-cf50-56ee-31f2dc677718,Q1094880,Energy Brands,P580,start time,2007-05-25T00:00:00Z
Q3295867,The Coca-Cola Company,P355,child organization or unit,Q3295867-89b9e5ce-48f3-cf50-56ee-31f2dc677718,Q1094880,Energy Brands,P1107,proportion,1
Q3295867,The Coca-Cola Company,P355,child organization or unit,Q3295867-cae4a15c-4b3b-22b0-77c3-9ba07bd442c8,Q3031783,Odwalla,P580,start time,2001-11-06T00:00:00Z
Q3295867,The Coca-Cola Company,P355,child organization or unit,Q3295867-cae4a15c-4b3b-22b0-77c3-9ba07bd442c8,Q3031783,Odwalla,P1107,proportion,1
Q3295867,The Coca-Cola Company,P355,child organization or unit,Q3295867-ed9dce27-4f8f-e7d5-b8b1-0751dd40accc,Q20811256,Coca-Cola Europacific Partners,P1107,proportion,0.19
Q3295867,The Coca-Cola Company,P355,child organization or unit,Q3295867-fb6842b5-4c82-ea07-100c-9c119abc2fbb,Q23020249,Chi Limited,P580,start time,2019-01-30T00:00:00Z
Q3295867,The Coca-Cola Company,P355,child organization or unit,Q3295867-fb6842b5-4c82-ea07-100c-9c119abc2fbb,Q23020249,Chi Limited,P1107,proportion,1
Q3295867,The Coca-Cola Company,P361,part of,Q3295867-3E87FFD7-3EC5-41CC-81D6-886F629E77BB,Q180816,Dow Jones Industrial Average,,,
Q3295867,The Coca-Cola Company,P361,part of,Q3295867-5c9d175e-4a15-17be-12f9-dcb4b54c3480,Q242345,S&P 500,,,
Q3295867,The Coca-Cola Company,P361,part of,Q3295867-A5B72E41-5ADE-4995-8B0D-4465BE64296F,Q773026,Dow Jones Global Titans 50,,,
Q3295867,The Coca-Cola Company,P361,part of,Q3295867-C8C44C94-C6AB-4F78-A1BA-648AA50FEB18,Q1546793,S&P 100,,,
Q3295867,The Coca-Cola Company,P452,industry,Q3295867-3e1107f2-454e-cedc-8b7d-b18c5c7b90a4,Q1187656,fast-moving consumer goods,,,
Q3295867,The Coca-Cola Company,P452,industry,Q3295867-4f0a4193-4513-0ea1-a190-532e6de0ca21,Q4899370,beverage industry,,,
Q4745263,American Tower Corporation,P361,part of,Q4745263-F9B874A9-D2B3-4870-B3D4-C736D6A43DD3,Q242345,S&P 500,P580,start time,2007-11-19T00:00:00Z
Q4745263,American Tower Corporation,P361,part of,Q4745263-15CA8870-2B4A-4174-BA9B-9C64B6241FB6,Q1546793,S&P 100,,,
Q4745263,American Tower Corporation,P452,industry,Q4745263-96255743-247F-4A09-BF87-69DE48953FEF,Q697852,real estate investment trust,,,
Q643674,Thermo Fisher Scientific Inc.,P1830,owner of,Q643674-7F9B4F84-AA38-49E0-AE9A-14095104485B,Q4721812,Alfa Aesar,,,
Q643674,Thermo Fisher Scientific Inc.,P355,child organization or unit,Q643674-05471676-0FA7-4FE8-A42D-1B416A566FBE,Q30258506,Thermo Fisher Scientific Brno,,,
Q643674,Thermo Fisher Scientific Inc.,P355,child organization or unit,Q643674-15CF4FE7-0ED8-4C36-A0CA-AE1E7B6CCC52,Q30338586,Thermo Fisher Scientific (Sweden),,,
Q643674,Thermo Fisher Scientific Inc.,P355,child organization or unit,Q643674-269A8977-E6BB-4D7A-A098-3819ED9C2D42,Q29123615,Thermo Fisher Scientific (Finland),,,
Q643674,Thermo Fisher Scientific Inc.,P355,child organization or unit,Q643674-283F54E6-1EE9-4C72-A8E2-ED0752DF9501,Q30338585,"Thermo Fisher Scientific Baltics, UAB",,,
Q643674,Thermo Fisher Scientific Inc.,P355,child organization or unit,Q643674-32ab2a3d-4894-d532-0658-6468be482e66,Q897341,Brahms,,,
Q643674,Thermo Fisher Scientific Inc.,P355,child organization or unit,Q643674-36CAEA8A-C989-4348-ABEE-FEA9AD0712E4,Q30338580,Thermo Fisher Scientific (Switzerland),,,
Q643674,Thermo Fisher Scientific Inc.,P355,child organization or unit,Q643674-4225C3B7-2E77-43BE-A8EF-7C2139AE0A32,Q30338583,Thermo Fisher Scientific (Denmark),,,
Q643674,Thermo Fisher Scientific Inc.,P355,child organization or unit,Q643674-5634E37D-8A61-447B-818B-71478F2690AE,Q29123611,Thermo Fisher Scientific (United Kingdom),,,
Q643674,Thermo Fisher Scientific Inc.,P355,child organization or unit,Q643674-9D38FCA0-0F15-421B-B483-0CE98BF92CE0,Q30338584,Thermo Fisher Scientific (Germany),,,
Q643674,Thermo Fisher Scientific Inc.,P355,child organization or unit,Q643674-C0FA84CE-E423-41F5-8D9E-FC17F7F97345,Q30338582,Thermo Fisher Scientific (Netherlands),,,
Q643674,Thermo Fisher Scientific Inc.,P355,child organization or unit,Q643674-C588211A-9064-4B1F-9023-E00C7C9A4E0D,Q29123619,Thermo Fisher Scientific (Canada),,,
Q643674,Thermo Fisher Scientific Inc.,P355,child organization or unit,Q643674-EC2EE067-3D5F-4D93-BCB6-E9590BF32BE8,Q29123624,Thermo Fisher (Israel),,,
Q643674,Thermo Fisher Scientific Inc.,P355,child organization or unit,Q643674-f73750b5-40b9-7017-b1b3-76dd39bf317d,Q1824441,Life Technologies,,,
Q643674,Thermo Fisher Scientific Inc.,P361,part of,Q643674-1EA2B007-A809-49C6-82A9-3E75FBB66DD1,Q242345,S&P 500,,,
Q643674,Thermo Fisher Scientific Inc.,P361,part of,Q643674-577DD4F7-49C9-4855-933E-3C6EC4827FA4,Q1546793,S&P 100,,,
Q643674,Thermo Fisher Scientific Inc.,P452,industry,Q643674-51af3277-40e8-8bc6-a09b-0917deafef2f,Q12303494,biotechnology industry,,,
Q2287759,Simon Property Group,P169,chief executive officer,Q2287759-7877DB20-92CD-41E6-87D3-9002FA5A5B98,Q16204778,David Simon,P580,start time,2019-02-01T00:00:00Z
Q2287759,Simon Property Group,P1830,owner of,Q2287759-0e98bc5f-4bfb-ef11-960d-5fb6a9fb220a,Q528994,Roosevelt Field,,,
Q2287759,Simon Property Group,P1830,owner of,Q2287759-b61701c2-4033-805e-e748-156f3077b8e5,Q7235071,Potomac Mills,,,
Q2287759,Simon Property Group,P355,child organization or unit,Q2287759-bafb7d01-4d6e-be78-5a9b-3967c7e4bcd3,Q11357094,Mitsubishi Estate Simon,,,
Q2287759,Simon Property Group,P361,part of,Q2287759-E020EC1E-0C34-4646-B177-77282A0306A8,Q242345,S&P 500,P580,start time,2002-06-26T00:00:00Z
Q2287759,Simon Property Group,P361,part of,Q2287759-60DE3D88-0895-4A2A-8259-2CDB1A09C22B,Q1546793,S&P 100,,,
Q2287759,Simon Property Group,P452,industry,Q2287759-AF6BE01B-3471-459B-83BC-54CB157BB2DC,Q697852,real estate investment trust,,,
Q118957699,GE Vernova,P452,industry,Q118957699-b897a2ba-4eff-f8b5-444a-727468bd13fb,Q14554973,energy technology,,,
Q118957699,GE Vernova,P452,industry,Q118957699-995b8bb9-44b8-3096-5fd1-feb326e27881,Q2151621,energy industry,,,
Q334204,Morgan Stanley,P1056,product or material produced,Q334204-147E566B-AEE1-4595-AB2F-E8BF3179B89E,Q319845,investment bank,,,
Q334204,Morgan Stanley,P127,owned by,Q334204-5b2dc14f-4bb0-29cd-c3b7-37a04ae0c999,Q849363,The Vanguard Group,P585,point in time,2021-02-26T00:00:00Z
Q334204,Morgan Stanley,P127,owned by,Q334204-5b2dc14f-4bb0-29cd-c3b7-37a04ae0c999,Q849363,The Vanguard Group,P1107,proportion,0.062
Q334204,Morgan Stanley,P127,owned by,Q334204-685834c1-466b-2aa7-1334-f23851a63f19,Q1542175,Mitsubishi UFJ Financial Group,P585,point in time,2021-02-26T00:00:00Z
Q334204,Morgan Stanley,P127,owned by,Q334204-685834c1-466b-2aa7-1334-f23851a63f19,Q1542175,Mitsubishi UFJ Financial Group,P1107,proportion,0.202
Q334204,Morgan Stanley,P127,owned by,Q334204-cbb33e66-46f0-0c67-0c35-6d071ace0f94,Q2037125,State Street Corporation,P585,point in time,2021-02-26T00:00:00Z
Q334204,Morgan Stanley,P127,owned by,Q334204-cbb33e66-46f0-0c67-0c35-6d071ace0f94,Q2037125,State Street Corporation,P1107,proportion,0.065
Q334204,Morgan Stanley,P127,owned by,Q334204-e5a27525-4334-4cce-bf9e-c4aa999f1968,Q3511946,T. Rowe Price,P585,point in time,2021-02-26T00:00:00Z
Q334204,Morgan Stanley,P127,owned by,Q334204-e5a27525-4334-4cce-bf9e-c4aa999f1968,Q3511946,T. Rowe Price,P1107,proportion,0.053
Q334204,Morgan Stanley,P127,owned by,Q334204-ec971239-485a-06ce-70fb-fabf35aec4d9,Q219635,BlackRock,P585,point in time,2021-02-26T00:00:00Z
Q334204,Morgan Stanley,P127,owned by,Q334204-ec971239-485a-06ce-70fb-fabf35aec4d9,Q219635,BlackRock,P1107,proportion,0.059
Q334204,Morgan Stanley,P169,chief executive officer,Q334204-A19DE777-F904-4DBA-804E-1770F9AB50A6,Q123531962,Ted Pick,P580,start time,2024-01-01T00:00:00Z
Q334204,Morgan Stanley,P1830,owner of,Q334204-04E94289-49BD-4E6F-A0AC-4CBB381E5CC1,Q3498815,Spear Tower,,,
Q334204,Morgan Stanley,P1830,owner of,Q334204-056ECBA0-2259-4A0B-9B0C-711CA3E13777,Q7829920,Town Center at Corte Madera,,,
Q334204,Morgan Stanley,P1830,owner of,Q334204-23F221FB-7DFB-4140-B919-C66D0594317D,Q29054158,One Market Plaza,,,
Q334204,Morgan Stanley,P1830,owner of,Q334204-42C2B379-87B2-4F82-A5F0-92DAA343F000,Q1608810,Morgan Stanley Building,,,
Q334204,Morgan Stanley,P1830,owner of,Q334204-6605AFC9-3C85-404C-BA8C-B4663FC709E4,Q4947928,Boston Harbor Hotel,,,
Q334204,Morgan Stanley,P1830,owner of,Q334204-6AF3C50E-D8DB-47D9-92CE-05395D824599,Q7072645,OLCO Petroleum Group,,,
Q334204,Morgan Stanley,P1830,owner of,Q334204-709FF465-2BE2-4A66-A5E2-B9C6BF4F142A,Q448532,Morgan Stanley Wealth Management,,,
Q334204,Morgan Stanley,P1830,owner of,Q334204-726C54A4-7B41-42C5-9F4F-6031EA20A96F,Q643536,BahnTower,,,
Q334204,Morgan Stanley,P1830,owner of,Q334204-84FC3469-8A3B-4F87-A4D9-3CB68A66AB4A,Q907311,Netflix,,,
Q334204,Morgan Stanley,P1830,owner of,Q334204-A293E60C-B1CD-49CC-8088-8D127CB1FDEE,Q2608329,Q2608329,,,
Q334204,Morgan Stanley,P1830,owner of,Q334204-EEA189F8-5F54-46DF-B08F-E15659921F8B,Q7570276,Southern Pacific Building,,,
Q334204,Morgan Stanley,P355,child organization or unit,Q334204-8395a6b4-4a37-e336-161d-02a51f8a4afc,Q2607502,E-Trade,,,
Q334204,Morgan Stanley,P355,child organization or unit,Q334204-86754656-470c-d868-5e07-a96c26b9cc1c,Q93356795,Morgan Stanley Europe S.E.,,,
Q334204,Morgan Stanley,P355,child organization or unit,Q334204-da6f0ccf-4f39-3517-7a85-8bf4edbf33f1,Q448532,Morgan Stanley Wealth Management,,,
Q334204,Morgan Stanley,P361,part of,Q334204-B331F600-14E3-4674-B8A9-11A818029C10,Q242345,S&P 500,,,
Q334204,Morgan Stanley,P361,part of,Q334204-D2800125-6E47-4D98-9F06-E3231EA17B90,Q1546793,S&P 100,,,
Q334204,Morgan Stanley,P452,industry,Q334204-4536d431-4c55-eac7-ff2e-559ccd2f4b6a,Q837171,financial services,,,
Q334204,Morgan Stanley,P452,industry,Q334204-883983AD-3FF3-4169-A6C3-DAC9EACE8673,Q57774188,financial sector,,,
Q864407,The Home Depot,P1056,product or material produced,Q864407-2DDE7D69-D1F9-4F45-8116-BD99BC9678CE,Q212920,home appliance,,,
Q864407,The Home Depot,P127,owned by,Q864407-977eab28-4f51-8d6e-6b7f-f443a2ac46ad,Q219635,BlackRock,P585,point in time,2020-03-06T00:00:00Z
Q864407,The Home Depot,P127,owned by,Q864407-977eab28-4f51-8d6e-6b7f-f443a2ac46ad,Q219635,BlackRock,P1107,proportion,6.7
Q864407,The Home Depot,P127,owned by,Q864407-c9b2ecad-4cee-eb9f-3748-1321bf53dd71,Q849363,The Vanguard Group,P585,point in time,2020-03-06T00:00:00Z
Q864407,The Home Depot,P127,owned by,Q864407-c9b2ecad-4cee-eb9f-3748-1321bf53dd71,Q849363,The Vanguard Group,P1107,proportion,7.8
Q864407,The Home Depot,P169,chief executive officer,Q864407-230C5E57-C9CC-4D39-84FF-796B3D7D1DC6,Q1437140,Frank Blake,P580,start time,2007-01-02T00:00:00Z
Q864407,The Home Depot,P169,chief executive officer,Q864407-230C5E57-C9CC-4D39-84FF-796B3D7D1DC6,Q1437140,Frank Blake,P582,end time,2014-11-01T00:00:00Z
Q864407,The Home Depot,P169,chief executive officer,Q864407-8056e3a0-4824-c785-36ad-07f9f177d169,Q28920824,Craig Menear,P580,start time,2014-11-01T00:00:00Z
Q864407,The Home Depot,P169,chief executive officer,Q864407-8056e3a0-4824-c785-36ad-07f9f177d169,Q28920824,Craig Menear,P582,end time,2022-03-01T00:00:00Z
Q864407,The Home Depot,P169,chief executive officer,Q864407-972a631d-4321-9b77-4d5b-fa4813b10b49,Q113632708,Ted Decker,P580,start time,2022-03-01T00:00:00Z
Q864407,The Home Depot,P361,part of,Q864407-70dbe242-4e9e-4c79-6641-7fed353b3452,Q242345,S&P 500,,,
Q864407,The Home Depot,P361,part of,Q864407-BBAA2B08-ECA7-4823-84A1-788830CD7C93,Q180816,Dow Jones Industrial Average,,,
Q864407,The Home Depot,P361,part of,Q864407-E639BA96-752B-4AFE-9AD4-93BAFECBFD4A,Q1546793,S&P 100,,,
Q864407,The Home Depot,P452,industry,Q864407-71d2223c-4e46-9b78-a008-847301aa41ef,Q811530,hardware store,,,
Q864407,The Home Depot,P452,industry,Q864407-e5308a88-48b1-fb43-b7d7-2c533b8a2b7d,Q126793,retail,,,
Q2103926,UnitedHealth Group,P169,chief executive officer,Q2103926-2a7d757d-4959-49ce-11ab-c5c897d13738,Q18121649,Andrew Witty,P580,start time,2021-02-04T00:00:00Z
Q2103926,UnitedHealth Group,P361,part of,Q2103926-12747208-49fe-6ba4-e840-6e9f07664eb9,Q242345,S&P 500,,,
Q2103926,UnitedHealth Group,P361,part of,Q2103926-CC1EA79E-3B69-4CBE-9E93-0F80D8A3B90E,Q180816,Dow Jones Industrial Average,,,
Q2103926,UnitedHealth Group,P361,part of,Q2103926-E71A215D-F6C2-437D-99AE-414390E636BE,Q1546793,S&P 100,,,
Q2103926,UnitedHealth Group,P452,industry,Q2103926-8b2f328d-435d-ecb3-8e9d-d5ed6482c0c3,Q563787,health insurance company,,,
Q266423,Bristol-Myers Squibb,P169,chief executive officer,Q266423-55f72732-42b7-219b-8e7e-1c273bac4eac,Q63975443,Giovanni Caforio,P580,start time,2015-05-01T00:00:00Z
Q266423,Bristol-Myers Squibb,P169,chief executive officer,Q266423-55f72732-42b7-219b-8e7e-1c273bac4eac,Q63975443,Giovanni Caforio,P1365,replaces,Q5299694
Q266423,Bristol-Myers Squibb,P169,chief executive officer,Q266423-5e6372a9-4c35-42ef-aa36-9c714070958f,Q5299694,Lamberto Andreotti,P580,start time,2010-05-01T00:00:00Z
Q266423,Bristol-Myers Squibb,P169,chief executive officer,Q266423-5e6372a9-4c35-42ef-aa36-9c714070958f,Q5299694,Lamberto Andreotti,P582,end time,2015-05-01T00:00:00Z
Q266423,Bristol-Myers Squibb,P169,chief executive officer,Q266423-5e6372a9-4c35-42ef-aa36-9c714070958f,Q5299694,Lamberto Andreotti,P1366,replaced by,Q63975443
Q266423,Bristol-Myers Squibb,P355,child organization or unit,Q266423-3EC1C1F3-A057-4F11-8D03-720EB59AE292,Q41568675,Bristol-Myers Squibb (Germany),,,
Q266423,Bristol-Myers Squibb,P355,child organization or unit,Q266423-8553BAFB-18F5-424B-A078-89C77EF50D02,Q6432982,Kosan Biosciences,,,
Q266423,Bristol-Myers Squibb,P355,child organization or unit,Q266423-8C0BB4E5-E908-4432-BF3F-B190354B62B0,Q28974634,Bristol Myers Squibb (Canada),,,
Q266423,Bristol-Myers Squibb,P355,child organization or unit,Q266423-9200A613-F0F0-4EC8-9A1E-77E2B545058F,Q28974633,Bristol-Myers Squibb (Japan),,,
Q266423,Bristol-Myers Squibb,P355,child organization or unit,Q266423-9933B3E8-636D-4CA5-9BFB-549CF187DA32,Q28974635,Bristol-Myers Squibb (India),,,
Q266423,Bristol-Myers Squibb,P361,part of,Q266423-9DD71B29-AA8D-4B12-A2B8-CFAC518107DB,Q242345,S&P 500,P580,start time,1957-03-04T00:00:00Z
Q266423,Bristol-Myers Squibb,P361,part of,Q266423-B5B957FF-029C-4F42-A926-3D9A703F94EA,Q1546793,S&P 100,,,
Q266423,Bristol-Myers Squibb,P452,industry,Q266423-B696245C-1BA1-40D8-BCCA-8AEB4F36397E,Q507443,pharmaceutical industry,,,
Q1197548,Micron Technology,P1056,product or material produced,Q1197548-A45B87E2-F7B2-479E-9B83-BDB103F380E7,Q5830907,computer memory,,,
Q1197548,Micron Technology,P1830,owner of,Q1197548-605a90ab-49ba-1834-fb7f-a7d68c39a780,Q96631842,Crucial,,,
Q1197548,Micron Technology,P1830,owner of,Q1197548-829cc687-4cea-2ca8-af53-5630ec2a498d,Q1192687,Elpida Memory,,,
Q1197548,Micron Technology,P355,child organization or unit,Q1197548-03E81A0A-9F11-457C-AC8D-668F6B7C9329,Q30338131,Micron (Singapore),,,
Q1197548,Micron Technology,P355,child organization or unit,Q1197548-0783A303-C28E-4B79-B323-3B55BA7CF18D,Q673595,Numonyx,,,
Q1197548,Micron Technology,P355,child organization or unit,Q1197548-5454F8CD-7C0E-4401-968D-CA0D23619292,Q30253607,Displaytech Incorporated,,,
Q1197548,Micron Technology,P355,child organization or unit,Q1197548-9B19EA9B-56A2-4EB3-A288-7366DCFC3382,Q29000348,Micron (Japan),,,
Q1197548,Micron Technology,P355,child organization or unit,Q1197548-D6C173A5-F548-4B40-ABF8-4BCCD9B928D4,Q1192687,Elpida Memory,,,
Q1197548,Micron Technology,P361,part of,Q1197548-4B01940F-2366-4CDA-A789-08902EFAE852,Q507306,Nasdaq-100,P585,point in time,2026-03-01T00:00:00Z
Q1197548,Micron Technology,P361,part of,Q1197548-CA4C6161-2AA4-416F-A0EE-7E177AA81EAB,Q242345,S&P 500,,,
Q967868,NextEra Energy,P355,child organization or unit,Q967868-28C6B41E-AEA5-454E-8462-BB59CAE0D374,Q3339191,NextEra Energy Resources,,,
Q967868,NextEra Energy,P355,child organization or unit,Q967868-589E258D-08CA-4969-A11C-C139E74F3446,Q1430055,Florida Power & Light,,,
Q967868,NextEra Energy,P361,part of,Q967868-5FA3F8FF-6E56-427F-A4AD-CA528D5F0C89,Q242345,S&P 500,P580,start time,1976-06-30T00:00:00Z
Q967868,NextEra Energy,P361,part of,Q967868-DDA5F5E3-CC4E-4E80-8D67-AF0790CB92EB,Q1546793,S&P 100,,,
Q967868,NextEra Energy,P452,industry,Q967868-286A4C0E-4DE0-419D-B3D5-3C99DA03EF6E,Q1341478,energy company,,,
Q35476,AT&T,P1056,product or material produced,Q35476-0a496671-4e2c-2eac-ef51-0497f32d80b3,Q194163,broadband,,,
Q35476,AT&T,P1056,product or material produced,Q35476-7359748f-4772-0ab7-8944-21f1112c7e02,Q738621,landline telephone,,,
Q35476,AT&T,P1056,product or material produced,Q35476-76f7a798-4819-9e62-1578-e626e4a28f2d,Q209588,satellite television,,,
Q35476,AT&T,P1056,product or material produced,Q35476-99da43cd-4c37-fb93-e903-1fdc17e2a593,Q17517,mobile phone,,,
Q35476,AT&T,P1056,product or material produced,Q35476-a06ada9f-4f58-dda5-e01b-da490022b6a1,Q15057100,broadband Internet access,,,
Q35476,AT&T,P1056,product or material produced,Q35476-d80fcff3-4900-0b10-f173-ce265d968137,Q202255,digital television,,,
Q35476,AT&T,P1056,product or material produced,Q35476-E6A8382B-0259-45C4-BAD3-68A157641DDE,Q7397,software,,,
Q35476,AT&T,P127,owned by,Q35476-675b2c0c-4f1d-878a-7acb-0710e475f6a3,Q849363,The Vanguard Group,P585,point in time,2024-12-31T00:00:00Z
Q35476,AT&T,P127,owned by,Q35476-675b2c0c-4f1d-878a-7acb-0710e475f6a3,Q849363,The Vanguard Group,P1107,proportion,0.087
Q35476,AT&T,P127,owned by,Q35476-89cd349c-4ebb-6dac-3f4c-76bf218b46c9,Q219635,BlackRock,P585,point in time,2024-12-31T00:00:00Z
Q35476,AT&T,P127,owned by,Q35476-89cd349c-4ebb-6dac-3f4c-76bf218b46c9,Q219635,BlackRock,P1107,proportion,0.075
Q35476,AT&T,P169,chief executive officer,Q35476-476AE86C-D12E-4E4C-80AA-E44CB0C0DE61,Q61985799,John Stankey,,,
Q35476,AT&T,P1830,owner of,Q35476-27B71291-4072-4949-87A9-6D7EBCF1D654,Q4654538,AT&T Laboratories,,,
Q35476,AT&T,P1830,owner of,Q35476-2A8A7386-BE01-4AB1-97C9-724198662067,Q4654550,AT&T Madison Complex Tandem Office,,,
Q35476,AT&T,P1830,owner of,Q35476-2A9AB4A4-4C58-42BA-BB01-7D90E04D9C7F,Q5807953,DSports,,,
Q35476,AT&T,P1830,owner of,Q35476-4FDC4E4D-C149-452E-997A-1777842302CC,Q16303103,Q16303103,,,
Q35476,AT&T,P1830,owner of,Q35476-60F3EE08-B579-4601-8B60-F96FB7ED9D9A,Q4654537,AT&T Internet Services,,,
Q35476,AT&T,P1830,owner of,Q35476-6D8208A5-7089-4F6B-BD81-C78D08E45B76,Q815668,BellSouth,,,
Q35476,AT&T,P1830,owner of,Q35476-7560D32A-D210-4108-9F82-FD6DF2A08726,Q1056839,DirecTV,,,
Q35476,AT&T,P1830,owner of,Q35476-7782801f-4641-202a-b11e-a0c1864c577f,Q1142035,Crunchyroll,,,
Q35476,AT&T,P1830,owner of,Q35476-7D5DEF4E-6526-446F-91FE-6AF87FBD9C7F,Q7122309,Pacific Bell,,,
Q35476,AT&T,P1830,owner of,Q35476-9A8CC2AC-378F-4127-A7A9-8646DCAE8578,Q16983209,Americast,,,
Q35476,AT&T,P1830,owner of,Q35476-A6EDBDA5-4B6E-41E9-93D3-5917B3B19FE3,Q966613,Leap Wireless,,,
Q35476,AT&T,P1830,owner of,Q35476-E1ECF755-D3AD-4ABF-B1FC-21EE096C9EF3,Q16554994,Q16554994,,,
Q35476,AT&T,P1830,owner of,Q35476-E9F9BDBD-6168-409A-A3E6-EFD498A5D0F5,Q4635219,33 Thomas Street,,,
Q35476,AT&T,P1830,owner of,Q35476-F6591CE6-D6FB-4695-ADF4-494B226001BD,Q20014583,Q20014583,,,
Q35476,AT&T,P1830,owner of,Q35476-FAC1C10A-FD25-45DA-821D-0D42516A2168,Q4654519,AT&T City Center,,,
Q35476,AT&T,P355,child organization or unit,Q35476-3d6aa5f4-4a46-aba9-6df9-48a35619089c,Q5999344,Illinois Bell,P580,start time,1899-01-01T00:00:00Z
Q35476,AT&T,P355,child organization or unit,Q35476-3d6aa5f4-4a46-aba9-6df9-48a35619089c,Q5999344,Illinois Bell,P582,end time,1983-01-01T00:00:00Z
Q35476,AT&T,P355,child organization or unit,Q35476-704c0616-40c8-58bf-f19b-b5b08ce4e58a,Q6023068,Indiana Bell,P580,start time,1920-01-01T00:00:00Z
Q35476,AT&T,P355,child organization or unit,Q35476-704c0616-40c8-58bf-f19b-b5b08ce4e58a,Q6023068,Indiana Bell,P582,end time,1983-01-01T00:00:00Z
Q35476,AT&T,P355,child organization or unit,Q35476-7A9F18F8-E4A3-4C2E-AE79-3D32A5720795,Q217365,Bell Labs,P582,end time,1996-01-01T00:00:00Z
Q35476,AT&T,P355,child organization or unit,Q35476-0e2cbbd4-4488-c07b-0f15-9bae6a6f59b2,Q191715,WarnerMedia,,,
Q35476,AT&T,P355,child organization or unit,Q35476-1E712AEC-74B6-4842-9105-2579B6F0B18F,Q58222789,AT&T Global Network Services Czech Republic,,,
Q35476,AT&T,P355,child organization or unit,Q35476-32445c57-4828-ef60-dd92-94c60e6de005,Q4654536,AT&T Intellectual Property I,,,
Q35476,AT&T,P355,child organization or unit,Q35476-40161467-4c22-406b-01b0-fe263d0fd484,Q21109548,"AT&T Properties, LLC",,,
Q35476,AT&T,P355,child organization or unit,Q35476-51254bb3-4709-5291-8bb5-d5e276353beb,Q21109566,AT&T Intellectual Property II,,,
Q35476,AT&T,P355,child organization or unit,Q35476-58C20040-EAEA-4712-86E0-82AFC05A6703,Q298594,AT&T Mobility,,,
Q35476,AT&T,P355,child organization or unit,Q35476-6be13f84-4abd-55af-42ba-8a73e8393f8f,Q21109534,"AT&T Intellectual Property Marketing, Inc.",,,
Q35476,AT&T,P355,child organization or unit,Q35476-72a14d83-446a-5180-46cf-22c493563d5b,Q2880934,ICR AT&T México,,,
Q35476,AT&T,P355,child organization or unit,Q35476-7fa5cef6-463d-6d14-90cd-457d1ed82db2,Q815668,BellSouth,,,
Q35476,AT&T,P355,child organization or unit,Q35476-8d8bce91-477d-3bf1-bf4b-e490ad9aad7d,Q1056839,DirecTV,,,
Q35476,AT&T,P355,child organization or unit,Q35476-97fc82e4-449e-d68d-0ea0-a5dd0869e957,Q6041655,Nextel México,,,
Q35476,AT&T,P355,child organization or unit,Q35476-9b9d7111-4336-672f-9de9-3eff86412901,Q66619477,AT&T Foundation,,,
Q35476,AT&T,P355,child organization or unit,Q35476-aaa87cea-4fb2-a517-53c2-e6664f47877a,Q7884173,Unefón ICR,,,
Q35476,AT&T,P355,child organization or unit,Q35476-b45c9b00-4c7b-01c1-bed1-a92f55c84790,Q5184987,Cricket Wireless,,,
Q35476,AT&T,P355,child organization or unit,Q35476-B4679841-6734-4D6A-83A4-3EA9009E28E9,Q2843047,AT&T Corporation,,,
Q35476,AT&T,P355,child organization or unit,Q35476-CF153466-1024-47DF-90A4-6358E44895E2,Q5205117,DIMACS,,,
Q35476,AT&T,P355,child organization or unit,Q35476-D20CE65D-C9BE-47CE-BCA5-9F5B9647B6E1,Q4780797,AppNexus,,,
Q35476,AT&T,P355,child organization or unit,Q35476-dc307f2b-430b-cd90-6840-d62fd858e6b8,Q4654544,AT&T Labs,,,
Q35476,AT&T,P355,child organization or unit,Q35476-e36e10f4-40d9-e57e-595f-54c944227054,Q3301294,Southwestern Bell,,,
Q35476,AT&T,P361,part of,Q35476-e389fa93-40d8-d294-c068-837fc46c8bc7,Q242345,S&P 500,,,
Q35476,AT&T,P361,part of,Q35476-BCDFFC5D-4A40-42ED-BC49-51CD286078E8,Q1546793,S&P 100,,,
Q35476,AT&T,P452,industry,Q35476-1EC4F4A7-C77E-4C46-8F80-5A8F3D4BB333,Q107605278,postal and telecommunications services,,,
Q35476,AT&T,P452,industry,Q35476-5fc48717-4f89-3a96-9f1a-c58da78e048d,Q2401742,telecommunications,,,
Q20800404,Alphabet Inc.,P127,owned by,Q20800404-acfe18a5-4873-1e66-2476-7f1aa05a39f1,Q92764,Sergey Brin,P585,point in time,2021-04-06T00:00:00Z
Q20800404,Alphabet Inc.,P127,owned by,Q20800404-acfe18a5-4873-1e66-2476-7f1aa05a39f1,Q92764,Sergey Brin,P1013,criterion used,Q2350092
Q20800404,Alphabet Inc.,P127,owned by,Q20800404-acfe18a5-4873-1e66-2476-7f1aa05a39f1,Q92764,Sergey Brin,P1107,proportion,0.253
Q20800404,Alphabet Inc.,P127,owned by,Q20800404-b5a04c6b-4934-793f-5efa-ebc61d9078e0,Q849363,The Vanguard Group,P585,point in time,2019-04-22T00:00:00Z
Q20800404,Alphabet Inc.,P127,owned by,Q20800404-b5a04c6b-4934-793f-5efa-ebc61d9078e0,Q849363,The Vanguard Group,P1013,criterion used,Q2350092
Q20800404,Alphabet Inc.,P127,owned by,Q20800404-b5a04c6b-4934-793f-5efa-ebc61d9078e0,Q849363,The Vanguard Group,P1107,proportion,0.029
Q20800404,Alphabet Inc.,P127,owned by,Q20800404-c164c341-4c5a-6e76-9198-aa86ce1892c9,Q1411292,Fidelity Investments,P585,point in time,2016-04-11T00:00:00Z
Q20800404,Alphabet Inc.,P127,owned by,Q20800404-c164c341-4c5a-6e76-9198-aa86ce1892c9,Q1411292,Fidelity Investments,P1013,criterion used,Q2350092
Q20800404,Alphabet Inc.,P127,owned by,Q20800404-c164c341-4c5a-6e76-9198-aa86ce1892c9,Q1411292,Fidelity Investments,P1107,proportion,0.023
Q20800404,Alphabet Inc.,P127,owned by,Q20800404-cae6d8fd-47ef-d7e4-2d8b-df012ccada4e,Q1411292,Fidelity Investments,P585,point in time,2019-04-22T00:00:00Z
Q20800404,Alphabet Inc.,P127,owned by,Q20800404-cae6d8fd-47ef-d7e4-2d8b-df012ccada4e,Q1411292,Fidelity Investments,P1013,criterion used,Q330601
Q20800404,Alphabet Inc.,P127,owned by,Q20800404-cae6d8fd-47ef-d7e4-2d8b-df012ccada4e,Q1411292,Fidelity Investments,P1013,criterion used,Q1081659
Q20800404,Alphabet Inc.,P127,owned by,Q20800404-cae6d8fd-47ef-d7e4-2d8b-df012ccada4e,Q1411292,Fidelity Investments,P1107,proportion,0.054
Q20800404,Alphabet Inc.,P127,owned by,Q20800404-ecb85687-476c-743a-7b4e-265f1341a3b6,Q219635,BlackRock,P585,point in time,2016-04-11T00:00:00Z
Q20800404,Alphabet Inc.,P127,owned by,Q20800404-ecb85687-476c-743a-7b4e-265f1341a3b6,Q219635,BlackRock,P1013,criterion used,Q2350092
Q20800404,Alphabet Inc.,P127,owned by,Q20800404-ecb85687-476c-743a-7b4e-265f1341a3b6,Q219635,BlackRock,P1107,proportion,0.022
Q20800404,Alphabet Inc.,P127,owned by,Q20800404-fc11e481-4581-c0dc-54f5-3bc77fef2a63,Q92747,Eric Schmidt,P585,point in time,2021-04-06T00:00:00Z
Q20800404,Alphabet Inc.,P127,owned by,Q20800404-fc11e481-4581-c0dc-54f5-3bc77fef2a63,Q92747,Eric Schmidt,P1013,criterion used,Q2350092
Q20800404,Alphabet Inc.,P127,owned by,Q20800404-fc11e481-4581-c0dc-54f5-3bc77fef2a63,Q92747,Eric Schmidt,P1107,proportion,0.045
Q20800404,Alphabet Inc.,P127,owned by,Q20800404-017412ca-4acb-1088-6450-fb19609abb92,Q4934,Larry Page,P585,point in time,2016-04-11T00:00:00Z
Q20800404,Alphabet Inc.,P127,owned by,Q20800404-017412ca-4acb-1088-6450-fb19609abb92,Q4934,Larry Page,P1013,criterion used,Q2350092
Q20800404,Alphabet Inc.,P127,owned by,Q20800404-017412ca-4acb-1088-6450-fb19609abb92,Q4934,Larry Page,P1107,proportion,0.266
Q20800404,Alphabet Inc.,P127,owned by,Q20800404-02c428b1-4b82-aff2-1f95-d029f26a9daf,Q92764,Sergey Brin,P585,point in time,2016-04-11T00:00:00Z
Q20800404,Alphabet Inc.,P127,owned by,Q20800404-02c428b1-4b82-aff2-1f95-d029f26a9daf,Q92764,Sergey Brin,P1013,criterion used,Q2350092
Q20800404,Alphabet Inc.,P127,owned by,Q20800404-02c428b1-4b82-aff2-1f95-d029f26a9daf,Q92764,Sergey Brin,P1107,proportion,0.259
Q20800404,Alphabet Inc.,P127,owned by,Q20800404-11910b8d-496a-8079-2a41-c80a615de51b,Q92747,Eric Schmidt,P585,point in time,2019-04-22T00:00:00Z
Q20800404,Alphabet Inc.,P127,owned by,Q20800404-11910b8d-496a-8079-2a41-c80a615de51b,Q92747,Eric Schmidt,P1013,criterion used,Q2350092
Q20800404,Alphabet Inc.,P127,owned by,Q20800404-11910b8d-496a-8079-2a41-c80a615de51b,Q92747,Eric Schmidt,P1107,proportion,0.053
Q20800404,Alphabet Inc.,P127,owned by,Q20800404-39e4d2a5-497b-a325-a730-6428f221bc2a,Q92747,Eric Schmidt,P585,point in time,2016-04-11T00:00:00Z
Q20800404,Alphabet Inc.,P127,owned by,Q20800404-39e4d2a5-497b-a325-a730-6428f221bc2a,Q92747,Eric Schmidt,P1013,criterion used,Q2350092
Q20800404,Alphabet Inc.,P127,owned by,Q20800404-39e4d2a5-497b-a325-a730-6428f221bc2a,Q92747,Eric Schmidt,P1107,proportion,0.056
Q20800404,Alphabet Inc.,P127,owned by,Q20800404-3fe41f80-4a8d-1d16-d531-e4d86e2d8496,Q849363,The Vanguard Group,P585,point in time,2016-04-11T00:00:00Z
Q20800404,Alphabet Inc.,P127,owned by,Q20800404-3fe41f80-4a8d-1d16-d531-e4d86e2d8496,Q849363,The Vanguard Group,P1013,criterion used,Q2350092
Q20800404,Alphabet Inc.,P127,owned by,Q20800404-3fe41f80-4a8d-1d16-d531-e4d86e2d8496,Q849363,The Vanguard Group,P1107,proportion,0.022
Q20800404,Alphabet Inc.,P127,owned by,Q20800404-4cb6de37-4bca-a1e4-f701-25dd096b37ff,Q4934,Larry Page,P585,point in time,2021-04-06T00:00:00Z
Q20800404,Alphabet Inc.,P127,owned by,Q20800404-4cb6de37-4bca-a1e4-f701-25dd096b37ff,Q4934,Larry Page,P1013,criterion used,Q2350092
Q20800404,Alphabet Inc.,P127,owned by,Q20800404-4cb6de37-4bca-a1e4-f701-25dd096b37ff,Q4934,Larry Page,P1107,proportion,0.263
Q20800404,Alphabet Inc.,P127,owned by,Q20800404-56ded6a4-4431-8d2e-7b1f-65c7239a0e2c,Q92764,Sergey Brin,P585,point in time,2019-04-22T00:00:00Z
Q20800404,Alphabet Inc.,P127,owned by,Q20800404-56ded6a4-4431-8d2e-7b1f-65c7239a0e2c,Q92764,Sergey Brin,P1013,criterion used,Q2350092
Q20800404,Alphabet Inc.,P127,owned by,Q20800404-56ded6a4-4431-8d2e-7b1f-65c7239a0e2c,Q92764,Sergey Brin,P1107,proportion,0.252
Q20800404,Alphabet Inc.,P127,owned by,Q20800404-5c1ab61a-40ae-2731-e5b2-a9355076d73b,Q219635,BlackRock,P585,point in time,2019-04-22T00:00:00Z
Q20800404,Alphabet Inc.,P127,owned by,Q20800404-5c1ab61a-40ae-2731-e5b2-a9355076d73b,Q219635,BlackRock,P1013,criterion used,Q330601
Q20800404,Alphabet Inc.,P127,owned by,Q20800404-5c1ab61a-40ae-2731-e5b2-a9355076d73b,Q219635,BlackRock,P1013,criterion used,Q1081659
Q20800404,Alphabet Inc.,P127,owned by,Q20800404-5c1ab61a-40ae-2731-e5b2-a9355076d73b,Q219635,BlackRock,P1107,proportion,0.063
Q20800404,Alphabet Inc.,P127,owned by,Q20800404-756ecd01-41f3-2240-4928-4a4a2f01bc78,Q4934,Larry Page,P585,point in time,2019-04-22T00:00:00Z
Q20800404,Alphabet Inc.,P127,owned by,Q20800404-756ecd01-41f3-2240-4928-4a4a2f01bc78,Q4934,Larry Page,P1013,criterion used,Q2350092
Q20800404,Alphabet Inc.,P127,owned by,Q20800404-756ecd01-41f3-2240-4928-4a4a2f01bc78,Q4934,Larry Page,P1107,proportion,0.261
Q20800404,Alphabet Inc.,P127,owned by,Q20800404-92929514-445d-9408-1ce6-64ce5738607b,Q1196231,Government Pension Fund Global,P585,point in time,2017-12-31T00:00:00Z
Q20800404,Alphabet Inc.,P127,owned by,Q20800404-92929514-445d-9408-1ce6-64ce5738607b,Q1196231,Government Pension Fund Global,P1107,proportion,0.008
Q20800404,Alphabet Inc.,P127,owned by,Q20800404-93056149-4fda-ec04-e1e8-be418b3ed7a9,Q849363,The Vanguard Group,P585,point in time,2021-04-06T00:00:00Z
Q20800404,Alphabet Inc.,P127,owned by,Q20800404-93056149-4fda-ec04-e1e8-be418b3ed7a9,Q849363,The Vanguard Group,P1013,criterion used,Q2350092
Q20800404,Alphabet Inc.,P127,owned by,Q20800404-93056149-4fda-ec04-e1e8-be418b3ed7a9,Q849363,The Vanguard Group,P1107,proportion,0.03
Q20800404,Alphabet Inc.,P127,owned by,Q20800404-9c4f1940-4a61-0255-75dd-20d3a8476f51,Q849363,The Vanguard Group,P585,point in time,2019-04-22T00:00:00Z
Q20800404,Alphabet Inc.,P127,owned by,Q20800404-9c4f1940-4a61-0255-75dd-20d3a8476f51,Q849363,The Vanguard Group,P1013,criterion used,Q330601
Q20800404,Alphabet Inc.,P127,owned by,Q20800404-9c4f1940-4a61-0255-75dd-20d3a8476f51,Q849363,The Vanguard Group,P1013,criterion used,Q1081659
Q20800404,Alphabet Inc.,P127,owned by,Q20800404-9c4f1940-4a61-0255-75dd-20d3a8476f51,Q849363,The Vanguard Group,P1107,proportion,0.073
Q20800404,Alphabet Inc.,P169,chief executive officer,Q20800404-2f4992b4-4c68-7976-9c0c-096a2521b9a6,Q4934,Larry Page,P580,start time,2015-08-10T00:00:00Z
Q20800404,Alphabet Inc.,P169,chief executive officer,Q20800404-2f4992b4-4c68-7976-9c0c-096a2521b9a6,Q4934,Larry Page,P582,end time,2019-12-03T00:00:00Z
Q20800404,Alphabet Inc.,P169,chief executive officer,Q20800404-affb4106-4a4c-b042-54be-83e62b6d7f52,Q3503829,Sundar Pichai,P580,start time,2019-12-03T00:00:00Z
Q20800404,Alphabet Inc.,P169,chief executive officer,Q20800404-affb4106-4a4c-b042-54be-83e62b6d7f52,Q3503829,Sundar Pichai,P7452,reason for preferred rank,Q71536244
Q20800404,Alphabet Inc.,P1830,owner of,Q20800404-C925BF7F-4D3B-4735-ADE6-C3C17C49A9DD,Q100292691,XXVI Holdings,,,
Q20800404,Alphabet Inc.,P355,child organization or unit,Q20800404-37f070f2-447f-502d-1f86-c631eb3e84a0,Q5455414,Fitbit,P2241,reason for deprecated rank,Q28091153
Q20800404,Alphabet Inc.,P355,child organization or unit,Q20800404-37f070f2-447f-502d-1f86-c631eb3e84a0,Q5455414,Fitbit,P8327,intended subject of deprecated statement,Q95
Q20800404,Alphabet Inc.,P355,child organization or unit,Q20800404-0D09BEDA-AA28-4AEA-8EF0-FCD7F0F6BDDC,Q100292691,XXVI Holdings,,,
Q20800404,Alphabet Inc.,P355,child organization or unit,Q20800404-2be475aa-4171-89b1-966a-c36df0377765,Q133928,X Development,,,
Q20800404,Alphabet Inc.,P355,child organization or unit,Q20800404-3fb8deee-4efc-c88e-42fc-e77584b33697,Q95,Google,,,
Q20800404,Alphabet Inc.,P355,child organization or unit,Q20800404-4c3c619c-4ae0-2548-e4cf-f5338cdcf1fd,Q2119882,Google Nest,,,
Q20800404,Alphabet Inc.,P355,child organization or unit,Q20800404-8b1aae15-42c3-2950-c9e5-6f682b65ed7d,Q55513046,Wing,,,
Q20800404,Alphabet Inc.,P355,child organization or unit,Q20800404-8da763c1-4968-382e-9942-d9afe69bf7de,Q26912024,Google Ireland Holdings Unlimited Company,,,
Q20800404,Alphabet Inc.,P355,child organization or unit,Q20800404-a63e959b-4d85-a21c-8b8c-6ac1cb52e69a,Q14932155,Calico,,,
Q20800404,Alphabet Inc.,P355,child organization or unit,Q20800404-a8030c8d-420c-b666-4cda-d3dab8d083a8,Q166561,Google Fiber,,,
Q20800404,Alphabet Inc.,P355,child organization or unit,Q20800404-bae92b60-416a-d1d7-fa9e-1d9e32d7aa88,Q2591662,GV,,,
Q20800404,Alphabet Inc.,P355,child organization or unit,Q20800404-CAAD197C-7691-4761-A744-911D2E674BE9,Q100292504,Waymo Holding,,,
Q20800404,Alphabet Inc.,P355,child organization or unit,Q20800404-CE26F7CC-ED25-4C89-B494-C23EE2B014D2,Q7114879,Q7114879,,,
Q20800404,Alphabet Inc.,P355,child organization or unit,Q20800404-da0b278f-4e68-1e86-c166-0398d618c62b,Q13463146,Loon,,,
Q20800404,Alphabet Inc.,P355,child organization or unit,Q20800404-E6295691-CC37-4CC7-BDE9-BDCA88F796C3,Q15330,Waymo,,,
Q20800404,Alphabet Inc.,P361,part of,Q20800404-0A9CF3B9-429D-47C2-BB7A-852B360BBBD6,Q507306,Nasdaq-100,,,
Q20800404,Alphabet Inc.,P361,part of,Q20800404-119F6061-3657-4B29-A261-1DE9A955BD63,Q773026,Dow Jones Global Titans 50,,,
Q20800404,Alphabet Inc.,P361,part of,Q20800404-385F0893-2FAF-4415-A35D-91413F2B4F94,Q133989581,Silicon Six,,,
Q20800404,Alphabet Inc.,P361,part of,Q20800404-4A8CDB81-2252-4E3B-A872-5BA1F49FBE94,Q242345,S&P 500,,,
Q20800404,Alphabet Inc.,P361,part of,Q20800404-C24332F3-1A1F-4298-915F-BFE515B1FCC1,Q1546793,S&P 100,,,
Q20800404,Alphabet Inc.,P452,industry,Q20800404-1dc07a8e-4a56-29b4-ee84-f9aa7c8101e1,Q11661,information technology,,,
Q219635,BlackRock,P1056,product or material produced,Q219635-0ed4d0d1-468c-05c6-e27b-b3820e60dcb9,Q873442,asset management,,,
Q219635,BlackRock,P1056,product or material produced,Q219635-383235f1-4122-e655-18e9-62020cb80895,Q791974,mutual fund,,,
Q219635,BlackRock,P1056,product or material produced,Q219635-af8980a1-488b-6603-f901-ab3066892204,Q1195348,index fund,,,
Q219635,BlackRock,P1056,product or material produced,Q219635-b2880208-47df-7bbf-d3bd-639a8d01910f,Q59542260,Exchange-Traded Funds (ETFs): Issues for Congress,,,
Q219635,BlackRock,P1056,product or material produced,Q219635-c92a330e-4ad1-be36-fb94-2eaa818a7825,Q189447,risk management,,,
Q219635,BlackRock,P127,owned by,Q219635-35611d2e-4557-7f2c-b898-9e3ab9037b3c,Q849363,The Vanguard Group,P585,point in time,2025-10-17T00:00:00Z
Q219635,BlackRock,P127,owned by,Q219635-35611d2e-4557-7f2c-b898-9e3ab9037b3c,Q849363,The Vanguard Group,P1107,proportion,0.0901
Q219635,BlackRock,P127,owned by,Q219635-3cf6da10-4534-0086-3c86-30507fdeb2ad,Q219635,BlackRock,P518,applies to part,Q658255
Q219635,BlackRock,P127,owned by,Q219635-3cf6da10-4534-0086-3c86-30507fdeb2ad,Q219635,BlackRock,P585,point in time,2025-10-17T00:00:00Z
Q219635,BlackRock,P127,owned by,Q219635-3cf6da10-4534-0086-3c86-30507fdeb2ad,Q219635,BlackRock,P1107,proportion,0.0505
Q219635,BlackRock,P127,owned by,Q219635-6ccf97c5-4b4d-092e-fdc4-d758f2e65390,Q1794766,Kuwait Investment Authority,P585,point in time,2025-10-17T00:00:00Z
Q219635,BlackRock,P127,owned by,Q219635-6ccf97c5-4b4d-092e-fdc4-d758f2e65390,Q1794766,Kuwait Investment Authority,P1107,proportion,0.0515
Q219635,BlackRock,P169,chief executive officer,Q219635-f040d4f5-4e6d-a791-f54c-3484c6695b6d,Q3218882,Larry Fink,P580,start time,1988-01-01T00:00:00Z
Q219635,BlackRock,P1830,owner of,Q219635-cf7fbbba-4da4-8567-6e38-addd251f6a6f,Q19751474,CT Corpora,P585,point in time,2018-02-01T00:00:00Z
Q219635,BlackRock,P1830,owner of,Q219635-cf7fbbba-4da4-8567-6e38-addd251f6a6f,Q19751474,CT Corpora,P1013,criterion used,Q330601
Q219635,BlackRock,P1830,owner of,Q219635-cf7fbbba-4da4-8567-6e38-addd251f6a6f,Q19751474,CT Corpora,P1107,proportion,0.0478
Q219635,BlackRock,P1830,owner of,Q219635-d90ea76c-4aa6-3a01-612d-44ca94563ba3,Q169339,Glencore,P1013,criterion used,Q330601
Q219635,BlackRock,P1830,owner of,Q219635-d90ea76c-4aa6-3a01-612d-44ca94563ba3,Q169339,Glencore,P1107,proportion,0.0582
Q219635,BlackRock,P1830,owner of,Q219635-eb6930c0-49b5-3896-45ef-df9e7be1fbfd,Q1127887,Vivendi,P585,point in time,2017-03-07T00:00:00Z
Q219635,BlackRock,P1830,owner of,Q219635-eb6930c0-49b5-3896-45ef-df9e7be1fbfd,Q1127887,Vivendi,P1013,criterion used,Q330601
Q219635,BlackRock,P1830,owner of,Q219635-eb6930c0-49b5-3896-45ef-df9e7be1fbfd,Q1127887,Vivendi,P1107,proportion,0.0437
Q219635,BlackRock,P1830,owner of,Q219635-f83423b1-4935-37ea-b670-af57a88fcb05,Q48966427,Ruangguru,P585,point in time,2019-08-28T00:00:00Z
Q219635,BlackRock,P1830,owner of,Q219635-f83423b1-4935-37ea-b670-af57a88fcb05,Q48966427,Ruangguru,P1013,criterion used,Q330601
Q219635,BlackRock,P1830,owner of,Q219635-f83423b1-4935-37ea-b670-af57a88fcb05,Q48966427,Ruangguru,P1107,proportion,0.1254
Q219635,BlackRock,P1830,owner of,Q219635-f84a85cc-46af-b3f4-84e2-7603b77e1c95,Q371901,Royal Unibrew,P1107,proportion,0.075
Q219635,BlackRock,P1830,owner of,Q219635-06074916-5678-4d7f-8bbc-ba118221adb8,Q821293,Rio Tinto Group,,,
Q219635,BlackRock,P1830,owner of,Q219635-2AB51E53-AA1A-4A29-81B4-57A1DE00F23C,Q741707,Wabtec,,,
Q219635,BlackRock,P1830,owner of,Q219635-9716ade3-4801-ca0b-022d-c9f1680e03ee,Q113215,Carlsberg Group,,,
Q219635,BlackRock,P355,child organization or unit,Q219635-1e57459a-4399-ad47-dae9-117159458205,Q1072615,iShares,,,
Q219635,BlackRock,P361,part of,Q219635-3F3EA9B4-FEF3-442F-A687-A01B824F918D,Q242345,S&P 500,P580,start time,2011-04-04T00:00:00Z
Q219635,BlackRock,P361,part of,Q219635-964fe52c-4c26-281e-b865-bc8931658cd3,Q134661623,list of companies involved in the Gaza war,,,
Q219635,BlackRock,P361,part of,Q219635-678E305E-104B-4BD6-8A09-1F4F86A30E16,Q1546793,S&P 100,,,
Q219635,BlackRock,P452,industry,Q219635-2297cf49-4431-7f61-5e32-46710c9772b3,Q873442,asset management,,,
Q334800,PepsiCo,P1056,product or material produced,Q334800-09292143-480c-9c21-d4d6-6796eb5f5989,Q5275050,Diet Pepsi,,,
Q334800,PepsiCo,P1056,product or material produced,Q334800-11635929-4123-e103-9379-6db149b443ed,Q3813358,Mauby,,,
Q334800,PepsiCo,P1056,product or material produced,Q334800-28a61e03-4c6d-9a12-1a4d-31fd9246b8a2,Q270059,7 Up,,,
Q334800,PepsiCo,P1056,product or material produced,Q334800-2dae720b-4637-9939-bfa9-0e5f560e18b1,Q784230,Punica,,,
Q334800,PepsiCo,P1056,product or material produced,Q334800-2f52a47e-4e98-beb3-e119-2da60d0e4904,Q304992,Gatorade,,,
Q334800,PepsiCo,P1056,product or material produced,Q334800-5adeb047-4ff5-954e-3cd1-a1b8e59a1e82,Q896,Mountain Dew,,,
Q334800,PepsiCo,P1056,product or material produced,Q334800-7ce63f43-48c6-557b-ac96-135e538ad96c,Q568384,Mirinda,,,
Q334800,PepsiCo,P1056,product or material produced,Q334800-a9b68d93-4b49-5af5-50cc-8aa3516b2023,Q5573519,Paso de los Toros,,,
Q334800,PepsiCo,P1056,product or material produced,Q334800-B608D2BD-25A8-4CC6-9448-5D0915D7EC95,Q47719,Pepsi,,,
Q334800,PepsiCo,P127,owned by,Q334800-62167400-41cf-a45c-81d2-1690586873c6,Q7603552,State Street Global Advisors,P1107,proportion,0.0444
Q334800,PepsiCo,P127,owned by,Q334800-815152c8-4dc4-43ba-0b5b-c13c51895d1e,Q219635,BlackRock,P585,point in time,2016-12-31T00:00:00Z
Q334800,PepsiCo,P127,owned by,Q334800-815152c8-4dc4-43ba-0b5b-c13c51895d1e,Q219635,BlackRock,P1107,proportion,0.059
Q334800,PepsiCo,P127,owned by,Q334800-9207aefc-4905-962c-0b0c-405284f0a706,Q849363,The Vanguard Group,P585,point in time,2016-12-31T00:00:00Z
Q334800,PepsiCo,P127,owned by,Q334800-9207aefc-4905-962c-0b0c-405284f0a706,Q849363,The Vanguard Group,P1107,proportion,0.074
Q334800,PepsiCo,P169,chief executive officer,Q334800-284f6cdd-4729-50bd-1bfb-db224e62543a,Q264913,Indra Nooyi,P580,start time,2006-01-01T00:00:00Z
Q334800,PepsiCo,P169,chief executive officer,Q334800-284f6cdd-4729-50bd-1bfb-db224e62543a,Q264913,Indra Nooyi,P582,end time,2018-01-01T00:00:00Z
Q334800,PepsiCo,P169,chief executive officer,Q334800-480e691d-4128-6ff7-8e5a-6f9d1896d07e,Q5203873,D. Wayne Calloway,P580,start time,1986-01-01T00:00:00Z
Q334800,PepsiCo,P169,chief executive officer,Q334800-480e691d-4128-6ff7-8e5a-6f9d1896d07e,Q5203873,D. Wayne Calloway,P582,end time,1996-01-01T00:00:00Z
Q334800,PepsiCo,P169,chief executive officer,Q334800-878248d6-4ebe-ed24-e6a0-44136e0f0be5,Q56042353,Ramon Laguarta,P39,position held,Q140686
Q334800,PepsiCo,P169,chief executive officer,Q334800-878248d6-4ebe-ed24-e6a0-44136e0f0be5,Q56042353,Ramon Laguarta,P39,position held,Q484876
Q334800,PepsiCo,P169,chief executive officer,Q334800-878248d6-4ebe-ed24-e6a0-44136e0f0be5,Q56042353,Ramon Laguarta,P580,start time,2018-10-03T00:00:00Z
Q334800,PepsiCo,P169,chief executive officer,Q334800-a92cb373-415c-7994-8927-bf418a002223,Q7358155,Roger Enrico,P580,start time,1996-01-01T00:00:00Z
Q334800,PepsiCo,P169,chief executive officer,Q334800-a92cb373-415c-7994-8927-bf418a002223,Q7358155,Roger Enrico,P582,end time,2001-01-01T00:00:00Z
Q334800,PepsiCo,P169,chief executive officer,Q334800-bcf3f5e5-4789-35b0-24f1-2fd0928640fa,Q7615193,Steven Reinemund,P580,start time,2001-01-01T00:00:00Z
Q334800,PepsiCo,P169,chief executive officer,Q334800-bcf3f5e5-4789-35b0-24f1-2fd0928640fa,Q7615193,Steven Reinemund,P582,end time,2006-01-01T00:00:00Z
Q334800,PepsiCo,P1830,owner of,Q334800-410fd884-4ce7-aeb7-0fc0-550b44d58764,Q846834,Calbee,P1107,proportion,0.2
Q334800,PepsiCo,P1830,owner of,Q334800-13b80223-41fc-480e-b8f3-33bcc9842f24,Q304992,Gatorade,,,
Q334800,PepsiCo,P1830,owner of,Q334800-606c8851-4507-dc04-d24b-906cb57216ab,Q492747,Dole plc,,,
Q334800,PepsiCo,P1830,owner of,Q334800-74896435-4fef-d78c-d9a2-074f23f1f848,Q1846049,Tropicana Products,,,
Q334800,PepsiCo,P1830,owner of,Q334800-b5bf6373-4292-ee89-e252-80430a746acd,Q1459797,Rockstar,,,
Q334800,PepsiCo,P1830,owner of,Q334800-bc75681e-44cc-ed80-b685-403b96844651,Q2699694,Quaker Oats Company,,,
Q334800,PepsiCo,P355,child organization or unit,Q334800-2642f2fa-4cb6-cff6-355c-d6aa36f3da46,Q7640676,Sunny Delight Beverages,P580,start time,2005-05-01T00:00:00Z
Q334800,PepsiCo,P355,child organization or unit,Q334800-b4f8203b-473a-8ea7-5dbd-44748c7ca34b,Q668737,Yum! Brands,P582,end time,1997-01-01T00:00:00Z
Q334800,PepsiCo,P355,child organization or unit,Q334800-BFD0439D-597B-462D-A4A6-0DCA9B0AC65E,Q642959,Lebedyansky,P580,start time,2008-01-01T00:00:00Z
Q334800,PepsiCo,P355,child organization or unit,Q334800-093bb1ae-494c-3a32-3fc8-fd4efa60f06a,Q61075558,Fruko,,,
Q334800,PepsiCo,P355,child organization or unit,Q334800-18A57F2E-A0CB-40DA-AC0C-4FCBD72D964E,Q7764913,The Smith's Snackfood Company,,,
Q334800,PepsiCo,P355,child organization or unit,Q334800-23C7F712-B623-45B1-94BB-9D18030B655D,Q16850746,Izze Beverage Company,,,
Q334800,PepsiCo,P355,child organization or unit,Q334800-295afaf9-421a-3c22-b929-6076abd53b3b,Q1221751,Frito-Lay,,,
Q334800,PepsiCo,P355,child organization or unit,Q334800-4465F70C-73A8-4C5C-8130-711045FABF58,Q4930246,Bluebird Foods,,,
Q334800,PepsiCo,P355,child organization or unit,Q334800-74E88C5A-FFCF-40B1-AAF7-079DB549291D,Q30713701,PepsiCo Holdings,,,
Q334800,PepsiCo,P355,child organization or unit,Q334800-7B97A533-EA14-4553-B5FE-A0F1F4A8EFAA,Q5520129,Gamesa,,,
Q334800,PepsiCo,P355,child organization or unit,Q334800-8B6939E1-01B7-4DEB-A05B-17C53EBBF526,Q30713677,PepsiCo Canada,,,
Q334800,PepsiCo,P355,child organization or unit,Q334800-8d5aebb0-4839-c9cc-5135-b8840a951c1e,Q2699694,Quaker Oats Company,,,
Q334800,PepsiCo,P355,child organization or unit,Q334800-98324B99-153D-41CE-8688-8BC4E7C9B3A0,Q17082362,Naked Juice,,,
Q334800,PepsiCo,P355,child organization or unit,Q334800-CC4C5896-CAE5-4F31-8FD7-66B2C9BC78E8,Q304992,Gatorade,,,
Q334800,PepsiCo,P355,child organization or unit,Q334800-d1b5b639-4676-1def-f6d4-03ec3bee39a8,Q50407282,PepsiCo Ukraine,,,
Q334800,PepsiCo,P355,child organization or unit,Q334800-f835ca6a-490f-a505-0241-0f168397bcf7,Q1846049,Tropicana Products,,,
Q334800,PepsiCo,P361,part of,Q334800-CF881274-185E-4396-A555-84DF21F245EE,Q507306,Nasdaq-100,P585,point in time,2026-02-01T00:00:00Z
Q334800,PepsiCo,P361,part of,q334800-177c3865-47fd-87f7-5002-c4ad246c0fc9,Q242345,S&P 500,,,
Q334800,PepsiCo,P361,part of,Q334800-6FD73EE2-E0DA-44D9-9DF1-31A3B8E1EA7B,Q1546793,S&P 100,,,
Q334800,PepsiCo,P452,industry,Q334800-670a06e6-4ee4-7d71-85dd-d9050478f0da,Q1187656,fast-moving consumer goods,,,
Q334800,PepsiCo,P452,industry,Q334800-999123cc-4a55-0556-b037-02dd45cc8eb6,Q540912,food industry,,,
Q334800,PepsiCo,P452,industry,Q334800-CF35BAC1-A074-4BD6-9437-F5A4957523E4,Q4899370,beverage industry,,,
Q1335585,Emerson Electric,P355,child organization or unit,Q1335585-0507AF7F-3279-4460-AAE6-A430008AA363,Q29002330,Emerson (Germany),,,
Q1335585,Emerson Electric,P355,child organization or unit,Q1335585-62d2fe77-4d81-4a42-c208-691b8e19798a,Q69434446,Emerson International Holding Company Limited,,,
Q1335585,Emerson Electric,P355,child organization or unit,Q1335585-71DD1E2F-644A-487A-804F-71DE018367CC,Q58553392,ALCO Controls,,,
Q1335585,Emerson Electric,P355,child organization or unit,Q1335585-b11eb0b9-47d0-f658-b8b4-9735436e4d99,Q17310421,Aventics GmbH,,,
Q1335585,Emerson Electric,P355,child organization or unit,Q1335585-c8b569c7-4039-97d7-047b-79e033c848eb,Q69421970,Emerson Electric Nederland B.V.,,,
Q1335585,Emerson Electric,P355,child organization or unit,Q1335585-D56B3F8C-83B8-49CA-80C0-13BC95341AAF,Q29002331,Emerson (China),,,
Q1335585,Emerson Electric,P355,child organization or unit,Q1335585-e50be165-4a8d-4c1c-9dff-5b403060eefb,Q6008835,InSinkErator,,,
Q1335585,Emerson Electric,P355,child organization or unit,Q1335585-F11281C3-84D7-46E5-956B-171DA0AE033B,Q30273388,Emerson (Sweden),,,
Q1335585,Emerson Electric,P361,part of,Q1335585-A77F0B90-1424-4A95-9C4E-FB8FCE83DFE4,Q242345,S&P 500,,,
Q1335585,Emerson Electric,P361,part of,Q1335585-6B6323A0-E8FE-4034-9F5A-7CE77091A695,Q1546793,S&P 100,,,
Q1335585,Emerson Electric,P452,industry,Q1335585-06B3059E-1F6C-4E96-8731-D19BFFB9836E,Q1326885,electrical industry,,,
Q156238,ExxonMobil,P1056,product or material produced,Q156238-34FC923A-FB7A-4B37-A606-6295C8E10766,Q2131789,lithium grease,,,
Q156238,ExxonMobil,P127,owned by,Q156238-6fefd301-4f47-db4c-ba9e-3578abe84e6e,Q219635,BlackRock,P585,point in time,2016-06-30T00:00:00Z
Q156238,ExxonMobil,P127,owned by,Q156238-6fefd301-4f47-db4c-ba9e-3578abe84e6e,Q219635,BlackRock,P1107,proportion,0.0415
Q156238,ExxonMobil,P127,owned by,Q156238-8f7de9cc-4d8b-73a6-5809-e65fa1b608d4,Q2037125,State Street Corporation,P585,point in time,2016-06-30T00:00:00Z
Q156238,ExxonMobil,P127,owned by,Q156238-8f7de9cc-4d8b-73a6-5809-e65fa1b608d4,Q2037125,State Street Corporation,P1107,proportion,0.0454
Q156238,ExxonMobil,P127,owned by,Q156238-9b36a107-4683-792b-edff-233756123bef,Q849363,The Vanguard Group,P585,point in time,2019-12-31T00:00:00Z
Q156238,ExxonMobil,P127,owned by,Q156238-9b36a107-4683-792b-edff-233756123bef,Q849363,The Vanguard Group,P1107,proportion,0.084
Q156238,ExxonMobil,P169,chief executive officer,Q156238-56c61968-4799-6728-3c2b-05f0d24c81a6,Q28018191,Darren Woods,P580,start time,2017-01-01T00:00:00Z
Q156238,ExxonMobil,P169,chief executive officer,Q156238-5e4ca111-456e-94fe-a484-d39d9777ddb5,Q359908,Lee Raymond,P580,start time,1999-01-01T00:00:00Z
Q156238,ExxonMobil,P169,chief executive officer,Q156238-5e4ca111-456e-94fe-a484-d39d9777ddb5,Q359908,Lee Raymond,P582,end time,2005-01-01T00:00:00Z
Q156238,ExxonMobil,P169,chief executive officer,q156238-617DEDDE-2F40-4B71-B5BC-769819E34379,Q331401,Rex Tillerson,P580,start time,2006-01-01T00:00:00Z
Q156238,ExxonMobil,P169,chief executive officer,q156238-617DEDDE-2F40-4B71-B5BC-769819E34379,Q331401,Rex Tillerson,P582,end time,2017-01-01T00:00:00Z
Q156238,ExxonMobil,P1830,owner of,Q156238-78273199-4408-6bd1-7def-359129a53f4f,Q4687942,Aera Energy,P1107,proportion,48.2
Q156238,ExxonMobil,P1830,owner of,Q156238-2AE6DB9D-2F4C-462E-862F-81BBD1782BDC,Q5422528,Exxon Neftegas,,,
Q156238,ExxonMobil,P1830,owner of,Q156238-8A0A921F-DEC2-4DFA-B430-493A1FF56859,Q5399929,ExxonMobil Australia,,,
Q156238,ExxonMobil,P1830,owner of,Q156238-8A1C3FAF-2EA2-4080-8EC8-62F828061F71,Q40650,Imperial Oil,,,
Q156238,ExxonMobil,P1830,owner of,Q156238-B5B10372-698A-47A4-AFE0-AED57D504561,Q867662,Esso,,,
Q156238,ExxonMobil,P1830,owner of,Q156238-fa0ce809-4050-4481-3f65-272e2798f405,Q5467279,Forbes Travel Guide,,,
Q156238,ExxonMobil,P355,child organization or unit,Q156238-313B2072-BEE8-4DC6-96A1-B45D1DAFE49E,Q30273533,ExxonMobil (United Kingdom),,,
Q156238,ExxonMobil,P355,child organization or unit,Q156238-5c3aa77f-4e6a-62fd-0fa4-86ef5b3c7ea3,Q21175545,ExxonMobil Chemical,,,
Q156238,ExxonMobil,P355,child organization or unit,Q156238-7EAF7B9D-3771-4FD0-84C9-CDF17AF43C7C,Q5399929,ExxonMobil Australia,,,
Q156238,ExxonMobil,P355,child organization or unit,Q156238-A6CB69DF-D586-4C2A-A50E-193DBDC74C9E,Q762354,XTO Energy,,,
Q156238,ExxonMobil,P355,child organization or unit,Q156238-b0d24f64-47a5-373b-b98b-d760378bd203,Q21175559,ExxonMobil Research and Engineering,,,
Q156238,ExxonMobil,P355,child organization or unit,Q156238-FFADF6B6-0ECD-4BAE-980D-759D1FD7AB02,Q29000343,ExxonMobil (Canada),,,
Q156238,ExxonMobil,P355,child organization or unit,Q156238-37a972fe-4df1-f47e-bd3b-082c276458bf,Q109675296,"ExxonMobil Fuels, Lubricants & Specialties Marketing Company",P580,start time,http://www.wikidata.org/.well-known/genid/7fa9836995d123ca787f5ba43d77d2d9
Q156238,ExxonMobil,P355,child organization or unit,Q156238-37a972fe-4df1-f47e-bd3b-082c276458bf,Q109675296,"ExxonMobil Fuels, Lubricants & Specialties Marketing Company",P582,end time,2018-01-01T00:00:00Z
Q156238,ExxonMobil,P355,child organization or unit,Q156238-3f301d29-4983-d727-1423-946d6cf6ebed,Q109675228,ExxonMobil Refining and Supply Company,P580,start time,http://www.wikidata.org/.well-known/genid/ce7073f9f93e18ccdbd0c862321b3997
Q156238,ExxonMobil,P355,child organization or unit,Q156238-3f301d29-4983-d727-1423-946d6cf6ebed,Q109675228,ExxonMobil Refining and Supply Company,P582,end time,2018-01-01T00:00:00Z
Q156238,ExxonMobil,P355,child organization or unit,Q156238-5929D101-8225-4D96-B591-3CAA08CB0253,Q120173824,ExxonMobil Central Europe Holding,P580,start time,2000-01-01T00:00:00Z
Q156238,ExxonMobil,P355,child organization or unit,Q156238-7cacf869-43d6-a03b-ea20-5ad05418f39f,Q5467279,Forbes Travel Guide,P580,start time,2001-01-01T00:00:00Z
Q156238,ExxonMobil,P355,child organization or unit,Q156238-B6F27021-E4F6-4A50-972B-3D4E1F1D2DB3,Q40650,Imperial Oil,P1107,proportion,0.696
Q156238,ExxonMobil,P355,child organization or unit,Q156238-e18602ce-40d4-dc29-1c90-a98dcaa43686,Q109675359,ExxonMobil Fuels & Lubricants Company,P580,start time,2018-01-01T00:00:00Z
Q156238,ExxonMobil,P361,part of,Q156238-06598a58-40c8-756a-6b12-6946b0414a8a,Q242345,S&P 500,,,
Q156238,ExxonMobil,P361,part of,Q156238-106D47F5-FCA7-4AAB-A9BD-D30BD106C7EC,Q773026,Dow Jones Global Titans 50,,,
Q156238,ExxonMobil,P361,part of,Q156238-28c6def5-465c-27c7-932d-c521da10542a,Q1546793,S&P 100,,,
Q156238,ExxonMobil,P361,part of,Q156238-5066ECD6-3F30-4419-96CD-B6D1F0E90C93,Q1330390,Big Oil,,,
Q156238,ExxonMobil,P361,part of,Q156238-D7C3F193-D80D-424D-8510-29E9E035F803,Q3835939,fossil fuels lobby,,,
Q156238,ExxonMobil,P452,industry,Q156238-3121f8f1-4e4d-d701-042f-fe0a2eea83a9,Q862571,petroleum industry,,,
Q214763,ConocoPhillips,P1056,product or material produced,Q214763-6DC91F14-41AF-4109-9934-C0FD504604CB,Q39558,gasoline,,,
Q214763,ConocoPhillips,P127,owned by,Q214763-61defab1-4844-c7b8-cd55-47696f4d63de,Q849363,The Vanguard Group,P585,point in time,2019-04-01T00:00:00Z
Q214763,ConocoPhillips,P127,owned by,Q214763-61defab1-4844-c7b8-cd55-47696f4d63de,Q849363,The Vanguard Group,P1107,proportion,7.82
Q214763,ConocoPhillips,P127,owned by,Q214763-7674e886-48dd-cd0a-4f24-2d858efc66c4,Q505275,Capital Group Companies,P585,point in time,2019-04-01T00:00:00Z
Q214763,ConocoPhillips,P127,owned by,Q214763-7674e886-48dd-cd0a-4f24-2d858efc66c4,Q505275,Capital Group Companies,P1107,proportion,6.2
Q214763,ConocoPhillips,P127,owned by,Q214763-a43c412a-47c3-4f75-a665-71c3f1da1bd8,Q219635,BlackRock,P585,point in time,2019-04-01T00:00:00Z
Q214763,ConocoPhillips,P127,owned by,Q214763-a43c412a-47c3-4f75-a665-71c3f1da1bd8,Q219635,BlackRock,P1107,proportion,7.3
Q214763,ConocoPhillips,P169,chief executive officer,Q214763-52e6f967-4e8b-8bf0-6113-cc60c7c44b82,Q7384237,Ryan Lance,P580,start time,2012-05-01T00:00:00Z
Q214763,ConocoPhillips,P1830,owner of,Q214763-A1AC078D-C677-45D1-99E0-E66F9B92BBF8,Q7777677,Theddlethorpe Gas Terminal,,,
Q214763,ConocoPhillips,P355,child organization or unit,Q214763-19594E99-A764-4602-A4D1-A5ACC9815503,Q4999281,Burlington Resources,,,
Q214763,ConocoPhillips,P355,child organization or unit,Q214763-1d504c7f-4246-22ed-348b-3f42a46f22f4,Q17762703,ConocoPhillips Skandinavia,,,
Q214763,ConocoPhillips,P355,child organization or unit,Q214763-48767535-E95B-49E1-8CD9-73D9E5550A46,Q30338326,ConocoPhillips (Qatar),,,
Q214763,ConocoPhillips,P355,child organization or unit,Q214763-7AD0BAE3-EFC2-4973-A001-AD74C82BC71F,Q1476277,Phillips Petroleum Company,,,
Q214763,ConocoPhillips,P355,child organization or unit,Q214763-B67AB3DD-49F8-42B4-AD6F-ED5EC0FEBB26,Q30338325,ConocoPhillips (Canada),,,
Q214763,ConocoPhillips,P355,child organization or unit,Q214763-C8A968E7-F9A3-494D-BF96-6CB09DDF8FD6,Q5162109,ConocoPhillips Alaska,,,
Q214763,ConocoPhillips,P361,part of,Q214763-1A54D57B-6CC9-4918-BCB2-B9D8F965243D,Q242345,S&P 500,,,
Q214763,ConocoPhillips,P361,part of,Q214763-1B84BE02-0FD7-4CFA-8E10-2B76B2CAAF74,Q1546793,S&P 100,,,
Q214763,ConocoPhillips,P452,industry,Q214763-26b981e8-4faf-10a9-8952-089cef8da612,Q862571,petroleum industry,,,
Q7414,The Walt Disney Company,P1056,product or material produced,Q7414-77ba3a32-4cab-2aca-9716-0fe2d81a128b,Q15078788,broadcasting,,,
Q7414,The Walt Disney Company,P1056,product or material produced,Q7414-9041468E-CFD1-4D7D-890A-A43911B68F41,Q7397,software,,,
Q7414,The Walt Disney Company,P1056,product or material produced,Q7414-911c2ee0-4134-6743-a41d-597c517a0a7c,Q638,music,,,
Q7414,The Walt Disney Company,P1056,product or material produced,Q7414-f7e8796a-4a56-645d-409a-087e840a12a6,Q56312618,video game,,,
Q7414,The Walt Disney Company,P127,owned by,Q7414-071aea4e-4e51-51b5-cc29-8c23781b1166,Q849363,The Vanguard Group,P585,point in time,2025-01-16T00:00:00Z
Q7414,The Walt Disney Company,P127,owned by,Q7414-071aea4e-4e51-51b5-cc29-8c23781b1166,Q849363,The Vanguard Group,P1107,proportion,0.084
Q7414,The Walt Disney Company,P127,owned by,Q7414-ef3b4934-43ef-57ca-4ed1-23330a77a3fb,Q219635,BlackRock,P585,point in time,2025-01-16T00:00:00Z
Q7414,The Walt Disney Company,P127,owned by,Q7414-ef3b4934-43ef-57ca-4ed1-23330a77a3fb,Q219635,BlackRock,P1107,proportion,0.068
Q7414,The Walt Disney Company,P169,chief executive officer,Q7414-31bd8225-467c-fb45-b957-70c95fb4d04c,Q532423,Bob Iger,P580,start time,2005-01-01T00:00:00Z
Q7414,The Walt Disney Company,P169,chief executive officer,Q7414-31bd8225-467c-fb45-b957-70c95fb4d04c,Q532423,Bob Iger,P582,end time,2020-01-01T00:00:00Z
Q7414,The Walt Disney Company,P169,chief executive officer,Q7414-5a4c1152-4401-0322-7652-7a0693e41cf2,Q3421200,Raymond Watson,P580,start time,1984-01-01T00:00:00Z
Q7414,The Walt Disney Company,P169,chief executive officer,Q7414-5a4c1152-4401-0322-7652-7a0693e41cf2,Q3421200,Raymond Watson,P582,end time,1984-01-01T00:00:00Z
Q7414,The Walt Disney Company,P169,chief executive officer,Q7414-5aa30c20-4162-3392-01eb-e2f9cc592446,Q727953,Michael Eisner,P580,start time,1984-01-01T00:00:00Z
Q7414,The Walt Disney Company,P169,chief executive officer,Q7414-5aa30c20-4162-3392-01eb-e2f9cc592446,Q727953,Michael Eisner,P582,end time,2005-01-01T00:00:00Z
Q7414,The Walt Disney Company,P169,chief executive officer,Q7414-5cddf95e-4996-c918-1595-7b39e56ec0bd,Q532423,Bob Iger,P580,start time,2022-01-01T00:00:00Z
Q7414,The Walt Disney Company,P169,chief executive officer,Q7414-5cddf95e-4996-c918-1595-7b39e56ec0bd,Q532423,Bob Iger,P582,end time,2026-01-01T00:00:00Z
Q7414,The Walt Disney Company,P169,chief executive officer,Q7414-649eefa9-401e-68a5-9691-47d65c9ce5ae,Q347432,Roy O. Disney,P580,start time,1966-01-01T00:00:00Z
Q7414,The Walt Disney Company,P169,chief executive officer,Q7414-649eefa9-401e-68a5-9691-47d65c9ce5ae,Q347432,Roy O. Disney,P582,end time,1971-01-01T00:00:00Z
Q7414,The Walt Disney Company,P169,chief executive officer,Q7414-85ae8b15-413a-c171-343b-210cdde69d59,Q8704,Walt Disney,P580,start time,1923-10-16T00:00:00Z
Q7414,The Walt Disney Company,P169,chief executive officer,Q7414-85ae8b15-413a-c171-343b-210cdde69d59,Q8704,Walt Disney,P582,end time,1966-01-01T00:00:00Z
Q7414,The Walt Disney Company,P169,chief executive officer,Q7414-88ee554a-49b4-0417-f45e-ae8a745f3861,Q86408516,Bob Chapek,P580,start time,2020-01-01T00:00:00Z
Q7414,The Walt Disney Company,P169,chief executive officer,Q7414-88ee554a-49b4-0417-f45e-ae8a745f3861,Q86408516,Bob Chapek,P582,end time,2022-01-01T00:00:00Z
Q7414,The Walt Disney Company,P169,chief executive officer,Q7414-b517280d-4d46-e1d6-6b4b-decab3d12924,Q436622,Donn Tatum,P580,start time,1971-01-01T00:00:00Z
Q7414,The Walt Disney Company,P169,chief executive officer,Q7414-b517280d-4d46-e1d6-6b4b-decab3d12924,Q436622,Donn Tatum,P582,end time,1980-01-01T00:00:00Z
Q7414,The Walt Disney Company,P169,chief executive officer,Q7414-fa13a14f-4872-0842-75ce-63e8a21dd539,Q325214,Card Walker,P580,start time,1980-01-01T00:00:00Z
Q7414,The Walt Disney Company,P169,chief executive officer,Q7414-fa13a14f-4872-0842-75ce-63e8a21dd539,Q325214,Card Walker,P582,end time,1983-01-01T00:00:00Z
Q7414,The Walt Disney Company,P169,chief executive officer,Q7414-acee5824-4029-3684-1e85-df5f3782dc40,Q69598904,Josh D'Amaro,P580,start time,2026-01-01T00:00:00Z
Q7414,The Walt Disney Company,P1830,owner of,Q7414-0210121F-4EB7-487E-A255-12A095A2812A,Q3497261,Starwave,,,
Q7414,The Walt Disney Company,P1830,owner of,Q7414-04BDC1E6-D297-4EA0-9972-42138C35C067,Q6739276,Disney Digital Network,,,
Q7414,The Walt Disney Company,P1830,owner of,Q7414-05faaec9-4e35-443c-a38e-f88ad84cca7e,Q47481944,Endemol Shine Israel,,,
Q7414,The Walt Disney Company,P1830,owner of,Q7414-06F22DF2-BE15-44FC-95FA-1DEC66C17602,Q3189915,Cartoon Pizza,,,
Q7414,The Walt Disney Company,P1830,owner of,Q7414-08AF2D44-CB27-47C7-ADC9-14EF1703B794,Q3146319,Hotels of The Walt Disney Company,,,
Q7414,The Walt Disney Company,P1830,owner of,Q7414-08B6A3BF-69CA-4CC9-B5BE-488888B82D94,Q3195479,Kerpoof,,,
Q7414,The Walt Disney Company,P1830,owner of,Q7414-0AAB79D4-0525-4948-9442-D758F140250C,Q3030351,Disney-ABC Cable Network Group,,,
Q7414,The Walt Disney Company,P1830,owner of,Q7414-0B121009-8CB7-48F9-8203-B8808832929E,Q277561,A&E,,,
Q7414,The Walt Disney Company,P1830,owner of,Q7414-0D6D113E-3BD8-49C2-BCC1-FBA387449025,Q55830205,Jetix CEE,,,
Q7414,The Walt Disney Company,P1830,owner of,Q7414-0EF1AE46-39C1-4466-BC78-00FAF532A1D7,Q3565623,"Walt Disney Music Company, Inc.",,,
Q7414,The Walt Disney Company,P1830,owner of,Q7414-0F43BE46-24AA-4595-975B-C217DEADB50E,Q2260281,Disney Channel Italy,,,
Q7414,The Walt Disney Company,P1830,owner of,Q7414-12054DEB-B041-4DEE-B0F3-3BA895C1C536,Q3523273,The Walt Disney Company India,,,
Q7414,The Walt Disney Company,P1830,owner of,Q7414-12FE42A5-DC07-4716-BB79-0B1751C2609D,Q902959,Times Square Studios,,,
Q7414,The Walt Disney Company,P1830,owner of,Q7414-143631CD-C45D-4894-B0C5-695442249DFE,Q908662,Dimension Films,,,
Q7414,The Walt Disney Company,P1830,owner of,Q7414-15942756-6D47-4A24-9592-A58B18CA3E89,Q2737435,Disney–ABC Domestic Television,,,
Q7414,The Walt Disney Company,P1830,owner of,Q7414-16585719-3B26-4180-8C94-8F963EE80D7C,Q2592540,Disney Channel,,,
Q7414,The Walt Disney Company,P1830,owner of,Q7414-16BD895A-8D54-4AF8-9329-D5C51912238D,Q3030506,Disneytown,,,
Q7414,The Walt Disney Company,P1830,owner of,Q7414-17C1B621-F0B0-46FA-B97E-2DB98C8CB8D2,Q313173,Toon Disney,,,
Q7414,The Walt Disney Company,P1830,owner of,Q7414-1801c06f-473b-3708-984f-a5e486e904a0,Q39058665,Star Bharat,,,
Q7414,The Walt Disney Company,P1830,owner of,Q7414-19340951-2CC9-454D-AA57-731A6AEF4EC7,Q622329,FYI,,,
Q7414,The Walt Disney Company,P1830,owner of,Q7414-19657FC5-9A65-465B-9C57-A7EC296BCFE4,Q2703822,Skywalker Sound,,,
Q7414,The Walt Disney Company,P1830,owner of,Q7414-1a10cb35-4d3b-45aa-e7b9-9f0370d3089c,Q157118,National Geographic,,,
Q7414,The Walt Disney Company,P1830,owner of,Q7414-1a96a836-4ac2-4da7-a3b3-91be6b5fa949,Q3631491,STAR Gold,,,
Q7414,The Walt Disney Company,P1830,owner of,Q7414-1ECDD3C7-7F49-455A-950F-C4F4525FE1EB,Q169889,American Broadcasting Company,,,
Q7414,The Walt Disney Company,P1830,owner of,Q7414-1F463787-6A1C-4466-9936-66C0013448E7,Q1348264,Hollywood Pictures,,,
Q7414,The Walt Disney Company,P1830,owner of,Q7414-20A5C93B-E093-4A02-B1B0-D01C20E82BF0,Q2915959,Disney's River Country,,,
Q7414,The Walt Disney Company,P1830,owner of,Q7414-21173b49-480f-e766-fdd1-67549a73ea4e,Q5476678,Fox Crime Asia,,,
Q7414,The Walt Disney Company,P1830,owner of,Q7414-217A4381-D217-42C4-BC1C-CD704DFCA183,Q3564732,WMVP,,,
Q7414,The Walt Disney Company,P1830,owner of,Q7414-21D098F2-3643-472D-AD78-FA540108B497,Q83723,A+E Global Media,,,
Q7414,The Walt Disney Company,P1830,owner of,Q7414-2301b851-4d91-d8e7-7de9-e4172ac4722f,Q7394683,STAR World India,,,
Q7414,The Walt Disney Company,P1830,owner of,Q7414-23094CC2-D3FB-4F5F-BA1C-67D89FECAECF,Q16991842,Disney Jr.,,,
Q7414,The Walt Disney Company,P1830,owner of,Q7414-23CCBA20-8F4E-4596-BDD8-0B6D9A0E8548,Q969695,Mickey Mouse,,,
Q7414,The Walt Disney Company,P1830,owner of,Q7414-248f2b24-48bd-366a-5034-04d2915d820c,Q138709,Nat Geo Wild,,,
Q7414,The Walt Disney Company,P1830,owner of,Q7414-249574C5-F95C-47BE-8DC9-E6816AA9754C,Q313621,Disney Jr.,,,
Q7414,The Walt Disney Company,P1830,owner of,Q7414-2538f2cd-474d-7a2b-3675-c5b8c10582a3,Q3282004,Tiger Aspect Productions,,,
Q7414,The Walt Disney Company,P1830,owner of,Q7414-256C376B-8872-4B4A-8013-1943D9B24974,Q1431781,Disney Experiences,,,
Q7414,The Walt Disney Company,P1830,owner of,Q7414-2571fb88-458e-b29a-ecac-2157a96c448c,Q17145072,STAR World Premiere,,,
Q7414,The Walt Disney Company,P1830,owner of,Q7414-260391BF-88DD-4AB3-9F3D-25BA106557CD,Q206859,Walt Disney World Resort,,,
Q7414,The Walt Disney Company,P1830,owner of,Q7414-270D93CE-EC4F-4D9E-BBCC-51FA6703B1A8,Q973987,Shanghai Disney Resort,,,
Q7414,The Walt Disney Company,P1830,owner of,Q7414-27224CC6-B812-42B3-84FD-A5C2F349E386,Q181185,Disneyland,,,
Q7414,The Walt Disney Company,P1830,owner of,Q7414-27B41C6B-F5F7-41B2-A853-4E704AB08C62,Q3030445,Disney Platform Distribution,,,
Q7414,The Walt Disney Company,P1830,owner of,Q7414-2A851FCB-0241-41D7-BA5D-DFD473B83C81,Q191224,Walt Disney Pictures,,,
Q7414,The Walt Disney Company,P1830,owner of,Q7414-2C1B1E77-876F-4BE5-9C97-BF697A9E2376,Q3177799,Jetix Europe,,,
Q7414,The Walt Disney Company,P1830,owner of,Q7414-32108249-4EB0-4EEF-963F-52582A308630,Q6545534,LMN,,,
Q7414,The Walt Disney Company,P1830,owner of,Q7414-3243BCAA-4D43-4EBE-9182-56F66DFDEB11,Q206521,Disneyland Paris,,,
Q7414,The Walt Disney Company,P1830,owner of,Q7414-326DF244-95B3-4D16-9BED-26D9843B77A0,Q17183023,"Radio Disney Group, LLC",,,
Q7414,The Walt Disney Company,P1830,owner of,Q7414-33945EFE-CDAD-4AE3-B71A-66122BCD6D72,Q2104471,Disney Music Group,,,
Q7414,The Walt Disney Company,P1830,owner of,Q7414-3494C7E0-B6FF-4233-859C-EB2F0172945F,Q3523272,The Walt Disney Company Southeast Asia,,,
Q7414,The Walt Disney Company,P1830,owner of,Q7414-34D4EC95-0C54-46A3-8363-80BF2DDB83F6,Q2125296,Disney Springs,,,
Q7414,The Walt Disney Company,P1830,owner of,Q7414-36f90ee5-4596-2442-a68a-48c25d53028c,Q495107,Fox Life,,,
Q7414,The Walt Disney Company,P1830,owner of,Q7414-373deb02-40e1-6202-bf64-82d7c4ec4a31,Q30492190,Nat Geo Kids,,,
Q7414,The Walt Disney Company,P1830,owner of,Q7414-382d0de5-42a7-1e38-9f8f-685909677cb5,Q2014847,BabyTV,,,
Q7414,The Walt Disney Company,P1830,owner of,Q7414-382e56a2-4312-d2e8-ea5d-5b4757a032bc,Q4947547,Bossa Studios,,,
Q7414,The Walt Disney Company,P1830,owner of,Q7414-3B87997D-6916-4664-BEE0-6269099C7B93,Q3565612,Walt Disney International,,,
Q7414,The Walt Disney Company,P1830,owner of,Q7414-3BFA76B3-59E2-4BE8-ADF5-745BE65E61A5,Q3150870,Infoseek,,,
Q7414,The Walt Disney Company,P1830,owner of,Q7414-3c6f6ebf-4e65-540e-87c8-978ddb162526,Q2994210,STAR Sports 3,,,
Q7414,The Walt Disney Company,P1830,owner of,Q7414-3E3A46A2-E9C5-4FB7-81F8-DD0C4A121752,Q242446,Lucasfilm,,,
Q7414,The Walt Disney Company,P1830,owner of,Q7414-3E6A7278-D9FE-4C1F-8D6F-CA0A61F6A7D9,Q497155,Touchstone Pictures,,,
Q7414,The Walt Disney Company,P1830,owner of,Q7414-3F30DBD1-3614-4BDE-B389-63B33C37B87F,Q25384903,The Walt Disney Company (China),,,
Q7414,The Walt Disney Company,P1830,owner of,Q7414-3fc1d23e-482d-9858-d8ff-78161d0885dc,Q919514,Disney Studios Australia,,,
Q7414,The Walt Disney Company,P1830,owner of,Q7414-400163C4-41E8-4060-B1E0-F6F29EF3062E,Q2377604,Disney XD,,,
Q7414,The Walt Disney Company,P1830,owner of,Q7414-401DA40B-7CEA-4A10-ACAC-BAA88F63285E,Q3064766,Fall Line Studios,,,
Q7414,The Walt Disney Company,P1830,owner of,Q7414-420474BA-09AE-4D3E-9283-DE08C1475646,Q14928314,The Walt Disney Company Latin America,,,
Q7414,The Walt Disney Company,P1830,owner of,Q7414-420DBF4A-834D-4D04-BF94-B0F5ADFE3337,Q22079532,The Walt Disney Company Argentina,,,
Q7414,The Walt Disney Company,P1830,owner of,Q7414-42728BEC-85D0-48E6-A348-1826FDCC88BE,Q684994,Super RTL,,,
Q7414,The Walt Disney Company,P1830,owner of,Q7414-44976743-468f-a3ae-a8e4-915dfc85b891,Q738088,24Kitchen,,,
Q7414,The Walt Disney Company,P1830,owner of,Q7414-44d30011-4a91-5c52-098c-a5623599c1e5,Q5476820,Fox Movie Channel,,,
Q7414,The Walt Disney Company,P1830,owner of,Q7414-44FE110D-D475-48D2-BADA-6E9288A59FAF,Q3565620,Walt Disney Publications,,,
Q7414,The Walt Disney Company,P1830,owner of,Q7414-472887B9-D567-4E1D-B49B-50F684074C52,Q3094998,Gamestar,,,
Q7414,The Walt Disney Company,P1830,owner of,Q7414-48A00997-F3DF-479D-BB4B-468BAB0792C8,Q4132994,Disney Theatrical Group,,,
Q7414,The Walt Disney Company,P1830,owner of,Q7414-4918521B-F684-4721-888E-C116D4AA660E,Q4132097,Military History,,,
Q7414,The Walt Disney Company,P1830,owner of,Q7414-49218C12-B9EE-4135-92ED-3A3D2DF53400,Q127552,Pixar,,,
Q7414,The Walt Disney Company,P1830,owner of,Q7414-493d92d1-42c7-41d3-7ddd-322f21d613a1,Q11681754,FXX,,,
Q7414,The Walt Disney Company,P1830,owner of,Q7414-49425954-03BB-4B6A-B35C-480151D6CA2E,Q3523271,The Walt Disney Company CIS,,,
Q7414,The Walt Disney Company,P1830,owner of,Q7414-4a442e9c-4501-4e37-5782-dad6cc5e3d62,Q28457298,FoxNext,,,
Q7414,The Walt Disney Company,P1830,owner of,Q7414-4B3121D5-BB1E-44AC-9E52-6115A2E98DA3,Q3100510,Hong Kong International Theme Parks,,,
Q7414,The Walt Disney Company,P1830,owner of,Q7414-4f7d9c0d-4ede-f740-bf3a-8ce2ad397ffe,Q32854807,Banijay Iberia,,,
Q7414,The Walt Disney Company,P1830,owner of,Q7414-52FCC707-A226-467A-AAAE-7AE404925F7B,Q2937387,Capital Disney,,,
Q7414,The Walt Disney Company,P1830,owner of,Q7414-540B185A-49F5-4B7B-B6E7-3F7A7ACFD9F2,Q3030447,Disney Media Networks,,,
Q7414,The Walt Disney Company,P1830,owner of,Q7414-544ADD68-7154-43F9-9E00-A13E51A45FE3,Q654073,Disney Entertainment Television,,,
Q7414,The Walt Disney Company,P1830,owner of,Q7414-54AE4A8A-946D-42F3-83FE-8995BCE9AC1B,Q2734852,GMTV,,,
Q7414,The Walt Disney Company,P1830,owner of,Q7414-591F0F21-E4D4-4DB4-9C0C-C399C1B14110,Q849284,El Capitan Theatre,,,
Q7414,The Walt Disney Company,P1830,owner of,Q7414-59E14A16-385C-4FA5-B88A-28EF33BAB852,Q1204077,ImageMovers,,,
Q7414,The Walt Disney Company,P1830,owner of,Q7414-59F40952-F91C-46AC-8FF8-8B8BF23A1B83,Q465449,Miramax,,,
Q7414,The Walt Disney Company,P1830,owner of,Q7414-5DA2E4D0-F139-4340-BBBC-A661F6D8B974,Q2912731,Disney Channel,,,
Q7414,The Walt Disney Company,P1830,owner of,Q7414-5E0D0001-497A-4B3A-B7C6-725ED63F0FA1,Q3561108,Vista Federal Credit Union,,,
Q7414,The Walt Disney Company,P1830,owner of,Q7414-5e9cfb5f-4877-febf-13e2-39936895f5ea,Q3492330,Endemol Australia,,,
Q7414,The Walt Disney Company,P1830,owner of,Q7414-60BDFD23-B62B-42B5-87A8-8B22C43E742A,Q3030385,Disney Channel,,,
Q7414,The Walt Disney Company,P1830,owner of,Q7414-6123AA53-0C04-4819-BAE1-814E44C7C9FA,Q3030429,Disney Institute,,,
Q7414,The Walt Disney Company,P1830,owner of,Q7414-6277404B-0B9D-491F-8F02-F7350B0694A9,Q3497756,Steamboat Ventures,,,
Q7414,The Walt Disney Company,P1830,owner of,Q7414-62D69932-7948-4A43-A87C-48A2A95BB33E,Q3564667,WEPN,,,
Q7414,The Walt Disney Company,P1830,owner of,Q7414-640BF6DD-DBC9-465C-815A-98E917FD69FE,Q17511049,Alice in Wonderland,,,
Q7414,The Walt Disney Company,P1830,owner of,Q7414-64FABAAB-9046-4AA0-BF76-EE3DB1785D2F,Q50991720,MovieCo,,,
Q7414,The Walt Disney Company,P1830,owner of,Q7414-652408e0-4fec-1207-a8f5-981c2288c801,Q23022746,Star Utsav Movies,,,
Q7414,The Walt Disney Company,P1830,owner of,Q7414-667F1FE7-19A1-4496-A4D1-4971C7773CFC,Q2216535,Walt Disney Studios,,,
Q7414,The Walt Disney Company,P1830,owner of,Q7414-6758A450-FC0B-479C-A030-08744A746378,Q3191359,KESN,,,
Q7414,The Walt Disney Company,P1830,owner of,Q7414-67AD8DB9-5092-4CE9-8C94-08B45E5D2FB8,Q3150108,Indiana Jones Adventure,,,
Q7414,The Walt Disney Company,P1830,owner of,Q7414-69CE28D3-871C-44F7-BF83-D2C3D59D3C40,Q287149,Freeform,,,
Q7414,The Walt Disney Company,P1830,owner of,Q7414-6A33B16B-CE3D-4D61-A3E4-8EF22C49F188,Q3030410,Disney Consumer Products,,,
Q7414,The Walt Disney Company,P1830,owner of,Q7414-6A783926-C3DF-44DE-9A96-FA5216C710DC,Q3565637,Walt Disney Parks and Resorts U.S.,,,
Q7414,The Walt Disney Company,P1830,owner of,Q7414-8cccf167-448b-0506-ac66-761e310e6bd9,Q434841,20th Century Studios,P580,start time,2019-03-20T00:00:00Z
Q7414,The Walt Disney Company,P1830,owner of,Q7414-2e3c76da-497c-b0cb-feed-3d28bc77f311,Q953040,Searchlight Pictures,P580,start time,2019-03-20T00:00:00Z
Q7414,The Walt Disney Company,P1830,owner of,Q7414-E0CE55C1-138B-49B6-8EC0-C63395948E0C,Q672664,Black Rock Studio,,,
Q7414,The Walt Disney Company,P1830,owner of,Q7414-e2e165b1-4602-d57e-90de-1d13b242c886,Q18207757,STAR Sports 2,,,
Q7414,The Walt Disney Company,P1830,owner of,Q7414-E361AAD4-D22B-43C2-8B16-0B7E42735E22,Q5282435,Disney Character Voices International,,,
Q7414,The Walt Disney Company,P1830,owner of,Q7414-E4270953-FA7A-4954-B34A-3CBFC5359F2C,Q2340292,Euro Disney S.C.A.,,,
Q7414,The Walt Disney Company,P1830,owner of,Q7414-E4FD993E-655E-472A-9AB3-8D08DD4BA158,Q3030374,Disney Channel,,,
Q7414,The Walt Disney Company,P1830,owner of,Q7414-e6539f04-4d26-e37a-2146-a5b41a28d85a,Q5376047,Banijay UK,,,
Q7414,The Walt Disney Company,P1830,owner of,Q7414-E83F92A9-CC9A-4CF1-9962-1471FC0C8A06,Q54857,Radio Disney,,,
Q7414,The Walt Disney Company,P1830,owner of,Q7414-E92D2DB1-4B73-4D24-A49B-942203D327C3,Q635278,Disney Cinemagic,,,
Q7414,The Walt Disney Company,P1830,owner of,Q7414-e97092b1-493e-4788-89a4-f5da03e51cad,Q16271976,Movies OK,,,
Q7414,The Walt Disney Company,P1830,owner of,Q7414-EB698D45-9628-4657-8A62-EF0D35BA6E02,Q3030399,Disney Cinemagic,,,
Q7414,The Walt Disney Company,P1830,owner of,Q7414-EC07DB42-50F2-4F5F-BF9E-B23EE7B242F2,Q3030368,Disney Channel,,,
Q7414,The Walt Disney Company,P1830,owner of,Q7414-EC683DAF-5774-4DF1-A32C-588038A43B58,Q1200552,Marvel Entertainment,,,
Q7414,The Walt Disney Company,P1830,owner of,Q7414-ED80964A-739A-4EFC-91B0-CE039DDCB492,Q18148065,Frozen,,,
Q7414,The Walt Disney Company,P1830,owner of,Q7414-EDC53214-4B5F-4AB5-9E84-61DFB0424613,Q2777866,DisneyQuest,,,
Q7414,The Walt Disney Company,P1830,owner of,Q7414-ee94dfa8-427f-4808-a7a8-81e2987f44f4,Q130809,Disney Networks Group Asia Pacific,,,
Q7414,The Walt Disney Company,P1830,owner of,Q7414-f15d3717-45bf-5e6e-e207-7c6bdcf43e8d,Q2814799,20th Television,,,
Q7414,The Walt Disney Company,P1830,owner of,Q7414-F452199A-BC29-4FAF-9CF9-0059388C9B13,Q3030460,Disney Press,,,
Q7414,The Walt Disney Company,P1830,owner of,Q7414-F5FB5761-6216-4D98-A868-8930EE0C5FC5,Q2813838,"20,000 Leagues Under the Sea: Submarine Voyage",,,
Q7414,The Walt Disney Company,P1830,owner of,Q7414-F63A798D-638A-4CAA-810F-2821EF2EC878,Q3523275,The Walt Disney Company Italy,,,
Q7414,The Walt Disney Company,P1830,owner of,Q7414-F932737C-6D20-462F-83BA-D261308F1AA8,Q3030511,Disneyland Railroad,,,
Q7414,The Walt Disney Company,P1830,owner of,Q7414-FC5CF363-8057-4FBD-9EAF-A967BDFCD8D1,Q24273005,thewaltdisneycompany.com,,,
Q7414,The Walt Disney Company,P1830,owner of,Q7414-FCB8ADB5-CF7C-4924-BD18-367C271BAAE5,Q216611,Lucasfilm Games,,,
Q7414,The Walt Disney Company,P1830,owner of,Q7414-6ad2fa74-4149-4852-b85d-4f8bfa573045,Q19758675,JioHotstar,,,
Q7414,The Walt Disney Company,P1830,owner of,Q7414-6C8B1C63-44EC-47D1-AC7C-BB7B918825EE,Q7280765,Radio Disney Brasil,,,
Q7414,The Walt Disney Company,P1830,owner of,Q7414-6DD6DD10-E4AD-4685-B51E-1E9D717CFDA7,Q3030485,Disney Vacation Club,,,
Q7414,The Walt Disney Company,P1830,owner of,Q7414-70556D06-DAC6-41D3-B70F-7499FE90D6EB,Q17085515,"ESPN, LLC",,,
Q7414,The Walt Disney Company,P1830,owner of,Q7414-73954A25-FC7C-4D14-BB04-A7F06A71DD9D,Q3327964,The Muppets Studio,,,
Q7414,The Walt Disney Company,P1830,owner of,Q7414-73FAE942-3F8B-49F4-B476-0A11F947633E,Q6145466,The Walt Disney Company Iberia,,,
Q7414,The Walt Disney Company,P1830,owner of,Q7414-7520af2c-4e32-fca5-ffa0-5d92707f453c,Q1118859,Fox Crime,,,
Q7414,The Walt Disney Company,P1830,owner of,Q7414-755E3537-AC21-4A62-84A4-227C9CCE55A7,Q334671,Disney Channel,,,
Q7414,The Walt Disney Company,P1830,owner of,Q7414-771AC4D5-0B46-4037-A684-AE81867353EA,Q3030432,Disney Games,,,
Q7414,The Walt Disney Company,P1830,owner of,Q7414-78CC6F0A-9AE9-456F-B1EF-287334C97816,Q390223,Club Penguin,,,
Q7414,The Walt Disney Company,P1830,owner of,Q7414-78f8255e-40ee-1c2b-b40c-7b19ed5c2d7a,Q3630152,STAR Utsav,,,
Q7414,The Walt Disney Company,P1830,owner of,Q7414-7925AA3D-52F2-4A48-BF3E-171CFC23487C,Q17639984,The Walt Disney Company Limited,,,
Q7414,The Walt Disney Company,P1830,owner of,Q7414-7BDC5B11-E082-4CF7-B730-20DAE0BBEF4F,Q5282427,Disney Channel Malaysia,,,
Q7414,The Walt Disney Company,P1830,owner of,Q7414-7c991541-4493-b9eb-3b55-e04c17028a36,Q2273453,STAR World,,,
Q7414,The Walt Disney Company,P1830,owner of,Q7414-7DA0B5EE-4062-45F4-8D62-4564EFBB96FC,Q2501552,Disneynature,,,
Q7414,The Walt Disney Company,P1830,owner of,Q7414-7dbcdaee-4dd4-4b3b-aba0-9101a77e93be,Q23837644,Endemol Shine Group,,,
Q7414,The Walt Disney Company,P1830,owner of,Q7414-7E095617-5694-4289-888A-97F2F2D12C11,Q3299645,Disney Jr.,,,
Q7414,The Walt Disney Company,P1830,owner of,Q7414-7e8bd549-4f7e-dfb9-65ad-89a39f44713f,Q10279075,Fox Movies,,,
Q7414,The Walt Disney Company,P1830,owner of,Q7414-7F8E1D91-99F4-493E-9A53-0CABDC603733,Q420947,Disney Cruise Line,,,
Q7414,The Walt Disney Company,P1830,owner of,Q7414-80132222-5774-40F2-A36D-0A6C07F1E58C,Q16679850,The Walt Disney Company Germany,,,
Q7414,The Walt Disney Company,P1830,owner of,Q7414-80C69986-65BC-4C70-95B2-B1DBB8A7A672,Q178837,Disney Channel,,,
Q7414,The Walt Disney Company,P1830,owner of,Q7414-814fd11b-4fb1-b4f1-64f5-9042f1fe37f7,Q5270612,Fox Life India,,,
Q7414,The Walt Disney Company,P1830,owner of,Q7414-8188745f-4573-b1ad-712a-5403c1f054f0,Q1189112,Nat Geo Music,,,
Q7414,The Walt Disney Company,P1830,owner of,Q7414-8489A322-1652-488E-B4FD-878A54E5B323,Q7340286,Rob Kidd,,,
Q7414,The Walt Disney Company,P1830,owner of,Q7414-850436EE-C49F-4915-A534-F7D2DBB416CB,Q6148912,Toon Disney,,,
Q7414,The Walt Disney Company,P1830,owner of,Q7414-894BD432-ACDD-492F-B346-9DCCF593C477,Q2037777,Blip,,,
Q7414,The Walt Disney Company,P1830,owner of,Q7414-8AACE14B-3054-46A9-9231-48335E384486,Q1169075,Lucasfilm Animation,,,
Q7414,The Walt Disney Company,P1830,owner of,Q7414-8bb8f4d6-4537-5ae9-2baf-167c59051b2b,Q5476806,FX Life,,,
Q7414,The Walt Disney Company,P1830,owner of,Q7414-8D07609C-CB99-45A8-83F7-E4D2055595AB,Q1141129,CrossGen,,,
Q7414,The Walt Disney Company,P1830,owner of,Q7414-8d095c32-4675-8521-6263-229268f08eec,Q5476977,Star Studio18,,,
Q7414,The Walt Disney Company,P1830,owner of,Q7414-8ED8F522-0DB8-47EA-8CB9-40C25B72D8A2,Q1228987,Disney Digital 3-D,,,
Q7414,The Walt Disney Company,P1830,owner of,Q7414-93BBB284-4DAD-4A3B-A203-F92909A6DE99,Q746676,Industrial Light & Magic,,,
Q7414,The Walt Disney Company,P1830,owner of,Q7414-94447F33-FC61-4E3F-B459-679C04996ABC,Q1621107,History,,,
Q7414,The Walt Disney Company,P1830,owner of,Q7414-948EEFFC-9BE7-462B-9BF3-91576C31E796,Q3030458,Disney Mobile,,,
Q7414,The Walt Disney Company,P1830,owner of,Q7414-960eba75-48c0-9739-b4c3-86edde687b72,Q3628946,Star Sports,,,
Q7414,The Walt Disney Company,P1830,owner of,Q7414-974C1D79-72CD-40D0-A74A-559EBDA92C81,Q3565642,Walt Disney Television,,,
Q7414,The Walt Disney Company,P1830,owner of,Q7414-9819CB78-E0A4-4909-9F7F-BD6CAD68EFAE,Q3046171,ESPN Zone,,,
Q7414,The Walt Disney Company,P1830,owner of,Q7414-9BC108DE-C256-46D8-BF88-BAE1C5F93C01,Q1233073,Walt Disney Motion Pictures Group,,,
Q7414,The Walt Disney Company,P1830,owner of,Q7414-9BC595A2-C322-4543-898D-7193F0FED694,Q3565635,Walt Disney World Casting Center,,,
Q7414,The Walt Disney Company,P1830,owner of,Q7414-9eddfd19-45a8-c15f-a602-f2f33a677f5a,Q3556742,Viajar,,,
Q7414,The Walt Disney Company,P1830,owner of,Q7414-A24D5B2D-A7C6-4064-9B3C-367BD3E44806,Q19868095,Disney XD,,,
Q7414,The Walt Disney Company,P1830,owner of,Q7414-A342146B-EBD7-4555-A4B5-DE5ADDA4BEA8,Q7747662,Disney's The Little Mermaid,,,
Q7414,The Walt Disney Company,P1830,owner of,Q7414-a37b038a-4c33-b44b-0565-e031faa6c80a,Q22079560,YourTV,,,
Q7414,The Walt Disney Company,P1830,owner of,Q7414-A3F8C706-A455-4E24-BBB6-E59DC3160B79,Q637164,Baby Einstein,,,
Q7414,The Walt Disney Company,P1830,owner of,Q7414-a65b0e0c-4c87-d75a-f45d-4c8b19952039,Q7394684,STAR World Philippines,,,
Q7414,The Walt Disney Company,P1830,owner of,Q7414-A6D02B90-69B6-4C37-B58F-E17B700AB465,Q5930877,Jetix Spain,,,
Q7414,The Walt Disney Company,P1830,owner of,Q7414-A757F798-9984-4C72-972A-3C91F7116839,Q3030411,Disney Editions,,,
Q7414,The Walt Disney Company,P1830,owner of,Q7414-a760f1ae-4f85-fa0c-6c9f-9880453c5cb3,Q3631478,Star Plus,,,
Q7414,The Walt Disney Company,P1830,owner of,Q7414-a7749ba2-44d1-ee23-3029-458462a88ff2,Q634019,20th Century Animation,,,
Q7414,The Walt Disney Company,P1830,owner of,Q7414-A82233DF-E64D-4531-818B-B1065B0E43C5,Q3177801,Jetix International,,,
Q7414,The Walt Disney Company,P1830,owner of,Q7414-A87B8FAE-FAC5-456F-867B-27E349286779,Q3366991,Partners Federal Credit Union,,,
Q7414,The Walt Disney Company,P1830,owner of,Q7414-AAD75C33-951F-4329-A4C5-56B9B4DD5D75,Q16155122,Beauty and the Beast,,,
Q7414,The Walt Disney Company,P1830,owner of,Q7414-ace6b60d-4d89-c9de-2123-b14868056424,Q110407550,FXM,,,
Q7414,The Walt Disney Company,P1830,owner of,Q7414-AE1265CE-FF34-4A29-874A-0C87638D7DF3,Q3030405,Disney Direct,,,
Q7414,The Walt Disney Company,P1830,owner of,Q7414-AE8587E5-4A92-4AEF-8E89-1D6AC23E67CF,Q46996011,ESPN+,,,
Q7414,The Walt Disney Company,P1830,owner of,Q7414-AF55442F-F88F-43E2-B125-7B6DD74E4E09,Q4837590,babble.com,,,
Q7414,The Walt Disney Company,P1830,owner of,Q7414-B0063CFE-F818-4C40-BE61-8034CB4F5171,Q1047009,Disney Store,,,
Q7414,The Walt Disney Company,P1830,owner of,Q7414-B0629AAF-0DB9-475B-8138-EC61CE5407C9,Q27186707,Jumbo Pictures,,,
Q7414,The Walt Disney Company,P1830,owner of,Q7414-B084382F-5506-419A-83C0-39E4FB242A8A,Q217776,ESPN,,,
Q7414,The Walt Disney Company,P1830,owner of,Q7414-B19772C9-FAD4-45D2-A491-34BC90A30FD5,Q3523270,The Walt Disney Company France,,,
Q7414,The Walt Disney Company,P1830,owner of,Q7414-B40CD003-F375-407B-A27D-116C88565558,Q15070400,Mind's Eye Productions,,,
Q7414,The Walt Disney Company,P1830,owner of,Q7414-B595C9A1-1553-4AF5-AD0F-4A1430DDC920,Q2378052,Disney Channel,,,
Q7414,The Walt Disney Company,P1830,owner of,Q7414-B9666133-86C8-42C9-B03D-1EDF4258F329,Q23022864,Viceland,,,
Q7414,The Walt Disney Company,P1830,owner of,Q7414-BA0581E1-5ACD-45E2-9A30-E4BA4FCE510C,Q17082860,spoonful.com,,,
Q7414,The Walt Disney Company,P1830,owner of,Q7414-baafcfdf-49dd-b3ec-000a-4894fc4e2894,Q45001184,National Geographic Kids Abu Dhabi,,,
Q7414,The Walt Disney Company,P1830,owner of,Q7414-bb0dd738-4659-3dea-2c4f-a28709c9e5f2,Q885885,Blue Sky Studios,,,
Q7414,The Walt Disney Company,P1830,owner of,Q7414-bb70785a-4644-3bde-a098-b36c57a4f672,Q5476702,Fox Filipino,,,
Q7414,The Walt Disney Company,P1830,owner of,Q7414-BB9EEFDC-CBDC-4B48-A03C-9B91AEEDDB74,Q2376669,Disney Jr.,,,
Q7414,The Walt Disney Company,P1830,owner of,Q7414-bc88b550-43cd-1c8a-5cba-1fb755f96a69,Q651228,FX,,,
Q7414,The Walt Disney Company,P1830,owner of,Q7414-BD24BBB7-9CFB-42B2-AB87-E96EECC58335,Q3030406,Disney Development Company,,,
Q7414,The Walt Disney Company,P1830,owner of,Q7414-BD93439B-1B3C-46DC-891F-7B02445F7CA1,Q16835471,Disney Junior,,,
Q7414,The Walt Disney Company,P1830,owner of,Q7414-BE986A61-476B-40E5-BAA9-1D7D587296F1,Q1858139,Disney XD,,,
Q7414,The Walt Disney Company,P1830,owner of,Q7414-C046E0B3-C811-441A-B6A2-8BDEC1D23DD7,Q1229035,Disney Interactive Studios,,,
Q7414,The Walt Disney Company,P1830,owner of,Q7414-C13C6D6E-3F39-4969-BF97-D60465A0F609,Q3189994,Junction Point Studios,,,
Q7414,The Walt Disney Company,P1830,owner of,Q7414-C2664522-DD3F-4CFE-828A-BA5022D8A1C5,Q1319610,Lifetime,,,
Q7414,The Walt Disney Company,P1830,owner of,Q7414-c602060b-44ae-690f-1422-393af0c6b3ab,Q5427400,Star Comedy,,,
Q7414,The Walt Disney Company,P1830,owner of,Q7414-C6D7A9B6-C103-4A9F-A173-C7DA55575B9A,Q3039254,Dream Quest Images,,,
Q7414,The Walt Disney Company,P1830,owner of,Q7414-C98B75CF-F126-4B7E-AF25-63AF77360723,Q3565607,Disney Educational Productions,,,
Q7414,The Walt Disney Company,P1830,owner of,Q7414-c9e8b045-4e25-c4ef-8a08-17b9360f2270,Q2084961,20th Century Studios Home Entertainment,,,
Q7414,The Walt Disney Company,P1830,owner of,Q7414-C9E92DAF-ABA6-459A-9674-A81004C840DC,Q3030369,Disney Channel,,,
Q7414,The Walt Disney Company,P1830,owner of,Q7414-CE88ABDB-9990-47F1-9518-0826C2CE7549,Q3030440,Disney Jr.,,,
Q7414,The Walt Disney Company,P1830,owner of,Q7414-cea0cc2c-4ad5-3630-a742-e87a7cec4745,Q5476840,Fox Movies Premium,,,
Q7414,The Walt Disney Company,P1830,owner of,Q7414-CFC5352F-DAB9-44A5-89A7-2A5F4390A650,Q3030499,"Disneyland, Inc.",,,
Q7414,The Walt Disney Company,P1830,owner of,Q7414-CFF63444-3791-41E8-9E54-FCB30D7195CF,Q3565606,Q3565606,,,
Q7414,The Walt Disney Company,P1830,owner of,Q7414-D0F859D7-6F5E-4C4C-8A8A-1471EC374E9C,Q5282441,Disney D23,,,
Q7414,The Walt Disney Company,P1830,owner of,Q7414-D2049F68-254F-4621-8C0E-CB8A7EB27F19,Q9004339,History en Español,,,
Q7414,The Walt Disney Company,P1830,owner of,Q7414-D5F962BD-3915-49D9-87E2-D63B0C2BC75E,Q2405352,ImageMovers Digital,,,
Q7414,The Walt Disney Company,P1830,owner of,Q7414-D7360FCA-22A5-4702-82CD-89134EF148F9,Q18149304,Disney Tsum Tsum,,,
Q7414,The Walt Disney Company,P1830,owner of,Q7414-D7CBB08C-554A-49B8-A970-278ED95618C8,Q17014745,BabyZone.com,,,
Q7414,The Walt Disney Company,P1830,owner of,Q7414-D912C8B5-4958-4B9A-9DBD-742F0FCF32A0,Q17625387,Playhouse Disney,,,
Q7414,The Walt Disney Company,P1830,owner of,Q7414-D915EA8E-4B4C-4E60-8482-A31FBF45A4E7,Q29015971,Disney Streaming,,,
Q7414,The Walt Disney Company,P1830,owner of,Q7414-DB2137FB-1B1B-4EDD-925E-FFD2688BDC11,Q25377492,The Walt Disney Company Australia,,,
Q7414,The Walt Disney Company,P1830,owner of,Q7414-db251c68-4b3d-260c-49c6-258f258b0b3e,Q48902018,Fox Movies,,,
Q7414,The Walt Disney Company,P1830,owner of,Q7414-DB7CB07F-EC3C-4E65-B2C5-4CA72ED1F3D3,Q724613,Buena Vista International Television,,,
Q7414,The Walt Disney Company,P1830,owner of,Q7414-DB82D474-18B2-4395-893E-E9410584C31E,Q5282458,Disney Junior,,,
Q7414,The Walt Disney Company,P1830,owner of,Q7414-DBF64317-5F5C-46D5-A3DB-5572A69DE3EB,Q1047410,Q1047410,,,
Q7414,The Walt Disney Company,P1830,owner of,Q7414-DC258FEE-7423-4DD8-95DB-2211C421F379,Q5282418,Disney Channel,,,
Q7414,The Walt Disney Company,P1830,owner of,Q7414-DC5274C9-53F2-4746-A7E3-015687FC2609,Q3565621,The Walt Disney Company (Japan),,,
Q7414,The Walt Disney Company,P1830,owner of,Q7414-DCAF66E0-706A-4A7A-B660-80BD3BF42245,Q16683129,Walt Disney Internet Group,,,
Q7414,The Walt Disney Company,P1830,owner of,Q7414-deb5ad28-403a-4e3f-96c3-ebe6e6c0a8fd,Q2717612,20th Century Fox Television,,,
Q7414,The Walt Disney Company,P355,child organization or unit,Q7414-dbd98e5b-4d0a-bc7f-f774-b8f304698e06,Q57155167,National Geographic Partners,,,
Q7414,The Walt Disney Company,P361,part of,Q7414-16617139-543C-4622-B39A-AF24CEA1B46E,Q242345,S&P 500,,,
Q7414,The Walt Disney Company,P361,part of,Q7414-B7050088-C3B5-4D52-8D0A-38C6615E85D4,Q180816,Dow Jones Industrial Average,,,
Q7414,The Walt Disney Company,P361,part of,Q7414-69514EF5-9E92-431D-A4F3-E53EC2A95B16,Q1546793,S&P 100,,,
Q7414,The Walt Disney Company,P452,industry,Q7414-294acd64-4a4d-84bc-a861-0dda79b30161,Q11425,animation,,,
Q7414,The Walt Disney Company,P452,industry,Q7414-633514A9-5066-4461-BC67-62D1293695B4,Q59308842,leisure park industry,,,
Q7414,The Walt Disney Company,P452,industry,Q7414-64de056c-4658-0d85-9d7d-eca20568deaf,Q19595701,entertainment industry,,,
Q7414,The Walt Disney Company,P452,industry,Q7414-676a9845-4d7b-c089-c942-29b38cb99f17,Q9323634,tourism industry,,,
Q7414,The Walt Disney Company,P452,industry,Q7414-8e13c4ff-4278-7d16-24dd-57efd109b847,Q1415395,film industry,,,
Q7414,The Walt Disney Company,P452,industry,Q7414-c11b70dc-46ee-bce9-9284-f4bfcce63c0e,Q194195,amusement park,,,
Q7414,The Walt Disney Company,P452,industry,Q7414-cdb82621-4d2d-3b5e-cb69-4256354d9fac,Q56611639,media industry,,,
Q11463,Adobe,P1056,product or material produced,Q11463-76663F4F-D0C3-416E-B281-B09F79900188,Q7397,software,,,
Q11463,Adobe,P1056,product or material produced,Q11463-6d17fb50-4b07-4ebd-9139-84823cfcddaa,Q360424,Adobe Premiere Pro,,,
Q11463,Adobe,P1056,product or material produced,Q11463-55a5ed32-43d9-6051-25b7-fd8aecebd86d,Q5332650,Adobe Sign,,,
Q11463,Adobe,P1056,product or material produced,Q11463-4d3e65ec-4edb-e316-6d8c-040a5a2ba224,Q2823478,acrobat.com,,,
Q11463,Adobe,P1056,product or material produced,Q11463-63e2a3e8-4f1e-f2ca-cc27-bd99a1decce7,Q16927817,Adobe for Business,,,
Q11463,Adobe,P1056,product or material produced,Q11463-674eca32-499d-91c5-382d-2c404bf7aa68,Q85739829,Adobe Aero,,,
Q11463,Adobe,P1056,product or material produced,Q11463-9b5b51e8-474a-8a7f-1ca8-dbc9c1ef2a90,Q360054,Adobe Capture,,,
Q11463,Adobe,P1056,product or material produced,Q11463-aede2e2d-47f6-1fc4-b01c-3c5014247e4a,Q16927921,Adobe Fonts,,,
Q11463,Adobe,P1056,product or material produced,Q11463-b3ec0866-4d24-7d38-d757-1c60078b5d73,Q109360871,Adobe Color,,,
Q11463,Adobe,P1056,product or material produced,Q11463-f43a5fbf-4503-7254-55de-29f6bad70185,Q360276,Adobe InCopy,,,
Q11463,Adobe,P1056,product or material produced,Q11463-7be88792-4bad-f7a0-6be7-c277820c6d66,Q11190003,Adobe Dimensions,,,
Q11463,Adobe,P1056,product or material produced,Q11463-8efef096-4989-bf5e-5cf0-bb6400e3a7c9,Q3234622,list of Adobe software,,,
Q11463,Adobe,P1056,product or material produced,Q11463-14e9ac93-442e-ca77-cc3f-33db44f1ebd4,Q28446850,Adobe Express,,,
Q11463,Adobe,P1056,product or material produced,Q11463-f0eb4b27-44fc-41b2-f953-b168964b52c9,Q24060074,Adobe XD,,,
Q11463,Adobe,P1056,product or material produced,Q11463-59485f5d-471f-7e39-8a64-1dd748012b4d,Q360403,Adobe Photoshop Lightroom,,,
Q11463,Adobe,P1056,product or material produced,Q11463-ae340500-4b26-2fb9-3f3d-ecd5b502d982,Q218924,Adobe InDesign,,,
Q11463,Adobe,P1056,product or material produced,Q11463-67b9a9b7-4405-3541-5fbc-aaa500229d96,Q215016,Adobe Illustrator,,,
Q11463,Adobe,P1056,product or material produced,Q11463-29b2256e-4668-496e-8ebd-04ac427d48ec,Q129793,Q129793,,,
Q11463,Adobe,P1056,product or material produced,Q11463-f9e67575-4746-1044-5b92-07bb2e5c3b1e,Q360144,Adobe Encore,,,
Q11463,Adobe,P1056,product or material produced,Q11463-c8a5f533-4407-d0a6-5212-1b6e445a41c3,Q4033410,Adobe Speedgrade,,,
Q11463,Adobe,P1056,product or material produced,Q11463-7a386e5c-4210-1574-55f3-fc2355a6e9d0,Q2156233,Adobe Prelude,,,
Q11463,Adobe,P1056,product or material produced,Q11463-8f577223-4752-0292-b346-19592a525c15,Q137161911,Q137161911,,,
Q11463,Adobe,P1056,product or material produced,Q11463-a56be8a9-4cad-749d-85cd-3e1c449c5139,Q137535686,Q137535686,,,
Q11463,Adobe,P1056,product or material produced,Q11463-2bfa35d7-4a42-e3ba-33d3-2faced3d0207,Q83380,Adobe After Effects,,,
Q11463,Adobe,P1056,product or material produced,Q11463-8287a64d-4136-8641-cd7c-93af1e5cf4fd,Q360044,Adobe Audition,,,
Q11463,Adobe,P1056,product or material produced,Q11463-1f8f7263-44f7-91c2-a022-211350a6baf5,Q25379349,Adobe Media Encoder,,,
Q11463,Adobe,P1056,product or material produced,Q11463-bb4ced77-4f9e-0176-61cf-5bce5632aef5,Q21539836,Adobe Character Animator,,,
Q11463,Adobe,P127,owned by,Q11463-843c2964-4e05-8ec1-2f43-23b08517b5d2,Q849363,The Vanguard Group,P585,point in time,2025-02-21T00:00:00Z
Q11463,Adobe,P127,owned by,Q11463-843c2964-4e05-8ec1-2f43-23b08517b5d2,Q849363,The Vanguard Group,P1107,proportion,9.26
Q11463,Adobe,P127,owned by,Q11463-f8deb715-46b2-ad64-7bbe-078128c3cf1c,Q219635,BlackRock,P585,point in time,2025-02-21T00:00:00Z
Q11463,Adobe,P127,owned by,Q11463-f8deb715-46b2-ad64-7bbe-078128c3cf1c,Q219635,BlackRock,P1107,proportion,8.73
Q11463,Adobe,P169,chief executive officer,Q11463-2dd17e6f-49e6-1320-b9c6-dc32c7bf5b00,Q2745626,Bruce Chizen,P580,start time,2000-01-01T00:00:00Z
Q11463,Adobe,P169,chief executive officer,Q11463-2dd17e6f-49e6-1320-b9c6-dc32c7bf5b00,Q2745626,Bruce Chizen,P582,end time,2007-12-01T00:00:00Z
Q11463,Adobe,P169,chief executive officer,Q11463-741a5759-4b18-a9a6-97c7-2024cd03526c,Q1344392,John Warnock,P580,start time,1984-01-01T00:00:00Z
Q11463,Adobe,P169,chief executive officer,Q11463-741a5759-4b18-a9a6-97c7-2024cd03526c,Q1344392,John Warnock,P582,end time,2000-01-01T00:00:00Z
Q11463,Adobe,P169,chief executive officer,q11463-81ff0027-4ce7-1692-5cea-bd4408fb270a,Q2622748,Shantanu Narayen,P580,start time,2007-12-01T00:00:00Z
Q11463,Adobe,P1830,owner of,Q11463-0DC509C2-3F79-4D6F-8DCF-A3FE4C6A172A,Q7430731,Scene7,,,
Q11463,Adobe,P1830,owner of,Q11463-30E31B84-829F-4499-A616-2D42DA99DD69,Q2823478,acrobat.com,,,
Q11463,Adobe,P1830,owner of,Q11463-421E204E-ABD8-4439-9831-9758A217522D,Q7978473,WebPlatform,,,
Q11463,Adobe,P1830,owner of,Q11463-80713129-2043-4240-A9B8-410543C8DD3F,Q4880667,Behance,,,
Q11463,Adobe,P1830,owner of,Q11463-962BB357-9EA7-4EB2-BB1B-40F44137499B,Q575990,Day Software,,,
Q11463,Adobe,P1830,owner of,Q11463-B6BB0CC8-78B4-4A81-80E3-9E38DC1D18DB,Q4684009,Adobe World Headquarters,,,
Q11463,Adobe,P1830,owner of,Q11463-E5356468-F0DA-4149-87F6-3717E89BF9A4,Q6658161,Livefyre,,,
Q11463,Adobe,P355,child organization or unit,Q11463-220c9e42-475c-2e48-8eb6-f44468e9d0a4,Q14636918,Adobe Creative Cloud,,,
Q11463,Adobe,P355,child organization or unit,Q11463-2e51b8e1-413c-9fa4-90a9-0e8084349574,Q6770934,Marketo,,,
Q11463,Adobe,P361,part of,Q11463-c91cf15e-47ca-a173-76e2-be8b35ba878e,Q242345,S&P 500,,,
Q11463,Adobe,P361,part of,Q11463-f47db67a-4004-99a5-095c-af7a8f85c895,Q507306,Nasdaq-100,,,
Q11463,Adobe,P361,part of,Q11463-DD647440-48CB-43C3-9AD6-534D7EDD264E,Q1546793,S&P 100,,,
Q11463,Adobe,P452,industry,Q11463-0a9a1ef9-495f-14f5-ea8f-8a8b99f622b2,Q11660,artificial intelligence,,,
Q11463,Adobe,P452,industry,Q11463-7279fe7b-4a14-b5c9-52ad-708654d3caaa,Q638608,software development,,,
Q11463,Adobe,P452,industry,Q11463-bf105a45-4295-d96d-1863-21b03175bd03,Q880371,software industry,,,
Q11463,Adobe,P452,industry,Q11463-df02856e-42ae-1347-1057-75c126baff5b,Q11661,information technology,,,
Q7242653,priceline.com,P452,industry,Q7242653-84E0C3AF-F57C-4E89-9F3D-25AABA5BE2A9,Q217107,travel agency,,,
Q247489,Merck & Co.,P1056,product or material produced,Q247489-52D62048-6308-48D8-A59F-E27E2E05673C,Q2643555,Gardasil,,,
Q247489,Merck & Co.,P127,owned by,Q247489-513ca3b8-40f5-e2fb-5414-fb3581f0c81e,Q849363,The Vanguard Group,P585,point in time,2025-03-03T00:00:00Z
Q247489,Merck & Co.,P127,owned by,Q247489-513ca3b8-40f5-e2fb-5414-fb3581f0c81e,Q849363,The Vanguard Group,P1107,proportion,0.1004
Q247489,Merck & Co.,P127,owned by,Q247489-acce8055-46e6-7371-4820-a151c358c389,Q219635,BlackRock,P585,point in time,2025-03-03T00:00:00Z
Q247489,Merck & Co.,P127,owned by,Q247489-acce8055-46e6-7371-4820-a151c358c389,Q219635,BlackRock,P1107,proportion,0.08
Q247489,Merck & Co.,P169,chief executive officer,Q247489-90a65039-4eb4-91e8-620e-3137cb52ee42,Q1289900,Kenneth Frazier,P580,start time,2011-01-01T00:00:00Z
Q247489,Merck & Co.,P169,chief executive officer,Q247489-90a65039-4eb4-91e8-620e-3137cb52ee42,Q1289900,Kenneth Frazier,P582,end time,2021-06-30T00:00:00Z
Q247489,Merck & Co.,P169,chief executive officer,Q247489-ad9f663f-4a99-8c18-e8eb-8c334cfe3dc6,Q114706038,Rob Davis,P580,start time,2021-07-01T00:00:00Z
Q247489,Merck & Co.,P1830,owner of,Q247489-1AC1EFC8-AD16-4669-BF67-85E3F5D05182,Q6818514,Merck headquarters,,,
Q247489,Merck & Co.,P1830,owner of,Q247489-828F4DDF-DDE6-4190-8DDE-8C86C59513B8,Q4848521,Bain de Soleil,,,
Q247489,Merck & Co.,P355,child organization or unit,Q247489-7dda52aa-43d4-b6c6-c8e2-e844b1ce9139,Q903372,Organon & Co.,P580,start time,2009-11-01T00:00:00Z
Q247489,Merck & Co.,P355,child organization or unit,Q247489-7dda52aa-43d4-b6c6-c8e2-e844b1ce9139,Q903372,Organon & Co.,P582,end time,2021-06-01T00:00:00Z
Q247489,Merck & Co.,P355,child organization or unit,Q247489-7dda52aa-43d4-b6c6-c8e2-e844b1ce9139,Q903372,Organon & Co.,P1534,end cause,Q1186164
Q247489,Merck & Co.,P355,child organization or unit,Q247489-1599C32C-AC7B-482E-B8DD-2521BA02CE58,Q30338351,MSD Sharp & Dohme GmbH,,,
Q247489,Merck & Co.,P355,child organization or unit,Q247489-200ae802-4ada-4d33-a8ec-f994afde0a96,Q30269107,"Merck Sharp & Dohme Latvija, SIA",,,
Q247489,Merck & Co.,P355,child organization or unit,Q247489-40c6f2b8-4087-fef1-0cdc-d37e6a7b3399,Q109473732,Merck Sharp & Dohme B.V.,,,
Q247489,Merck & Co.,P355,child organization or unit,Q247489-56B8E4AE-BD65-418C-8172-D78D3E88D9DA,Q58221560,MSD Czech Republic s.r.o.,,,
Q247489,Merck & Co.,P355,child organization or unit,Q247489-5a2a39a4-4abb-2bb3-b966-10c358c3359c,Q30269105,"Merck Sharp & Dohme, UAB",,,
Q247489,Merck & Co.,P355,child organization or unit,Q247489-5FB827DF-4091-4CD5-8A65-0796B0ACD4B9,Q43896479,MSD Norway AS,,,
Q247489,Merck & Co.,P355,child organization or unit,Q247489-ADAA9FF8-4EDD-4798-9DDF-0B396F753AC9,Q7530516,Sirna Therapeutics,,,
Q247489,Merck & Co.,P355,child organization or unit,Q247489-BB323BEA-D965-4FDE-8274-336AC79643A8,Q30338350,Merck Sharp & Dohme (Switzerland),,,
Q247489,Merck & Co.,P355,child organization or unit,Q247489-c8f60977-4b82-79df-9a71-84286b80fc46,Q109472970,MSD VACCINS,,,
Q247489,Merck & Co.,P355,child organization or unit,Q247489-DD8CB289-DDC5-43CA-8200-89DC2D220F05,Q30338348,Merck (Japan),,,
Q247489,Merck & Co.,P355,child organization or unit,Q247489-E0EAEB4E-B0D8-44DA-B414-C63EE2A2552E,Q30338349,MSD (Netherlands),,,
Q247489,Merck & Co.,P361,part of,Q247489-07D956DB-287E-40F9-9F8E-D03AF2439AA7,Q242345,S&P 500,P580,start time,1957-03-04T00:00:00Z
Q247489,Merck & Co.,P361,part of,Q247489-D3CD4CC9-A3BC-4C8D-A04F-D25C49B5FE55,Q773026,Dow Jones Global Titans 50,,,
Q247489,Merck & Co.,P361,part of,Q247489-70AC4663-6198-45F1-A034-D2B296C5156B,Q1546793,S&P 100,,,
Q247489,Merck & Co.,P361,part of,Q247489-c332df17-4428-befe-fd4f-e2c7f0e0e536,Q180816,Dow Jones Industrial Average,,,
Q247489,Merck & Co.,P452,industry,Q247489-B75F123A-036B-48F4-8678-4CE8C8FF8AA1,Q507443,pharmaceutical industry,,,
Q2283,Microsoft,P1056,product or material produced,Q2283-15a35ea7-4411-649e-876b-dc16c2818c36,Q11255,Q11255,,,
Q2283,Microsoft,P1056,product or material produced,Q2283-2310b5e7-4d05-b21a-e650-9593421bc61c,Q1406,Microsoft Windows,,,
Q2283,Microsoft,P1056,product or material produced,Q2283-2581ce1f-4b9b-1372-1853-5055a332de18,Q471806,Microsoft Surface,,,
Q2283,Microsoft,P1056,product or material produced,Q2283-301ccf88-4a62-dc7c-b9c3-3d565944818e,Q182496,Microsoft Bing,,,
Q2283,Microsoft,P1056,product or material produced,Q2283-328dbe9c-467a-297e-43db-b168f69b8b40,Q1071340,Microsoft Servers,,,
Q2283,Microsoft,P1056,product or material produced,Q2283-44aa0698-4fc1-2ca5-19ee-d0662c2ae63d,Q134067,Visual Studio,,,
Q2283,Microsoft,P1056,product or material produced,Q2283-64703381-4502-1fb8-144e-179aaeab8cb7,Q725967,Azure,,,
Q2283,Microsoft,P1056,product or material produced,Q2283-7647a434-43eb-e6a7-b0d4-29855d066c23,Q856705,Microsoft Dynamics,,,
Q2283,Microsoft,P1056,product or material produced,Q2283-9d3460df-44e9-6f2d-8387-5da406bd58c1,Q40984,Skype,,,
Q2283,Microsoft,P1056,product or material produced,Q2283-c555760d-4332-01fd-cb2a-a0ee7b46d803,Q15281614,Q15281614,,,
Q2283,Microsoft,P1056,product or material produced,Q2283-c90a86f5-40fe-d29c-f9e0-c70ae8d2b90e,Q7397,software,,,
Q2283,Microsoft,P1056,product or material produced,Q2283-E3F8DFB0-A2CB-47A9-A2A0-0948E7A5CCBF,Q3966,computer hardware,,,
Q2283,Microsoft,P1056,product or material produced,Q2283-eb61e7e0-4fef-63bb-6c41-de70cb805922,Q132020,Q132020,,,
Q2283,Microsoft,P1056,product or material produced,Q2283-f80e78b8-44ee-8eea-6d96-b5092ff6afb1,Q16538568,Microsoft Mobile,,,
Q2283,Microsoft,P127,owned by,Q2283-13b53069-4066-ac9f-8442-68a0ffe01d04,Q5284,Bill Gates,P585,point in time,2019-10-08T00:00:00Z
Q2283,Microsoft,P127,owned by,Q2283-13b53069-4066-ac9f-8442-68a0ffe01d04,Q5284,Bill Gates,P1107,proportion,0.0134
Q2283,Microsoft,P127,owned by,Q2283-4cd5153d-40b1-1573-205d-dd4c774b7c99,Q849363,The Vanguard Group,P585,point in time,2015-09-30T00:00:00Z
Q2283,Microsoft,P127,owned by,Q2283-4cd5153d-40b1-1573-205d-dd4c774b7c99,Q849363,The Vanguard Group,P1107,proportion,0.06
Q2283,Microsoft,P127,owned by,Q2283-55318ae9-4d34-7eaa-fcf7-d4cd531182d0,Q5284,Bill Gates,P585,point in time,2014-09-30T00:00:00Z
Q2283,Microsoft,P127,owned by,Q2283-55318ae9-4d34-7eaa-fcf7-d4cd531182d0,Q5284,Bill Gates,P1107,proportion,0.04
Q2283,Microsoft,P127,owned by,Q2283-5d3624b8-4f6e-ed6b-bfd4-b1577715482c,Q219635,BlackRock,P585,point in time,2023-09-29T00:00:00Z
Q2283,Microsoft,P127,owned by,Q2283-5d3624b8-4f6e-ed6b-bfd4-b1577715482c,Q219635,BlackRock,P1107,proportion,0.071
Q2283,Microsoft,P127,owned by,Q2283-5ec2fd16-4683-34b0-88e9-07cfd91e874e,Q849363,The Vanguard Group,P585,point in time,2019-10-08T00:00:00Z
Q2283,Microsoft,P127,owned by,Q2283-5ec2fd16-4683-34b0-88e9-07cfd91e874e,Q849363,The Vanguard Group,P1107,proportion,0.078
Q2283,Microsoft,P127,owned by,Q2283-8a0e7596-4830-a9ee-db61-feb1bca91a02,Q849363,The Vanguard Group,P585,point in time,2023-09-29T00:00:00Z
Q2283,Microsoft,P127,owned by,Q2283-8a0e7596-4830-a9ee-db61-feb1bca91a02,Q849363,The Vanguard Group,P1107,proportion,0.0862
Q2283,Microsoft,P127,owned by,Q2283-938937d7-491d-497e-7587-72a0e670323b,Q219635,BlackRock,P585,point in time,2015-09-30T00:00:00Z
Q2283,Microsoft,P127,owned by,Q2283-938937d7-491d-497e-7587-72a0e670323b,Q219635,BlackRock,P1107,proportion,0.03
Q2283,Microsoft,P127,owned by,Q2283-a5db29a8-463d-4a94-2862-4fba9b7a6e63,Q2037125,State Street Corporation,P585,point in time,2015-09-30T00:00:00Z
Q2283,Microsoft,P127,owned by,Q2283-a5db29a8-463d-4a94-2862-4fba9b7a6e63,Q2037125,State Street Corporation,P1107,proportion,0.04
Q2283,Microsoft,P127,owned by,Q2283-bf08b72f-42e3-5ffb-37cd-0b9dc862c9af,Q181162,Steve Ballmer,P585,point in time,2014-09-30T00:00:00Z
Q2283,Microsoft,P127,owned by,Q2283-bf08b72f-42e3-5ffb-37cd-0b9dc862c9af,Q181162,Steve Ballmer,P1107,proportion,0.04
Q2283,Microsoft,P127,owned by,Q2283-ddcaf499-4946-191e-330c-775c11a31ab4,Q219635,BlackRock,P585,point in time,2019-10-08T00:00:00Z
Q2283,Microsoft,P127,owned by,Q2283-ddcaf499-4946-191e-330c-775c11a31ab4,Q219635,BlackRock,P1107,proportion,0.066
Q2283,Microsoft,P127,owned by,Q2283-e947a212-4a9d-40c9-acf5-21e083d8f2d5,Q505275,Capital Group Companies,P585,point in time,2015-09-30T00:00:00Z
Q2283,Microsoft,P127,owned by,Q2283-e947a212-4a9d-40c9-acf5-21e083d8f2d5,Q505275,Capital Group Companies,P1107,proportion,0.05
Q2283,Microsoft,P169,chief executive officer,q2283-022683A3-3C93-4F23-998A-699EF27B173E,Q181162,Steve Ballmer,P580,start time,2000-01-01T00:00:00Z
Q2283,Microsoft,P169,chief executive officer,q2283-022683A3-3C93-4F23-998A-699EF27B173E,Q181162,Steve Ballmer,P582,end time,2014-02-04T00:00:00Z
Q2283,Microsoft,P169,chief executive officer,q2283-022683A3-3C93-4F23-998A-699EF27B173E,Q181162,Steve Ballmer,P1365,replaces,Q5284
Q2283,Microsoft,P169,chief executive officer,q2283-022683A3-3C93-4F23-998A-699EF27B173E,Q181162,Steve Ballmer,P1366,replaced by,Q7426870
Q2283,Microsoft,P169,chief executive officer,Q2283-eb21a7e5-4501-c1c7-792e-c841b1d4952a,Q5284,Bill Gates,P580,start time,1975-04-01T00:00:00Z
Q2283,Microsoft,P169,chief executive officer,Q2283-eb21a7e5-4501-c1c7-792e-c841b1d4952a,Q5284,Bill Gates,P582,end time,2000-01-01T00:00:00Z
Q2283,Microsoft,P169,chief executive officer,Q2283-eb21a7e5-4501-c1c7-792e-c841b1d4952a,Q5284,Bill Gates,P1366,replaced by,Q181162
Q2283,Microsoft,P169,chief executive officer,Q2283-f994314e-4727-222c-c9ae-4404274f1c9b,Q7426870,Satya Nadella,P580,start time,2014-02-04T00:00:00Z
Q2283,Microsoft,P169,chief executive officer,Q2283-f994314e-4727-222c-c9ae-4404274f1c9b,Q7426870,Satya Nadella,P1365,replaces,Q181162
Q2283,Microsoft,P1830,owner of,Q2283-005EC66C-3C6B-477B-B58F-FE65F1EFB843,Q4914149,MSN Travel,,,
Q2283,Microsoft,P1830,owner of,Q2283-010B366B-C67A-4AF2-B542-ADABD114AC8B,Q56348898,Microsoft Casual Games,,,
Q2283,Microsoft,P1830,owner of,Q2283-02980EBB-488D-4B9B-967B-B9C635545BF5,Q15281614,Q15281614,,,
Q2283,Microsoft,P1830,owner of,Q2283-039B8F92-CE19-48AE-BD84-773F7E21A212,Q20712437,Microsoft Garage,,,
Q2283,Microsoft,P1830,owner of,Q2283-078D9A6D-EBAD-4ED1-87C7-B6D37AB1067B,Q18199129,Sway,,,
Q2283,Microsoft,P1830,owner of,Q2283-089B18BF-FFEB-4703-AC76-E1A7B69E9ACF,Q4048220,Revolution Analytics,,,
Q2283,Microsoft,P1830,owner of,Q2283-0B9DF059-CB3A-451E-A862-77660F4CB73C,Q6717838,MSN Internet Access,,,
Q2283,Microsoft,P1830,owner of,Q2283-0D5A67BF-F7D9-45AE-AD51-E17186BA2134,Q213660,LinkedIn,,,
Q2283,Microsoft,P1830,owner of,Q2283-1040759B-D859-4AA5-BA05-0F5D50C78233,Q224599,Powerset,,,
Q2283,Microsoft,P1830,owner of,Q2283-12BC2E54-0C23-49DA-A2EB-0D4E39BDC530,Q4673224,Aces Studio,,,
Q2283,Microsoft,P1830,owner of,Q2283-167A271E-B613-44B9-893B-08159AA92E49,Q131910,Viva Engage,,,
Q2283,Microsoft,P1830,owner of,Q2283-1C469EFC-EFC6-4753-92F8-657D32194D9E,Q3049573,MSN Games,,,
Q2283,Microsoft,P1830,owner of,Q2283-1C9F2F28-4B98-4F9F-A888-3A1232F8D4FB,Q4914152,Bing Videos,,,
Q2283,Microsoft,P1830,owner of,Q2283-2A21708D-5555-4DDC-8715-5F28734A10EF,Q308913,Q308913,,,
Q2283,Microsoft,P1830,owner of,Q2283-2B08FC08-547B-4089-9BC9-71CD6B877315,Q246125,Skype Technologies,,,
Q2283,Microsoft,P1830,owner of,Q2283-2CA1D27A-48BF-4857-BD94-EF154B4EDF4D,Q6840240,Microsoft Update Catalog,,,
Q2283,Microsoft,P1830,owner of,Q2283-2E62386B-8CB8-489B-9ADC-46E1CD404B5C,Q1146863,Live Search,,,
Q2283,Microsoft,P1830,owner of,Q2283-3B859EA7-FA0F-41E7-8299-885E5EF0534F,Q1062711,Games for Windows,,,
Q2283,Microsoft,P1830,owner of,Q2283-3E671422-E872-40E1-908A-723CF1697FAC,Q6784797,Massive Incorporated,,,
Q2283,Microsoft,P1830,owner of,Q2283-4051314F-707A-49D5-83B1-BF4DB446FAB0,Q6715783,MGS Mobile Gaming,,,
Q2283,Microsoft,P1830,owner of,Q2283-431BD738-2F28-4C08-AC19-6EE79071899C,Q2660350,Q2660350,,,
Q2283,Microsoft,P1830,owner of,Q2283-44353ACF-C412-4A0F-99C1-1507F6C16CFB,Q192527,Q192527,,,
Q2283,Microsoft,P1830,owner of,Q2283-45068642-470f-9291-e83b-6ccc4a8ee2f2,Q3400976,Microsoft PowerToys,,,
Q2283,Microsoft,P1830,owner of,Q2283-484F77C8-9C18-4509-A58C-231CCEABFFE2,Q2889043,Bing Webmaster Center,,,
Q2283,Microsoft,P1830,owner of,Q2283-49471504-C358-41A5-8A67-F6055676CFC7,Q1156115,Windows Live Home,,,
Q2283,Microsoft,P1830,owner of,Q2283-4C511A08-BBBF-455D-B9E3-9017695EB3D0,Q28136779,Microsoft Academic,,,
Q2283,Microsoft,P1830,owner of,Q2283-50012DEF-A4F5-451B-993F-F9170AE0DACE,Q3073996,Xamarin,,,
Q2283,Microsoft,P1830,owner of,Q2283-51EF6D67-7FBF-4F35-99BD-66BC09F29015,Q5072376,Channel 9,,,
Q2283,Microsoft,P1830,owner of,Q2283-52B9D9EC-B8E4-46BE-A404-3819419C3C73,Q522563,Windows Live Admin Center,,,
Q2283,Microsoft,P1830,owner of,Q2283-538964DE-6440-462F-B8BB-4BCF57FD833F,Q2118736,MSN Groups,,,
Q2283,Microsoft,P1830,owner of,Q2283-573DDD9A-A3B3-42C0-8D64-E3577C6B73DE,Q848985,Microsoft Developer Network,,,
Q2283,Microsoft,P1830,owner of,Q2283-57DF40CE-4100-4C5B-8ABD-670A6D32EC37,Q364,GitHub,,,
Q2283,Microsoft,P1830,owner of,Q2283-5C94FE53-1837-4956-B3E4-663DB43D519E,Q1129295,Mojang Studios,,,
Q2283,Microsoft,P1830,owner of,Q2283-5D77C52C-529E-46FC-A557-422F314459B8,Q20571273,.bing,,,
Q2283,Microsoft,P1830,owner of,Q2283-5FB8123F-3259-4AE7-AA7C-8F7ECF7C3FD0,Q3903488,Q3903488,,,
Q2283,Microsoft,P1830,owner of,Q2283-61AF0C3D-42C5-4498-B457-5F834A9AD1E4,Q16967691,Press Play,,,
Q2283,Microsoft,P1830,owner of,Q2283-637D7BC0-F2D8-41D4-A171-EF2E2AD96A36,Q4922077,The Coalition,,,
Q2283,Microsoft,P1830,owner of,Q2283-66E2BDF0-DEE0-4D65-8B86-D22B3FC9A38E,Q2045936,so.cl,,,
Q2283,Microsoft,P1830,owner of,Q2283-671D0C02-AD79-42CB-8A41-4F3F94684C34,Q835847,Q835847,,,
Q2283,Microsoft,P1830,owner of,Q2283-6A0F136E-31D2-415D-B3BD-305E04B4FB58,Q2499854,Office Online,,,
Q2283,Microsoft,P1830,owner of,Q2283-6BE81B76-8B02-4E08-BE0C-985F72EFBF66,Q246157,Corbel,,,
Q2283,Microsoft,P1830,owner of,Q2283-71C8B427-423C-4B8E-8311-5D4E565B71C8,Q4914134,Bing Health,,,
Q2283,Microsoft,P1830,owner of,Q2283-73649318-3F0D-4ADD-84BA-D0BD6CBFEC16,Q31327320,Microsoft s.r.o.,,,
Q2283,Microsoft,P1830,owner of,Q2283-769600C8-960F-4AE3-8E45-047E846510A6,Q876646,Windows Live Spaces,,,
Q2283,Microsoft,P1830,owner of,Q2283-7C324760-2CEA-4174-AB3F-CA9BB39D2C1A,Q2894122,Ms. Dewey,,,
Q2283,Microsoft,P1830,owner of,Q2283-7E05FE29-9685-4C39-BFFD-756A4BD7D34C,Q841814,Windows Live,,,
Q2283,Microsoft,P1830,owner of,Q2283-7F1EA850-3D9C-49C8-940A-26075EA4DF66,Q658148,Hotmail Calendar,,,
Q2283,Microsoft,P1830,owner of,Q2283-89640628-D119-4EE7-A560-3D882A9BA099,Q5287259,docs.com,,,
Q2283,Microsoft,P1830,owner of,Q2283-8B3ABF5C-EF56-4528-9E2A-880D2178C6FD,Q2300682,Cambria,,,
Q2283,Microsoft,P1830,owner of,Q2283-8B7101AD-F941-4BBD-9310-9ECAFBF57584,Q2878637,Bing News,,,
Q2283,Microsoft,P1830,owner of,Q2283-8F86D52B-69B6-47A7-AB9D-14789E472FBC,Q978096,BigPark,,,
Q2283,Microsoft,P1830,owner of,Q2283-8F90192F-13EA-454E-9BB9-F01AF6102862,Q182496,Microsoft Bing,,,
Q2283,Microsoft,P1830,owner of,Q2283-91061D5A-C3FD-475F-9811-0C295123D002,Q6717831,MSN China,,,
Q2283,Microsoft,P1830,owner of,Q2283-9E7A1B9A-342D-45F0-B842-130E414447A1,Q4044236,Microsoft Popfly,,,
Q2283,Microsoft,P1830,owner of,Q2283-9F9299B9-FC23-4FB2-ABF2-AAE9EF30D3DE,Q15897235,Q15897235,,,
Q2283,Microsoft,P1830,owner of,Q2283-A0B70102-EA1A-405B-9D93-E7EC69599EE6,Q21490961,Microsoft Translator,,,
Q2283,Microsoft,P1830,owner of,Q2283-A41EFD8F-9EDF-43CC-A7CC-B1DD0F8979B8,Q1358859,Q1358859,,,
Q2283,Microsoft,P1830,owner of,Q2283-AA4ADD28-3DA0-4833-B289-F4382CCAA2C2,Q863756,Bing Maps,,,
Q2283,Microsoft,P1830,owner of,Q2283-AB806618-6705-4ED5-B8ED-E06922858C14,Q7663628,System Center Advisor,,,
Q2283,Microsoft,P1830,owner of,Q2283-ACC3AD98-7B46-4797-8CE8-A685773BA9F1,Q130729,Turn 10 Studios,,,
Q2283,Microsoft,P1830,owner of,Q2283-B0C5AF61-03E1-4959-9A3C-C2588DBE3EC8,Q21515527,Q21515527,,,
Q2283,Microsoft,P1830,owner of,Q2283-B101A893-0D3B-41B0-A5FC-CF81F36134C8,Q73801,Xbox Game Studios,,,
Q2283,Microsoft,P1830,owner of,Q2283-B338761A-6BE0-4A13-9AA7-04EEB682A42F,Q864889,Microsoft OneDrive,,,
Q2283,Microsoft,P1830,owner of,Q2283-B90FB720-3EE7-49BF-9D0F-B2ED8CD35C24,Q240638,CodePlex,,,
Q2283,Microsoft,P1830,owner of,Q2283-BB1ABA95-FA45-4658-AA95-B220EF64C574,Q5582926,Good Science Studio,,,
Q2283,Microsoft,P1830,owner of,Q2283-BBE53B1C-7026-438F-9BE6-1C80134A2300,Q3835210,Live Search Books,,,
Q2283,Microsoft,P1830,owner of,Q2283-BFCA14A5-AE5C-4C5D-9B5F-42981B9090FB,Q6717849,MSN Music,,,
Q2283,Microsoft,P1830,owner of,Q2283-C40EC27A-9990-4064-975D-E1DD90678F40,Q3835206,Live Search Academic,,,
Q2283,Microsoft,P1830,owner of,Q2283-C466F9DD-C49D-44DB-86E6-88D935394226,Q641542,Microsoft account,,,
Q2283,Microsoft,P1830,owner of,Q2283-C57C1064-CA1A-4AB4-AF05-2318DA5A10F3,Q958338,Microsoft TechNet,,,
Q2283,Microsoft,P1830,owner of,Q2283-C898714F-7EBA-462D-A6F9-ED4962334B69,Q192845,MSN,,,
Q2283,Microsoft,P1830,owner of,Q2283-CB2135C2-586C-4D90-A60A-AB7F990C3CF4,Q3857021,Microsoft Pinpoint,,,
Q2283,Microsoft,P1830,owner of,Q2283-CF66CC3C-9E8E-44E7-A65E-B06135DEBFEE,Q123485668,OpenAI Global,,,
Q2283,Microsoft,P1830,owner of,Q2283-D5DFFAF3-258A-4E84-B2B6-8B671F0E264A,Q2611367,Windows Live Web Messenger,,,
Q2283,Microsoft,P1830,owner of,Q2283-D8956E72-C8DB-4831-84B2-8F8599AB3715,Q9303048,Microsoft Vine,,,
Q2283,Microsoft,P1830,owner of,Q2283-D964E544-4300-4103-B6EE-198A9F9598CA,Q332268,Ciao,,,
Q2283,Microsoft,P1830,owner of,Q2283-E093F863-56E8-47C0-83B3-676DF0B1FD31,Q219136,Outlook.com,,,
Q2283,Microsoft,P1830,owner of,Q2283-E1B6795C-3075-410E-9E54-58BF4B30FD62,Q8043371,Launchworks,,,
Q2283,Microsoft,P1830,owner of,Q2283-E935D447-39EA-4F25-95D2-7537ED5C8434,Q1065154,Microsoft Academic Search,,,
Q2283,Microsoft,P1830,owner of,Q2283-EC68074E-D0B0-4B74-89E8-ABCD8900262B,Q48817502,Columbia Data Center,,,
Q2283,Microsoft,P1830,owner of,Q2283-FB54F241-6E79-420C-ADF1-05176C218741,Q2547997,Windows Live Call,,,
Q2283,Microsoft,P1830,owner of,Q2283-ff9827fd-4ff1-7ef1-6819-8ec46af91003,Q124993733,Microsoft,,,
Q2283,Microsoft,P1830,owner of,Q2283-FFBB9822-1B1C-4FD8-9C04-504EBF78D13B,Q24063850,.NET My Services,,,
Q2283,Microsoft,P355,child organization or unit,Q2283-143484a6-4c93-6b92-e841-552fe1860e6b,Q94781916,Softomotive,P580,start time,2020-01-01T00:00:00Z
Q2283,Microsoft,P355,child organization or unit,Q2283-2660E911-DDCF-44CC-97FB-80EF71F21BC2,Q3899649,Perceptive Pixel,P580,start time,2012-07-31T00:00:00Z
Q2283,Microsoft,P355,child organization or unit,Q2283-40dd6f17-4afc-aec8-d162-35e9876fe826,Q189557,ZeniMax Media,P580,start time,2020-09-21T00:00:00Z
Q2283,Microsoft,P355,child organization or unit,Q2283-8E739FD6-68BF-40B9-927F-0F4DD0419A79,Q16538568,Microsoft Mobile,P580,start time,2014-04-01T00:00:00Z
Q2283,Microsoft,P355,child organization or unit,Q2283-b2bf0e5e-42fc-5fcf-ae56-8783212877c2,Q98785815,Dreamworks Interactive,P580,start time,1995-01-01T00:00:00Z
Q2283,Microsoft,P355,child organization or unit,Q2283-b2bf0e5e-42fc-5fcf-ae56-8783212877c2,Q98785815,Dreamworks Interactive,P582,end time,2000-01-01T00:00:00Z
Q2283,Microsoft,P355,child organization or unit,Q2283-b2bf0e5e-42fc-5fcf-ae56-8783212877c2,Q98785815,Dreamworks Interactive,P1107,proportion,0.5
Q2283,Microsoft,P355,child organization or unit,Q2283-CFBE5E3D-C158-4083-9650-0F2B5434D4D2,Q246125,Skype Technologies,P580,start time,2011-10-13T00:00:00Z
Q2283,Microsoft,P355,child organization or unit,Q2283-0bf78670-48ed-0183-ee1c-7bf9f4359738,Q344341,Activision Blizzard,,,
Q2283,Microsoft,P355,child organization or unit,Q2283-0E1F966A-4865-4329-995D-4E526756CE98,Q296372,aQuantive,,,
Q2283,Microsoft,P355,child organization or unit,Q2283-12216499-4D02-4A81-B5F8-9A57B89CC909,Q2277744,Avanade,,,
Q2283,Microsoft,P355,child organization or unit,Q2283-1CA1C6C8-C69B-498B-9196-BBA54F648377,Q6840192,Microsoft Production Studios,,,
Q2283,Microsoft,P355,child organization or unit,Q2283-2098C7F2-3624-4C97-80EC-2C280BE63477,Q765389,Lionhead Studios,,,
Q2283,Microsoft,P355,child organization or unit,Q2283-2679ae06-4fce-3a70-b26d-5016341033cf,Q80055169,Microsoft Online,,,
Q2283,Microsoft,P355,child organization or unit,Q2283-2AF6797B-DF52-4894-9CD3-DCE0EA4AC336,Q6840142,Microsoft India R & D,,,
Q2283,Microsoft,P355,child organization or unit,Q2283-2D34E6CA-4378-43FC-99A5-384255EF2BE3,Q6840157,Microsoft Japan,,,
Q2283,Microsoft,P355,child organization or unit,Q2283-2EA0F94E-53AD-4A2D-B8BC-5D834EDB1626,Q7697636,Tellme Networks,,,
Q2283,Microsoft,P355,child organization or unit,Q2283-3BF7089A-99E6-4BD2-B08E-BAC9A6E01CC1,Q3857016,Microsoft Kids,,,
Q2283,Microsoft,P355,child organization or unit,Q2283-453E0FFC-A443-48A2-AE65-A12C337C106F,Q5215986,"Danger, Inc.",,,
Q2283,Microsoft,P355,child organization or unit,Q2283-46C4CD95-5406-4C02-9BEB-74AACE8FB6D6,Q6784797,Massive Incorporated,,,
Q2283,Microsoft,P355,child organization or unit,Q2283-47ab6e46-4baf-9c4a-6548-02b7bf78c03f,Q73801,Xbox Game Studios,,,
Q2283,Microsoft,P355,child organization or unit,Q2283-485316F4-272A-4AC6-80CD-407B3691F777,Q642707,Rare Ltd.,,,
Q2283,Microsoft,P355,child organization or unit,Q2283-48613868-1ADC-4C5A-BAC6-6F95E30C8AD6,Q28973183,Microsoft (United Kingdom),,,
Q2283,Microsoft,P355,child organization or unit,Q2283-49812e49-4604-a725-0225-2c0796cdfaeb,Q103528991,Microsoft Canada,,,
Q2283,Microsoft,P355,child organization or unit,Q2283-4C106772-5BAA-4F24-876A-8C313C5566C3,Q6840080,Microsoft Algeria,,,
Q2283,Microsoft,P355,child organization or unit,Q2283-4e94be37-46a0-99d6-c51c-e6c58d56e913,Q80054807,Microsoft Global Finance,,,
Q2283,Microsoft,P355,child organization or unit,Q2283-52e94896-4f2e-48fd-1d08-01ee643b1ebb,Q31327320,Microsoft s.r.o.,,,
Q2283,Microsoft,P355,child organization or unit,Q2283-5CD610BB-C2D1-482A-BC80-18E2DC6312FD,Q6840202,Microsoft Research Asia,,,
Q2283,Microsoft,P355,child organization or unit,Q2283-5d8e08df-426e-fc79-ff54-20107b46cc8d,Q114561988,Microsoft Morocco,,,
Q2283,Microsoft,P355,child organization or unit,Q2283-639FEAE9-B6A0-47D7-B202-76D6220B8961,Q572502,Fast Search & Transfer,,,
Q2283,Microsoft,P355,child organization or unit,Q2283-689963CE-49B0-4578-A0C7-4A49D995D4C6,Q2660350,Q2660350,,,
Q2283,Microsoft,P355,child organization or unit,Q2283-7211e7eb-4523-41a2-5a7e-5790bac2e03f,Q80055723,Microsoft Regional Sales,,,
Q2283,Microsoft,P355,child organization or unit,Q2283-75d53a6a-4871-9abb-0541-4f11eb5c97fd,Q111431417,Clipchamp Pty Ltd,,,
Q2283,Microsoft,P355,child organization or unit,Q2283-7DBAA38D-9A88-4EC7-BE19-E96D62CBB4D9,Q649655,Sysinternals,,,
Q2283,Microsoft,P355,child organization or unit,Q2283-826837A0-9101-43C9-BEEE-9D70064D357D,Q130729,Turn 10 Studios,,,
Q2283,Microsoft,P355,child organization or unit,Q2283-8837ab69-4354-2a5d-621e-8beec9c8e3d7,Q103528505,Microsoft Switzerland,,,
Q2283,Microsoft,P355,child organization or unit,Q2283-89f6b760-4eb7-76ab-0bcd-21289138ca8e,Q80056039,LinkedIn Ireland,,,
Q2283,Microsoft,P355,child organization or unit,Q2283-917155B2-8CF5-4BF9-B025-6E8D430652E6,Q28973181,Microsoft Israel,,,
Q2283,Microsoft,P355,child organization or unit,Q2283-92EF2CBF-0497-436A-B924-E62FC9C28D8A,Q6176911,Jellyfish.com,,,
Q2283,Microsoft,P355,child organization or unit,Q2283-93807C58-2D7A-480B-BEB5-5F337BA90694,Q1688786,Microsoft Store,,,
Q2283,Microsoft,P355,child organization or unit,Q2283-95ac0d83-459d-f958-6e34-30c7071b436f,Q364,GitHub,,,
Q2283,Microsoft,P355,child organization or unit,Q2283-95DB7BBF-7B85-4F3D-ACD6-5714B8943DFD,Q5602200,GreenButton,,,
Q2283,Microsoft,P355,child organization or unit,Q2283-A970543E-C654-498A-87C6-C91BE6C411BE,Q7936108,Visio Corporation,,,
Q2283,Microsoft,P355,child organization or unit,Q2283-AB3786CB-2D3A-43C3-82F0-78827EFD4698,Q127278673,LinkedIn Corporation,,,
Q2283,Microsoft,P355,child organization or unit,Q2283-bc1435ab-4356-2488-35e5-762b47756cd9,Q1137289,Nuance Communications,,,
Q2283,Microsoft,P355,child organization or unit,Q2283-C3493CE6-D391-4131-AE4F-ACA6CD7FD671,Q308913,Q308913,,,
Q2283,Microsoft,P355,child organization or unit,Q2283-c711a191-4fab-82b8-2402-750d3e0942d2,Q20081886,Microsoft (Ukraine),,,
Q2283,Microsoft,P355,child organization or unit,Q2283-C71FE448-2C42-4C29-87F1-E2D052A7CBD2,Q224599,Powerset,,,
Q2283,Microsoft,P355,child organization or unit,Q2283-C7BF070B-F117-4820-89A5-0E4C0C05E7B1,Q28973185,Microsoft (Netherlands),,,
Q2283,Microsoft,P355,child organization or unit,Q2283-CB11E5FD-6CB0-4D34-B068-13F6FBF44DF8,Q30273752,Microsoft (France),,,
Q2283,Microsoft,P355,child organization or unit,Q2283-cb9fe0f6-4f90-9aee-eba1-e6afa058e6cf,Q12238437,Microsoft Egypt,,,
Q2283,Microsoft,P355,child organization or unit,Q2283-cfa4155a-480b-a6bd-d996-9fd2745f22c4,Q80055035,Microsoft Ireland Operations,,,
Q2283,Microsoft,P355,child organization or unit,Q2283-d29b0329-4455-8785-70f6-191a05993bd7,Q80054718,Microsoft Ireland Research,,,
Q2283,Microsoft,P355,child organization or unit,Q2283-E20851EC-93E5-40E5-8FFD-DA5D988FA4E9,Q3421389,Razorfish,,,
Q2283,Microsoft,P355,child organization or unit,Q2283-e9a35f1c-466a-694a-3678-cc18376024ab,Q66741799,Microsoft Saudi,,,
Q2283,Microsoft,P355,child organization or unit,Q2283-f19e6137-481d-b0d7-97d8-09c7b2b24fb9,Q112660923,Microsoft Germany,,,
Q2283,Microsoft,P355,child organization or unit,Q2283-F4329534-694A-46C8-ACC9-1B54F7B4A1D6,Q5204335,DATAllegro,,,
Q2283,Microsoft,P355,child organization or unit,Q2283-F68FF60B-C600-408E-BC3C-6CA8AA42E9B0,Q835847,Q835847,,,
Q2283,Microsoft,P355,child organization or unit,Q2283-FCBA460F-0E10-4F6C-A14E-E95D17DB7A0C,Q7246643,ProClarity,,,
Q2283,Microsoft,P355,child organization or unit,Q2283-fda379c2-46b1-7816-d29f-c303c1b789ae,Q80055510,Microsoft Operations,,,
Q2283,Microsoft,P355,child organization or unit,Q2283-87835576-47ca-c51a-b8ec-1f621c119970,Q139374916,Microsoft Experiences + Devices,,,
Q2283,Microsoft,P361,part of,Q2283-06746b86-40a4-789d-0aaa-ca37dfb8aede,Q242345,S&P 500,,,
Q2283,Microsoft,P361,part of,Q2283-0BD28AE6-DFBE-4188-A879-3F03401A841C,Q507306,Nasdaq-100,,,
Q2283,Microsoft,P361,part of,Q2283-17F89EE3-1EE7-46DB-93E5-780BA566737E,Q773026,Dow Jones Global Titans 50,,,
Q2283,Microsoft,P361,part of,Q2283-B08C74C6-9290-4A52-9614-40C578320F52,Q180816,Dow Jones Industrial Average,,,
Q2283,Microsoft,P361,part of,Q2283-ce96d22f-49f5-c4e0-6931-bedf038475f9,Q3122864,Big Tech,,,
Q2283,Microsoft,P361,part of,Q2283-DA13FD97-59B5-41EC-A4CA-A40C70303392,Q133989581,Silicon Six,,,
Q2283,Microsoft,P361,part of,Q2283-a4a98be1-4046-63e8-3dfe-c82db0a3e9f8,Q134661623,list of companies involved in the Gaza war,,,
Q2283,Microsoft,P361,part of,Q2283-7F28EABE-92E9-4DF5-BBEB-5F7C78F80464,Q1546793,S&P 100,,,
Q2283,Microsoft,P452,industry,Q2283-034b9498-4773-2a46-12bb-d92e6fc78228,Q1666934,International Standard Industrial Classification,,,
Q2283,Microsoft,P452,industry,Q2283-318cf0c3-4da2-24c7-ba6c-073a7231d0ee,Q21157865,technology industry,,,
Q2283,Microsoft,P452,industry,Q2283-74413a0f-4f31-aff4-9f18-e7e3a68f01d4,Q638608,software development,,,
Q2283,Microsoft,P452,industry,Q2283-82453290-46b4-42f7-18db-c70c972dae34,Q880371,software industry,,,
Q2283,Microsoft,P452,industry,Q2283-43be26f3-45b8-007e-e157-452ae0455bcc,Q73768396,consumer electronics industry,,,
Q38076,McDonald's,P1056,product or material produced,Q38076-23add31f-4b20-1a4d-8a06-1f639d43bf1f,Q667478,cheeseburger,P18,image,http://commons.wikimedia.org/wiki/Special:FilePath/McDonald%27s%20cheeseburger%20%282%29.jpg
Q38076,McDonald's,P1056,product or material produced,Q38076-2ef047b5-4a45-6d1f-739c-1ae083ea2f08,Q1573107,Quarter Pounder,P18,image,http://commons.wikimedia.org/wiki/Special:FilePath/McDonald%27s%20Quarter%20Pounder%20with%20Cheese%2C%20United%20States.jpg
Q38076,McDonald's,P1056,product or material produced,Q38076-88f5a40a-410a-141b-11b9-ee4ebbc0c6e6,Q3058650,McRib,P18,image,http://commons.wikimedia.org/wiki/Special:FilePath/McD-McRib.jpg
Q38076,McDonald's,P1056,product or material produced,Q38076-9751b648-4651-6fe8-6859-2a8998269da4,Q506796,Big Mac,P18,image,http://commons.wikimedia.org/wiki/Special:FilePath/Big%20Mac%20hamburger.jpg
Q38076,McDonald's,P1056,product or material produced,Q38076-a6a38a60-4451-3343-b032-429c075403f4,Q2705946,Filet-O-Fish,P18,image,http://commons.wikimedia.org/wiki/Special:FilePath/Filet-O-Fish%20transparent.png
Q38076,McDonald's,P1056,product or material produced,Q38076-a754f347-45f0-047a-3206-f8e0ae1208af,Q135888,Chicken McNuggets,P18,image,http://commons.wikimedia.org/wiki/Special:FilePath/Chicken%20McNuggets.jpg
Q38076,McDonald's,P1056,product or material produced,Q38076-01b56bde-4c33-5bc4-0655-e314d048b8b7,Q120507444,Q120507444,,,
Q38076,McDonald's,P1056,product or material produced,Q38076-01cbd3bf-4514-dba3-f9a2-1a197f2db42d,Q6663,hamburger,,,
Q38076,McDonald's,P1056,product or material produced,Q38076-097810d1-4d2c-d2d8-40d4-4a48db78ea47,Q147538,soft drink,,,
Q38076,McDonald's,P1056,product or material produced,Q38076-164f7764-4e85-1f3a-9c9f-dd9d2e40e24f,Q2743612,Big N' Tasty,,,
Q38076,McDonald's,P1056,product or material produced,Q38076-1cff1d1b-4c40-ade3-10dd-8bea455c2eac,Q120507433,Q120507433,,,
Q38076,McDonald's,P1056,product or material produced,Q38076-207d8da0-470a-3a9b-58f6-b6e62b230673,Q104663782,Sausage McMuffin with Egg,,,
Q38076,McDonald's,P1056,product or material produced,Q38076-2e3c2466-449e-f6e1-43a7-441df6f2f26a,Q81799,fast food,,,
Q38076,McDonald's,P1056,product or material produced,Q38076-3695442d-43af-e654-5941-b3df951286a7,Q120508113,Q120508113,,,
Q38076,McDonald's,P1056,product or material produced,Q38076-464205fa-43f3-61f7-e40c-b7bf5ecb7204,Q152088,fries,,,
Q38076,McDonald's,P1056,product or material produced,Q38076-593abccd-45ee-5e98-dbe4-05481885d92a,Q120333038,McFiesta,,,
Q38076,McDonald's,P1056,product or material produced,Q38076-6a21da7b-4009-c0a0-df85-12017465b6e8,Q2461000,apple turnover,,,
Q38076,McDonald's,P1056,product or material produced,Q38076-7334ec47-4d91-ed5a-5d3b-30018fbf5c0d,Q667478,cheeseburger,,,
Q38076,McDonald's,P1056,product or material produced,Q38076-8db856be-43c7-1c47-bcc8-77dfd8cede66,Q55719555,McWings,,,
Q38076,McDonald's,P1056,product or material produced,Q38076-9b535ca2-4d69-090e-cbf7-b64a7d2c9b88,Q120507431,Q120507431,,,
Q38076,McDonald's,P1056,product or material produced,Q38076-9d9e20fd-4b01-e821-cd54-2e52a8112866,Q120508111,Q120508111,,,
Q38076,McDonald's,P1056,product or material produced,Q38076-b62b70c3-40f6-7c01-5c07-67b58962f28d,Q120507438,McNifico Bacon,,,
Q38076,McDonald's,P1056,product or material produced,Q38076-be824100-4e50-b344-501d-ed6eb3845024,Q112654653,McWrap,,,
Q38076,McDonald's,P1056,product or material produced,Q38076-bf8fccfd-413e-3645-e458-1f6e4bcc22ef,Q12742743,Grilled Chicken Burger,,,
Q38076,McDonald's,P1056,product or material produced,Q38076-c5bc99f4-45d1-d504-b7d5-78f53a9536a4,Q120507446,Q120507446,,,
Q38076,McDonald's,P1056,product or material produced,Q38076-caad3932-495e-ba1e-51b3-c3e0e0ecb8d9,Q906754,McFlurry,,,
Q38076,McDonald's,P1056,product or material produced,Q38076-ce5e303e-47d8-b95e-d155-ce6823145aaf,Q607754,chicken burger,,,
Q38076,McDonald's,P1056,product or material produced,Q38076-da1e88ce-4c00-2c6d-c532-5af5e0dd8b1c,Q120333167,McMelt Cheddar,,,
Q38076,McDonald's,P1056,product or material produced,Q38076-da30276f-4b74-ac12-8462-cc198898a74a,Q120507440,Q120507440,,,
Q38076,McDonald's,P1056,product or material produced,Q38076-da337459-4e96-b7c3-7293-ac41f6443cde,Q6540634,cherry tomato,,,
Q38076,McDonald's,P1056,product or material produced,Q38076-ecfeb7fc-41e3-444f-12be-4284652949c0,Q2725639,McChicken,,,
Q38076,McDonald's,P1056,product or material produced,Q38076-f266eb7f-4b1e-457d-6d02-95824dcda08d,Q120508112,Q120508112,,,
Q38076,McDonald's,P127,owned by,Q38076-08d15945-4ff1-a2c2-f62f-1f4e6ec4078f,Q219635,BlackRock,P585,point in time,2024-06-30T00:00:00Z
Q38076,McDonald's,P127,owned by,Q38076-08d15945-4ff1-a2c2-f62f-1f4e6ec4078f,Q219635,BlackRock,P1107,proportion,0.07
Q38076,McDonald's,P127,owned by,Q38076-5cc994cc-4aa6-9bf4-242d-7c9019913046,Q2037125,State Street Corporation,P585,point in time,2024-06-30T00:00:00Z
Q38076,McDonald's,P127,owned by,Q38076-5cc994cc-4aa6-9bf4-242d-7c9019913046,Q2037125,State Street Corporation,P1107,proportion,0.0483
Q38076,McDonald's,P127,owned by,Q38076-6d74c8c4-478b-3b1a-9129-d788a82b1e68,Q849363,The Vanguard Group,P585,point in time,2024-06-30T00:00:00Z
Q38076,McDonald's,P127,owned by,Q38076-6d74c8c4-478b-3b1a-9129-d788a82b1e68,Q849363,The Vanguard Group,P1107,proportion,0.0969
Q38076,McDonald's,P169,chief executive officer,Q38076-1470fef1-4d53-edb5-51b9-a4b3349df856,Q16105931,Jack M. Greenberg,P580,start time,1998-01-01T00:00:00Z
Q38076,McDonald's,P169,chief executive officer,Q38076-1470fef1-4d53-edb5-51b9-a4b3349df856,Q16105931,Jack M. Greenberg,P582,end time,2002-01-01T00:00:00Z
Q38076,McDonald's,P169,chief executive officer,Q38076-2e5f8972-4a80-76af-1c12-b011e7b66995,Q2791020,Fred L. Turner,P580,start time,1974-01-01T00:00:00Z
Q38076,McDonald's,P169,chief executive officer,Q38076-2e5f8972-4a80-76af-1c12-b011e7b66995,Q2791020,Fred L. Turner,P582,end time,1987-01-01T00:00:00Z
Q38076,McDonald's,P169,chief executive officer,Q38076-31340f65-43ea-0c57-99d5-c85698cc59fa,Q321864,Charlie Bell,P580,start time,2004-04-01T00:00:00Z
Q38076,McDonald's,P169,chief executive officer,Q38076-31340f65-43ea-0c57-99d5-c85698cc59fa,Q321864,Charlie Bell,P582,end time,2004-11-01T00:00:00Z
Q38076,McDonald's,P169,chief executive officer,Q38076-7045c79b-4f90-fae7-2abd-ef907d2c9533,Q1239543,Don Thompson,P580,start time,2012-07-01T00:00:00Z
Q38076,McDonald's,P169,chief executive officer,Q38076-7045c79b-4f90-fae7-2abd-ef907d2c9533,Q1239543,Don Thompson,P582,end time,2015-01-28T00:00:00Z
Q38076,McDonald's,P169,chief executive officer,Q38076-7d809e65-44ee-3b99-0157-6f6bdb119ef0,Q319648,Ray Kroc,P580,start time,1955-01-01T00:00:00Z
Q38076,McDonald's,P169,chief executive officer,Q38076-7d809e65-44ee-3b99-0157-6f6bdb119ef0,Q319648,Ray Kroc,P582,end time,1972-01-01T00:00:00Z
Q38076,McDonald's,P169,chief executive officer,Q38076-9345daab-4499-3b35-c800-9f962723e1c1,Q323485,Jim Cantalupo,P580,start time,2002-01-01T00:00:00Z
Q38076,McDonald's,P169,chief executive officer,Q38076-9345daab-4499-3b35-c800-9f962723e1c1,Q323485,Jim Cantalupo,P582,end time,2004-01-01T00:00:00Z
Q38076,McDonald's,P169,chief executive officer,Q38076-d4f4e9e8-4c79-6294-8ecf-3fc6760223d8,Q1355678,Jim Skinner,P580,start time,2004-01-01T00:00:00Z
Q38076,McDonald's,P169,chief executive officer,Q38076-d4f4e9e8-4c79-6294-8ecf-3fc6760223d8,Q1355678,Jim Skinner,P582,end time,2012-01-01T00:00:00Z
Q38076,McDonald's,P169,chief executive officer,Q38076-d7af35b3-4afe-b3d4-46fe-edb01d16417e,Q6833720,Michael R. Quinlan,P580,start time,1987-01-01T00:00:00Z
Q38076,McDonald's,P169,chief executive officer,Q38076-d7af35b3-4afe-b3d4-46fe-edb01d16417e,Q6833720,Michael R. Quinlan,P582,end time,1998-01-01T00:00:00Z
Q38076,McDonald's,P169,chief executive officer,Q38076-ed372fc7-4723-9278-6100-aca05da150de,Q73426541,Chris Kempczinski,P580,start time,2019-11-01T00:00:00Z
Q38076,McDonald's,P169,chief executive officer,Q38076-fa2651fa-42e5-f175-f40a-ebc60a5f96fe,Q18921689,Steve Easterbrook,P580,start time,2015-03-01T00:00:00Z
Q38076,McDonald's,P169,chief executive officer,Q38076-fa2651fa-42e5-f175-f40a-ebc60a5f96fe,Q18921689,Steve Easterbrook,P582,end time,2019-11-03T00:00:00Z
Q38076,McDonald's,P1830,owner of,Q38076-11321D4D-7112-4144-A6FE-65D6CC1BDCC4,Q48730832,600 @ Toa Payoh,,,
Q38076,McDonald's,P1830,owner of,Q38076-3AE77FDC-0EEE-4D4F-BC67-BA61120563EB,Q1000206,Hamburger University,,,
Q38076,McDonald's,P1830,owner of,Q38076-C2F2FFA2-E7CD-45CA-9D28-9DFDD2BBBBAE,Q7487668,Shamrock Shake,,,
Q38076,McDonald's,P355,child organization or unit,Q38076-0615eebb-4f0f-7acb-9ede-37c99bb980f1,Q12061541,McDonald's Canada,,,
Q38076,McDonald's,P355,child organization or unit,Q38076-a28c20c4-4275-2a3b-7645-fa378b70397c,Q60766811,McDonald's France,,,
Q38076,McDonald's,P355,child organization or unit,Q38076-e3cf01df-47c4-51f7-27da-84a5ce18f337,Q60775813,McDonald's Philippines,,,
Q38076,McDonald's,P361,part of,Q38076-2D55AA99-4678-4B58-B73D-30C8963FA1C1,Q180816,Dow Jones Industrial Average,,,
Q38076,McDonald's,P361,part of,Q38076-386fe5ab-4e60-9b0b-ad08-b4b5d72801bb,Q1546793,S&P 100,,,
Q38076,McDonald's,P361,part of,Q38076-61106685-4A57-40F1-8AFA-0C95611A64B2,Q242345,S&P 500,,,
Q38076,McDonald's,P452,industry,Q38076-04554390-44ac-ca7e-3c4f-0192aa399981,Q1442415,quick service restaurant sector,,,
Q38076,McDonald's,P452,industry,Q38076-BFAD80B6-C6AB-411B-99EC-4A7E96C8B2BC,Q100252087,accommodation and food service activities,,,
Q38076,McDonald's,P452,industry,Q38076-D16CC671-4C89-4B5A-A9D2-2DEF5D58FA43,Q107601756,food and tobacco industry,,,
Q38076,McDonald's,P452,industry,Q38076-ec5e042a-4c8a-96a1-3df4-4a6ee5eb8262,Q41958,food service,,,
Q589288,The Bank of New York Mellon,P169,chief executive officer,Q589288-839A4714-2AF4-4E59-AD3C-18835E8AB89E,Q18386868,Charlie Scharf,,,
Q589288,The Bank of New York Mellon,P1830,owner of,Q589288-5854004A-59D4-49B0-AB1B-646CA00951DF,Q2740919,BNY Mellon Center,,,
Q589288,The Bank of New York Mellon,P1830,owner of,Q589288-8D198FE8-761C-480E-8899-A13A5D6F8215,Q4640167,525 William Penn Place,,,
Q589288,The Bank of New York Mellon,P355,child organization or unit,Q589288-90C3029A-02D3-4DA6-8F54-A6E61E59DF80,Q5307363,Dreyfus Corporation,,,
Q589288,The Bank of New York Mellon,P355,child organization or unit,Q589288-a3533eaf-4ca6-3bef-b669-cfab6dfe1814,Q7170167,Pershing LLC,,,
Q589288,The Bank of New York Mellon,P361,part of,Q589288-E3864606-C4C0-4351-B8FA-E6901DDCD27D,Q242345,S&P 500,P580,start time,1995-03-31T00:00:00Z
Q589288,The Bank of New York Mellon,P361,part of,Q589288-25DB90AD-9915-4FBD-A2E5-B63F70887109,Q1546793,S&P 100,,,
Q589288,The Bank of New York Mellon,P452,industry,Q589288-276ebb2f-4346-e297-357f-b97601ede775,Q806718,economics of banking,,,
